#include <stdint.h>

/*
 * Raw ROM bytes, preserved exactly as in the original image.
 * Comments annotate known strings and high-level data sections.
 */

// Split into 16 KiB chunks to satisfy IA16 compiler object size limits.
// ia16-elf-gcc emits section objects in reverse order; declare chunks in reverse
// so the .rom section is in ascending ROM order after compilation.

/* 0x4000-0x7FFF */
__attribute__((section (".rom"), used, aligned (1)))
     const uint8_t system_bios_4000[] = {
       /* 0x4000: system BIOS upper 16 KiB (maps to 0xFC000) */
       0xe9, 0xc6, 0x00, 0x28, 0x43, 0x29, 0x20, 0x43, 0x6f, 0x70, 0x79, 0x72,
       0x69, 0x67, 0x68, 0x74, 0x20, 0x31, 0x39, 0x38, 0x38, 0x20, 0x41, 0x6d,
       0x73, 0x74, 0x72, 0x61, 0x64, 0x20, 0x70, 0x6c, 0x63, 0x28, 0x28, 0x43,
       0x43, 0x29, 0x29, 0x20, 0x20, 0x43, 0x43, 0x6f, 0x6f, 0x70, 0x70, 0x79,
       0x79, 0x72, 0x72, 0x69, 0x69, 0x67, 0x67, 0x68, 0x68, 0x74, 0x74, 0x20,
       0x20, 0x31, 0x31, 0x39, 0x39, 0x38, 0x38, 0x38, 0x38, 0x20, 0x20, 0x41,
       0x41, 0x6d, 0x6d, 0x73, 0x73, 0x74, 0x74, 0x72, 0x72, 0x61, 0x61, 0x64,
       0x64, 0x20, 0x20, 0x70, 0x70, 0x6c, 0x6c, 0x63, 0x63, 0x60, 0x32, 0xe4,
       0x8b, 0xd8, 0x8b, 0xea, 0xb8, 0x00, 0xb8, 0x8e, 0xd8, 0xc6, 0x07, 0x2e,
       0xb4, 0xb0, 0x8e, 0xd8, 0xc6, 0x07, 0x2e, 0xd1, 0xcb, 0x43, 0xb9, 0x7e,
       0x00, 0xba, 0xd4, 0x03, 0xeb, 0x05, 0x8b, 0xcf, 0xba, 0xb4, 0x03, 0xb0,
       0x0f, 0xee, 0x8a, 0xc3, 0x42, 0xee, 0x8b, 0xd5, 0xff, 0xe1, 0xb9, 0x04,
       0x10, 0xba, 0xc2, 0x03, 0x33, 0xc0, 0x80, 0xed, 0x04, 0x8a, 0xc5, 0xee,
       0x8a, 0x07, 0xec, 0xf6, 0xd0, 0x24, 0x10, 0xd2, 0xe8, 0x0a, 0xe0, 0xfe,
       0xc9, 0x75, 0xeb, 0x80, 0xfc, 0x0a, 0x72, 0x03, 0x80, 0xec, 0x06, 0x8b,
       0xde, 0xbe, 0xd7, 0x2f, 0x80, 0xfc, 0x05, 0x76, 0x03, 0xbe, 0x73, 0x3f,
       0xfc, 0x8c, 0xc8, 0x8e, 0xd0, 0xbc, 0x59, 0x3f, 0xc3, 0xfa, 0x33, 0xc0,
       0xe6, 0xa0, 0xba, 0xf2, 0x03, 0xee, 0x8e, 0xd8, 0x81, 0x3e, 0x72, 0x04,
       0x34, 0x12, 0x75, 0x08, 0xff, 0x06, 0x72, 0x04, 0xe6, 0x66, 0xeb, 0xfe,
       0x7c, 0x04, 0xff, 0x0e, 0x72, 0x04, 0xba, 0xfc, 0x03, 0xb0, 0x10, 0xee,
       0xb0, 0x0d, 0xbb, 0xf8, 0x00, 0xe9, 0x89, 0x0b, 0x75, 0x0c, 0x02, 0xc0,
       0x72, 0x28, 0x81, 0x3e, 0x72, 0x04, 0x34, 0x12, 0x74, 0x20, 0xb8, 0x0b,
       0x82, 0xef, 0xb9, 0x40, 0x00, 0xbb, 0x05, 0x02, 0x33, 0xc0, 0x2e, 0x8a,
       0x27, 0x80, 0xfc, 0xfe, 0x74, 0x01, 0xef, 0xfe, 0xc0, 0x81, 0xfb, 0x2e,
       0x02, 0x74, 0x01, 0x43, 0xe2, 0xec, 0xb0, 0x23, 0xbb, 0x2e, 0x01, 0xe9,
       0x53, 0x0b, 0x8a, 0xe0, 0xb7, 0x00, 0x74, 0x02, 0xb7, 0xff, 0xba, 0xda,
       0x03, 0xec, 0xb2, 0x7a, 0xec, 0xa8, 0x20, 0x75, 0x4e, 0xec, 0x24, 0xc0,
       0xb1, 0x02, 0xd2, 0xc0, 0x8a, 0xd8, 0xfe, 0xce, 0xec, 0xfe, 0xc6, 0xec,
       0x24, 0x20, 0xd2, 0xc8, 0xd0, 0xc8, 0x0a, 0xd8, 0xb6, 0x42, 0xec, 0xb6,
       0x03, 0xec, 0x24, 0x20, 0xd2, 0xc8, 0x0a, 0xd8, 0x80, 0xe4, 0xc0, 0x0a,
       0xe3, 0x24, 0x08, 0x74, 0x07, 0xec, 0x24, 0xc0, 0xd2, 0xc8, 0x0a, 0xe0,
       0xb0, 0x23, 0xba, 0x70, 0x00, 0xef, 0xb8, 0x28, 0x01, 0xef, 0x0a, 0xff,
       0x75, 0x0b, 0xbb, 0x88, 0x01, 0xe9, 0x01, 0x0b, 0x8a, 0xe1, 0xb0, 0x14,
       0xef, 0x2a, 0xc0, 0x8a, 0xe0, 0xba, 0x79, 0x03, 0xec, 0x24, 0x07, 0x75,
       0x2f, 0x0a, 0xe4, 0x75, 0x12, 0xb8, 0x00, 0xe0, 0x8e, 0xd8, 0x81, 0x3e,
       0x00, 0x00, 0x55, 0xaa, 0x75, 0x05, 0xea, 0x03, 0x00, 0x00, 0xe0, 0xb8,
       0x00, 0xc0, 0x8e, 0xd8, 0x81, 0x3e, 0x00, 0x00, 0x55, 0xaa, 0x75, 0x25,
       0x80, 0x3e, 0x02, 0x00, 0x20, 0x74, 0x1e, 0xea, 0x03, 0x00, 0x00, 0xc0,
       0x33, 0xdb, 0xb9, 0x00, 0x40, 0x33, 0xc0, 0x2e, 0x02, 0x07, 0x43, 0xe2,
       0xfa, 0x0a, 0xc0, 0x75, 0x03, 0xeb, 0x54, 0x90, 0xb0, 0x0d, 0xe9, 0xe0,
       0x15, 0xbb, 0x49, 0x0b, 0x2e, 0x8a, 0x0f, 0x32, 0xed, 0xe3, 0x0f, 0x43,
       0x2e, 0x8b, 0x17, 0x43, 0x43, 0x2e, 0x8a, 0x07, 0xee, 0x43, 0xe2, 0xf9,
       0xeb, 0xea, 0x32, 0xc0, 0xe6, 0x83, 0xe6, 0x81, 0xe6, 0x82, 0xe9, 0x15,
       0x04, 0x00, 0x00, 0x00, 0x00, 0x00, 0x00, 0x01, 0x01, 0x01, 0x80, 0x20,
       0x02, 0xfe, 0xfe, 0x00, 0x00, 0x01, 0x01, 0x01, 0x78, 0x00, 0x0d, 0x1c,
       0x07, 0x22, 0xff, 0xff, 0xff, 0xff, 0x0d, 0x1c, 0x1b, 0x01, 0x0a, 0x0a,
       0x20, 0x07, 0x00, 0xe3, 0xe3, 0x00, 0x00, 0xb0, 0x28, 0xbb, 0x37, 0x02,
       0xe9, 0x4a, 0x0a, 0x0a, 0xc0, 0x74, 0x03, 0xe9, 0xe0, 0x00, 0xba, 0xd8,
       0x03, 0xb0, 0x12, 0xee, 0xb8, 0x00, 0xb8, 0x8e, 0xc0, 0x8e, 0xd8, 0x33,
       0xff, 0xba, 0xdd, 0x03, 0xb8, 0x01, 0x00, 0xef, 0x33, 0xc9, 0x89, 0x0d,
       0x3b, 0x0d, 0x75, 0x13, 0xf7, 0xd1, 0x89, 0x0d, 0x3b, 0x0d, 0x75, 0x0b,
       0xf7, 0xd1, 0x83, 0xf9, 0x01, 0x13, 0xc9, 0x73, 0xe9, 0xeb, 0x05, 0xb0,
       0x02, 0xe9, 0x4d, 0x15, 0xbe, 0xff, 0x00, 0x33, 0xc0, 0x8e, 0xd8, 0x81,
       0x3e, 0x72, 0x04, 0x34, 0x12, 0x74, 0x5f, 0x8c, 0xc0, 0x8e, 0xd8, 0xfc,
       0xb0, 0x0f, 0xee, 0x33, 0xff, 0xb9, 0x00, 0x20, 0x8b, 0xc6, 0x8a, 0xe0,
       0xf3, 0xab, 0xb9, 0x00, 0x40, 0x33, 0xff, 0xbb, 0x08, 0x04, 0x8b, 0xc3,
       0xfe, 0xcc, 0xef, 0x8b, 0xc6, 0x32, 0x05, 0x88, 0x25, 0x32, 0x25, 0x0b,
       0xc0, 0x75, 0xc0, 0xd0, 0xcb, 0xfe, 0xcf, 0x75, 0xe9, 0x47, 0xe2, 0xe3,
       0xf7, 0xd6, 0xfd, 0x8b, 0xcf, 0x4f, 0xbb, 0x01, 0x00, 0x8b, 0xc3, 0xef,
       0x8b, 0xc6, 0x32, 0x05, 0x88, 0x25, 0x32, 0x25, 0x0b, 0xc0, 0x75, 0x9f,
       0xd0, 0xc3, 0xfe, 0xc7, 0x80, 0xff, 0x04, 0x75, 0xe8, 0x4f, 0xe2, 0xe2,
       0xf7, 0xc6, 0xff, 0x00, 0x74, 0xa5, 0xba, 0xda, 0x03, 0x33, 0xc9, 0xec,
       0x8a, 0xe0, 0xec, 0x32, 0xc4, 0x24, 0x01, 0x75, 0x04, 0xe2, 0xf7, 0xeb,
       0x4b, 0x32, 0xdb, 0x33, 0xc9, 0xbe, 0xfe, 0x02, 0xeb, 0x25, 0xb3, 0x08,
       0xb9, 0x60, 0x0c, 0xbe, 0x08, 0x03, 0xeb, 0x1b, 0x81, 0xf9, 0x1c, 0x0b,
       0x77, 0x32, 0x32, 0xdb, 0xb9, 0x00, 0x04, 0xbe, 0x18, 0x03, 0xeb, 0x0b,
       0x81, 0xf9, 0x96, 0x03, 0x77, 0x22, 0xb0, 0x0f, 0xe9, 0x9e, 0x14, 0xec,
       0x24, 0x08, 0x8a, 0xf8, 0xec, 0x24, 0x08, 0x32, 0xf8, 0x8a, 0xf8, 0xf9,
       0x74, 0x0c, 0x32, 0xc3, 0x75, 0x08, 0x33, 0xc0, 0x8e, 0xd8, 0x89, 0x0f,
       0xff, 0xe6, 0xe2, 0xe8, 0xb0, 0x09, 0xe9, 0x7c, 0x14, 0xb0, 0xa0, 0xbf,
       0x4d, 0x03, 0xe9, 0x11, 0xfd, 0xba, 0x08, 0x00, 0xb0, 0x04, 0xee, 0xb9,
       0x08, 0x00, 0xba, 0x00, 0x00, 0xbe, 0x5e, 0x03, 0xeb, 0x13, 0x42, 0xe2,
       0xf8, 0xb9, 0x08, 0x00, 0xba, 0x07, 0x00, 0xbe, 0x6c, 0x03, 0xeb, 0x05,
       0x4a, 0xe2, 0xf8, 0xeb, 0x1c, 0xe6, 0x0c, 0x8a, 0xc2, 0x90, 0xee, 0x90,
       0x90, 0xee, 0x90, 0x90, 0xec, 0x3a, 0xc2, 0x75, 0x07, 0xec, 0x3a, 0xc2,
       0x75, 0x02, 0xff, 0xe6, 0xb0, 0x04, 0xe9, 0x34, 0x14, 0xb0, 0xa2, 0xbf,
       0x95, 0x03, 0xe9, 0xc9, 0xfc, 0x33, 0xc0, 0x8e, 0xd8, 0x32, 0xc0, 0xe6,
       0x61, 0xba, 0x43, 0x00, 0xb0, 0xb0, 0xf8, 0xee, 0x33, 0xdb, 0xba, 0x42,
       0x00, 0x8a, 0xc3, 0xee, 0xeb, 0x00, 0xee, 0x8b, 0x36, 0x00, 0x04, 0xec,
       0x3a, 0xc3, 0x75, 0x3e, 0x90, 0xec, 0x3a, 0xc3, 0x75, 0x38, 0xf7, 0xd3,
       0x0b, 0xdb, 0x75, 0xe2, 0xb0, 0x78, 0xe6, 0x43, 0xba, 0x41, 0x00, 0xb0,
       0x7c, 0xf8, 0xee, 0xb0, 0x2e, 0x90, 0x90, 0xee, 0xb9, 0xa0, 0x05, 0x90,
       0x90, 0x90, 0xb0, 0x48, 0xe6, 0x43, 0xeb, 0x00, 0xec, 0xeb, 0x00, 0xec,
       0x3c, 0x2e, 0x77, 0x04, 0xe2, 0xf0, 0xeb, 0x0a, 0x81, 0xf9, 0x10, 0x05,
       0x77, 0x04, 0x89, 0x0f, 0xeb, 0x0b, 0x89, 0x0f, 0xb0, 0x06, 0xe9, 0xc4,
       0x13, 0x0f, 0x1d, 0x2d, 0x4d, 0xb0, 0xa4, 0xbf, 0x09, 0x04, 0xe9, 0x55,
       0xfc, 0xb0, 0xb0, 0xe6, 0x61, 0xbb, 0xfd, 0x03, 0xb9, 0x04, 0x00, 0xba,
       0x60, 0x00, 0x2e, 0x8a, 0x07, 0xe6, 0x64, 0xec, 0x2e, 0x3a, 0x07, 0x75,
       0x5f, 0xf6, 0xd0, 0xe6, 0x64, 0xec, 0xf6, 0xd0, 0x34, 0x8d, 0x2e, 0x3a,
       0x07, 0x75, 0x51, 0x43, 0xe2, 0xe4, 0xb9, 0x04, 0x00, 0x42, 0x8a, 0xc5,
       0xbf, 0x3e, 0x04, 0xeb, 0x48, 0x90, 0x3a, 0xc5, 0x75, 0x3e, 0xf6, 0xd0,
       0xbf, 0x4a, 0x04, 0xeb, 0x3c, 0x90, 0x34, 0x1f, 0x3a, 0xc5, 0x75, 0x30,
       0xb5, 0x10, 0x0a, 0xc0, 0x74, 0xe0, 0xd0, 0xd8, 0x8a, 0xe8, 0x73, 0xda,
       0xb0, 0x31, 0xee, 0xb0, 0xb0, 0xe6, 0x43, 0xeb, 0x00, 0xe4, 0x62, 0x24,
       0x20, 0x75, 0x15, 0x40, 0xe6, 0x42, 0xeb, 0x00, 0xfe, 0xc8, 0xe6, 0x42,
       0xb9, 0x06, 0x00, 0x90, 0xe2, 0xfe, 0xe4, 0x62, 0x24, 0x20, 0x75, 0x1d,
       0xb0, 0x07, 0xe9, 0x3c, 0x13, 0xe6, 0x65, 0xb0, 0x30, 0xee, 0xe4, 0x62,
       0xd2, 0xd0, 0x24, 0x10, 0x8a, 0xe0, 0xb0, 0x34, 0xee, 0xe4, 0x62, 0x24,
       0x0f, 0x0a, 0xc4, 0xff, 0xe7, 0xb0, 0xa6, 0xbf, 0xa5, 0x04, 0xe9, 0xb9,
       0xfb, 0xba, 0x70, 0x00, 0xb3, 0x7f, 0xbe, 0xaf, 0x04, 0xeb, 0x55, 0xb0,
       0x00, 0xbd, 0xb7, 0x04, 0xeb, 0x7e, 0x90, 0x8e, 0xc0, 0xb3, 0x7f, 0xbe,
       0xc0, 0x04, 0xeb, 0x44, 0xb0, 0x00, 0xbd, 0xc7, 0x04, 0xeb, 0x6d, 0x8c,
       0xc1, 0x3a, 0xc1, 0x74, 0x6d, 0xbd, 0xd2, 0x04, 0xeb, 0x60, 0x8a, 0xc8,
       0x32, 0xed, 0x8a, 0xe5, 0xb0, 0x14, 0xef, 0xbd, 0xe0, 0x04, 0xeb, 0x52,
       0x3a, 0xc5, 0x75, 0x56, 0xf6, 0xd0, 0x8a, 0xe0, 0xb0, 0x14, 0xef, 0xbd,
       0xf0, 0x04, 0xeb, 0x42, 0xf6, 0xd0, 0x3a, 0xc5, 0x75, 0x44, 0x80, 0xfd,
       0x01, 0x12, 0xed, 0x73, 0xd9, 0x8a, 0xe1, 0xb0, 0x14, 0xef, 0xeb, 0x3b,
       0xb0, 0x0a, 0xbd, 0x0c, 0x05, 0xeb, 0x29, 0x90, 0x8a, 0xf8, 0xbf, 0x0a,
       0x00, 0x33, 0xc9, 0xb0, 0x0a, 0xbd, 0x1a, 0x05, 0xeb, 0x1a, 0x32, 0xf8,
       0x80, 0xe7, 0x80, 0x8a, 0xf8, 0x74, 0x06, 0x32, 0xc3, 0x24, 0x80, 0x74,
       0x07, 0xe2, 0xe8, 0x4f, 0x75, 0xe5, 0xeb, 0x0a, 0xff, 0xe6, 0xb0, 0x14,
       0xee, 0x42, 0xec, 0x4a, 0xff, 0xe5, 0xb0, 0x08, 0xe9, 0x82, 0x12, 0xba,
       0xfb, 0x03, 0xb0, 0x9b, 0xee, 0xeb, 0x00, 0xba, 0xf8, 0x03, 0xb0, 0x0c,
       0xee, 0xeb, 0x00, 0x42, 0x32, 0xc0, 0xee, 0xeb, 0x00, 0xba, 0xfb, 0x03,
       0xb0, 0x1b, 0xee, 0xeb, 0x00, 0xba, 0xf9, 0x03, 0xb0, 0x00, 0xee, 0xb9,
       0x62, 0x02, 0xe2, 0xfe, 0x42, 0x42, 0xec, 0xeb, 0x00, 0x90, 0xba, 0xf8,
       0x03, 0xec, 0xb3, 0x41, 0xbe, 0x79, 0x05, 0xeb, 0x05, 0xb3, 0x43, 0xbe,
       0xc2, 0x05, 0x33, 0xc9, 0xba, 0xfd, 0x03, 0xec, 0x24, 0x20, 0x75, 0x05,
       0xe2, 0xf6, 0xeb, 0x31, 0x90, 0xba, 0xf8, 0x03, 0x8a, 0xc3, 0xee, 0xba,
       0xfd, 0x03, 0xb4, 0x04, 0x33, 0xc9, 0xeb, 0x00, 0xec, 0x24, 0x01, 0x75,
       0x08, 0xe2, 0xf9, 0xfe, 0xcc, 0x75, 0xf5, 0xeb, 0x14, 0xba, 0xf8, 0x03,
       0xec, 0x3a, 0xc3, 0x75, 0x0c, 0xeb, 0x00, 0xba, 0xfd, 0x03, 0xec, 0x24,
       0x0e, 0x75, 0x02, 0xff, 0xe6, 0xb0, 0x0b, 0xe9, 0xff, 0x11, 0xb0, 0xa8,
       0xbf, 0xca, 0x05, 0xe9, 0x94, 0xfa, 0xba, 0x7a, 0x03, 0x32, 0xc0, 0xee,
       0xba, 0x78, 0x03, 0x32, 0xed, 0x8a, 0xc5, 0xee, 0x8b, 0x3e, 0x00, 0x04,
       0xec, 0x3a, 0xc5, 0x75, 0x17, 0xf6, 0xd0, 0xee, 0x8b, 0x3e, 0x00, 0x04,
       0xec, 0xf6, 0xd0, 0x3a, 0xc5, 0x75, 0x09, 0x80, 0xfd, 0x01, 0x12, 0xed,
       0x73, 0xdf, 0xeb, 0x05, 0xb0, 0x0a, 0xe9, 0xc4, 0x11, 0xba, 0x78, 0x00,
       0x32, 0xc0, 0xee, 0xec, 0x0a, 0xc0, 0x75, 0x0d, 0x42, 0x42, 0x32, 0xc0,
       0xee, 0xec, 0x0a, 0xc0, 0x75, 0x03, 0xe9, 0xcc, 0xfb, 0xb0, 0x0c, 0xe9,
       0xa7, 0x11, 0xba, 0x79, 0x03, 0xec, 0x33, 0xf6, 0xb2, 0x10, 0x24, 0x07,
       0x74, 0x72, 0xb0, 0xaa, 0xbf, 0x2e, 0x06, 0xe9, 0x30, 0xfa, 0x33, 0xdb,
       0xb9, 0x04, 0x00, 0xb8, 0x00, 0x80, 0x8e, 0xd8, 0x89, 0x07, 0x05, 0x00,
       0x08, 0xe2, 0xf7, 0xb8, 0x00, 0x80, 0xb9, 0x04, 0x00, 0x8e, 0xd8, 0x39,
       0x07, 0x75, 0x05, 0x05, 0x00, 0x08, 0xe2, 0xf5, 0xb1, 0x03, 0xd2, 0xcc,
       0x8a, 0xd4, 0x33, 0xc0, 0x8e, 0xd8, 0x8a, 0xf2, 0x8b, 0xc8, 0x89, 0x0f,
       0x39, 0x0f, 0x75, 0x1e, 0x8b, 0xc1, 0xf7, 0xd0, 0x89, 0x07, 0x39, 0x07,
       0x75, 0x14, 0x83, 0xf9, 0x01, 0x13, 0xc9, 0x73, 0xe9, 0x8c, 0xd8, 0x05,
       0x00, 0x08, 0x8e, 0xd8, 0xfe, 0xce, 0x75, 0xde, 0xeb, 0x05, 0xb0, 0x01,
       0xe9, 0x3a, 0x11, 0x33, 0xc0, 0x8e, 0xd8, 0x8b, 0x2e, 0x72, 0x04, 0x33,
       0xf6, 0x81, 0xfd, 0x34, 0x12, 0x74, 0x01, 0x4e, 0x8a, 0xf2, 0x33, 0xc0,
       0x8e, 0xc0, 0x8e, 0xd8, 0xfc, 0xb9, 0x00, 0x40, 0x33, 0xff, 0x8b, 0xc6,
       0xf3, 0xab, 0x8c, 0xc0, 0x05, 0x00, 0x08, 0x8e, 0xc0, 0xfe, 0xce, 0x75,
       0xec, 0x8a, 0xe2, 0xba, 0x79, 0x03, 0xec, 0x8a, 0xd4, 0x24, 0x07, 0x74,
       0x0a, 0x81, 0xfd, 0x34, 0x12, 0x87, 0x2e, 0x72, 0x04, 0x75, 0x03, 0xe9,
       0x80, 0x00, 0x87, 0x2e, 0x72, 0x04, 0x8a, 0xf2, 0x8b, 0xfe, 0xf7, 0xd7,
       0x33, 0xc0, 0x8e, 0xd0, 0xb9, 0x00, 0x20, 0x33, 0xe4, 0x90, 0x5d, 0x33,
       0xee, 0x57, 0x58, 0x33, 0xc7, 0x0b, 0xe8, 0x58, 0x33, 0xc6, 0x0b, 0xe8,
       0x57, 0x58, 0x33, 0xc7, 0x0b, 0xc5, 0xe1, 0xea, 0x0b, 0xc9, 0x75, 0x86,
       0x8c, 0xd0, 0x05, 0x00, 0x08, 0xfe, 0xce, 0x75, 0xd5, 0x87, 0xf7, 0x8a,
       0xf2, 0x2d, 0x00, 0x08, 0xbb, 0x04, 0x00, 0x8e, 0xd0, 0xbc, 0x02, 0x80,
       0xb9, 0x00, 0x20, 0x90, 0x2b, 0xe3, 0x5d, 0x33, 0xee, 0x57, 0x58, 0x33,
       0xc7, 0x0b, 0xe8, 0x2b, 0xe3, 0x58, 0x33, 0xc6, 0x0b, 0xe8, 0x57, 0x58,
       0x33, 0xc7, 0x0b, 0xc5, 0xe1, 0xe6, 0x0b, 0xc9, 0x75, 0xc4, 0x8c, 0xd0,
       0x2d, 0x00, 0x08, 0xfe, 0xce, 0x75, 0xd0, 0x0b, 0xf6, 0x75, 0x0b, 0xb0,
       0xac, 0xbf, 0x4b, 0x07, 0xe9, 0x13, 0xf9, 0xe9, 0x4a, 0xff, 0xb8, 0x30,
       0x00, 0x8e, 0xd0, 0xbc, 0x00, 0x01, 0x33, 0xc0, 0x8e, 0xc0, 0x8e, 0xd8,
       0x33, 0xc9, 0xe8, 0x3d, 0x00, 0xe8, 0x3a, 0x00, 0x80, 0xfd, 0x01, 0x12,
       0xed, 0x73, 0xf3, 0xfe, 0xc5, 0x33, 0xff, 0xfc, 0xb8, 0x92, 0x07, 0xab,
       0x8c, 0xc8, 0xab, 0xe2, 0xf7, 0xc7, 0x06, 0x20, 0x00, 0x97, 0x07, 0x33,
       0xdb, 0xb0, 0xfe, 0xe6, 0x21, 0xfb, 0xe2, 0xfe, 0xfa, 0xb0, 0xff, 0xe6,
       0x21, 0x80, 0xfb, 0x3b, 0x74, 0x1d, 0xb0, 0x03, 0xe9, 0x2a, 0x10, 0xb3,
       0x3b, 0xb0, 0x60, 0xe6, 0x20, 0xcf, 0x8a, 0xc5, 0xe6, 0x21, 0x8b, 0x1e,
       0x00, 0x04, 0xe4, 0x21, 0x3a, 0xc5, 0x75, 0xe6, 0xf6, 0xd5, 0xc3, 0x8a,
       0xc2, 0x48, 0x48, 0xe6, 0x65, 0xb1, 0x05, 0x98, 0xd3, 0xe0, 0xa3, 0x15,
       0x04, 0x05, 0x40, 0x00, 0xa3, 0x13, 0x04, 0xe8, 0xfe, 0x00, 0xe8, 0x13,
       0x01, 0xbe, 0xf3, 0x3e, 0xbf, 0x00, 0x00, 0x1e, 0x8c, 0xc8, 0x8e, 0xd8,
       0xb9, 0x1f, 0x00, 0xa5, 0xab, 0xe2, 0xfc, 0x33, 0xc0, 0xb9, 0xc2, 0x01,
       0xf3, 0xab, 0x1f, 0x32, 0xdb, 0xc7, 0x06, 0x60, 0x04, 0xff, 0xff, 0x9b,
       0xdb, 0xe3, 0x9b, 0xdd, 0x3e, 0x60, 0x04, 0x9b, 0xff, 0x06, 0x60, 0x04,
       0x74, 0x02, 0x43, 0x43, 0xb0, 0x23, 0xe8, 0x75, 0x04, 0x8a, 0xf8, 0x24,
       0x30, 0x74, 0x0a, 0xb8, 0x03, 0x00, 0xcd, 0x10, 0xb8, 0x07, 0x00, 0xcd,
       0x10, 0x8a, 0xc7, 0x24, 0x70, 0x0a, 0xc3, 0x0c, 0x0d, 0xe6, 0x64, 0xa2,
       0x10, 0x04, 0x24, 0x30, 0x74, 0x0e, 0x3c, 0x20, 0x77, 0x0a, 0xb0, 0x03,
       0x74, 0x02, 0x48, 0x48, 0xb4, 0x00, 0xcd, 0x10, 0xb0, 0xbc, 0xe6, 0x21,
       0xfb, 0xb0, 0x70, 0xe6, 0x61, 0xb0, 0x40, 0xe6, 0x61, 0xb0, 0x80, 0xe6,
       0xa0, 0xb4, 0x00, 0xcd, 0x13, 0x73, 0x0d, 0xba, 0x79, 0x03, 0xec, 0x24,
       0x07, 0x74, 0x4b, 0xb0, 0x05, 0xe9, 0x6d, 0x0f, 0x32, 0xd2, 0xb5, 0x0a,
       0xe8, 0x4b, 0x25, 0x72, 0xea, 0xb0, 0x23, 0xe8, 0x14, 0x04, 0x75, 0x06,
       0xa8, 0x40, 0x74, 0x32, 0x32, 0xc0, 0x9c, 0xb2, 0x01, 0xb5, 0x0a, 0xe8,
       0x34, 0x25, 0x73, 0x0a, 0x9d, 0x75, 0x23, 0x80, 0x26, 0x10, 0x04, 0xbf,
       0xeb, 0x17, 0x9d, 0x74, 0x19, 0xb0, 0x23, 0xe8, 0xf0, 0x03, 0x0c, 0x40,
       0x8a, 0xe0, 0xba, 0x70, 0x00, 0xb0, 0x23, 0xef, 0x80, 0x0e, 0x10, 0x04,
       0x40, 0xa0, 0x10, 0x04, 0xe6, 0x64, 0xe8, 0xae, 0x00, 0xe4, 0x21, 0x24,
       0xbc, 0xe6, 0x21, 0xe8, 0xbf, 0x1d, 0x33, 0xc9, 0x8e, 0xd9, 0x8e, 0xc1,
       0xb0, 0x0a, 0xe2, 0xfe, 0xfe, 0xc8, 0x75, 0xfa, 0xe8, 0xf2, 0x00, 0xe8,
       0x99, 0x01, 0xc7, 0x06, 0x72, 0x04, 0x34, 0x12, 0xcd, 0x19, 0xeb, 0xf6,
       0xfc, 0xb8, 0x1e, 0x00, 0xbf, 0x1a, 0x04, 0xab, 0xab, 0xbf, 0x80, 0x04,
       0xab, 0x05, 0x20, 0x00, 0xab, 0xc3, 0xbc, 0x03, 0x78, 0x03, 0x78, 0x02,
       0xb1, 0x42, 0xc7, 0x06, 0x00, 0x04, 0xf8, 0x03, 0xba, 0xfb, 0x02, 0xb0,
       0xaa, 0xee, 0xeb, 0x00, 0xec, 0x3c, 0xaa, 0x75, 0x12, 0xf6, 0xd0, 0xee,
       0xeb, 0x00, 0xec, 0x3c, 0x55, 0x75, 0x08, 0xc7, 0x06, 0x02, 0x04, 0xf8,
       0x02, 0x41, 0x41, 0x80, 0xe1, 0xbf, 0xbb, 0x08, 0x04, 0xbf, 0xd6, 0x08,
       0x2e, 0x8b, 0x15, 0xb0, 0xaa, 0xee, 0xec, 0x3c, 0xaa, 0x75, 0x0f, 0xf6,
       0xd0, 0xee, 0xec, 0x3c, 0x55, 0x75, 0x07, 0x89, 0x17, 0x43, 0x43, 0x80,
       0xc1, 0x40, 0x47, 0x47, 0x81, 0xff, 0xdc, 0x08, 0x72, 0xde, 0xba, 0x01,
       0x02, 0xec, 0x24, 0x0f, 0x75, 0x03, 0x80, 0xc9, 0x08, 0x88, 0x0e, 0x11,
       0x04, 0xb8, 0x14, 0x14, 0xbf, 0x78, 0x04, 0xab, 0xab, 0xb8, 0x01, 0x01,
       0xab, 0xab, 0xc3, 0xb8, 0x00, 0xc0, 0x8e, 0xd8, 0x05, 0x80, 0x00, 0x81,
       0x3e, 0x00, 0x00, 0x55, 0xaa, 0x75, 0x14, 0x1e, 0x0e, 0xe8, 0x15, 0x00,
       0x1f, 0x8a, 0x36, 0x02, 0x00, 0x32, 0xd2, 0xb1, 0x03, 0xd3, 0xea, 0x8c,
       0xd8, 0x03, 0xc2, 0x3d, 0x00, 0xf0, 0x72, 0xda, 0xc3, 0x1e, 0x8a, 0x16,
       0x02, 0x00, 0x32, 0xf6, 0xb9, 0x00, 0x02, 0x33, 0xdb, 0x02, 0x37, 0x43,
       0xe2, 0xfb, 0x8c, 0xd8, 0x05, 0x20, 0x00, 0x8e, 0xd8, 0xfe, 0xca, 0x75,
       0xeb, 0x1f, 0x0a, 0xf6, 0x74, 0x08, 0x33, 0xdb, 0xb0, 0x07, 0xe8, 0xe3,
       0x0c, 0xcb, 0x1e, 0xbb, 0x03, 0x00, 0x53, 0xb8, 0x40, 0x00, 0x8e, 0xc0,
       0xcb, 0x8b, 0x16, 0x13, 0x04, 0xb0, 0x00, 0xe8, 0xce, 0x0c, 0xb0, 0x14,
       0xe8, 0xbf, 0x02, 0x75, 0x34, 0xa0, 0x10, 0x04, 0x24, 0x30, 0x3c, 0x10,
       0x75, 0x0a, 0xb8, 0x0d, 0x0e, 0xcd, 0x10, 0xb8, 0x0a, 0x0e, 0xcd, 0x10,
       0xb4, 0x02, 0xcd, 0x1a, 0x51, 0xb4, 0x04, 0xcd, 0x1a, 0x87, 0xca, 0x86,
       0xe9, 0x5b, 0xb0, 0x01, 0xe8, 0x56, 0x00, 0x81, 0x3e, 0x72, 0x04, 0x34,
       0x12, 0x75, 0x21, 0xb8, 0x0a, 0x0e, 0xcd, 0x10, 0xc3, 0xb0, 0x03, 0xe8,
       0x8e, 0x0c, 0xb0, 0x0d, 0xe8, 0x7f, 0x02, 0x24, 0x80, 0x75, 0x05, 0xb0,
       0x04, 0xe8, 0x80, 0x0c, 0xb3, 0x00, 0xb8, 0x14, 0x01, 0xcd, 0x15, 0xc3,
       0xb0, 0x0e, 0xe8, 0x69, 0x02, 0x8a, 0xd8, 0xb0, 0x0f, 0xe8, 0x62, 0x02,
       0x8a, 0xf8, 0xb0, 0x13, 0xe8, 0x5b, 0x02, 0x8a, 0xd0, 0xb6, 0x19, 0x3c,
       0x80, 0x73, 0x02, 0xb6, 0x20, 0xb0, 0x11, 0xe8, 0x4c, 0x02, 0x8a, 0xe8,
       0xb0, 0x12, 0xe8, 0x45, 0x02, 0x8a, 0xc8, 0xb0, 0x02, 0x50, 0x8a, 0xe1,
       0x8a, 0xc4, 0xb1, 0x04, 0xd2, 0xc4, 0x25, 0x0f, 0x0f, 0xd5, 0x0a, 0x48,
       0x3c, 0x0c, 0x72, 0x02, 0xb0, 0x00, 0x8a, 0xc8, 0x80, 0xe7, 0x7f, 0x58,
       0xe9, 0x2d, 0x0c, 0xba, 0x79, 0x03, 0xec, 0x24, 0x07, 0x74, 0x6e, 0xb2,
       0x05, 0xfa, 0xff, 0x36, 0x24, 0x00, 0xff, 0x36, 0x26, 0x00, 0xc7, 0x06,
       0x24, 0x00, 0xca, 0x0a, 0x8c, 0x0e, 0x26, 0x00, 0xe4, 0x61, 0x50, 0x24,
       0xbf, 0x0c, 0x80, 0xe6, 0x61, 0xb9, 0x10, 0x27, 0xe2, 0xfe, 0x58, 0xe6,
       0x61, 0xbb, 0x0a, 0x00, 0xfb, 0x0a, 0xff, 0x75, 0x06, 0xe2, 0xfa, 0xfe,
       0xcb, 0x75, 0xf6, 0xfa, 0x8f, 0x06, 0x26, 0x00, 0x8f, 0x06, 0x24, 0x00,
       0xe8, 0x29, 0xfe, 0xc7, 0x06, 0x17, 0x04, 0x00, 0x00, 0xfb, 0x80, 0xff,
       0xaa, 0x74, 0x12, 0x8a, 0xc2, 0x0a, 0xc0, 0x74, 0x05, 0xe8, 0xd0, 0x0b,
       0x32, 0xd2, 0xb8, 0x07, 0x0e, 0xcd, 0x10, 0xeb, 0xa4, 0xb8, 0x0d, 0x0e,
       0xcd, 0x10, 0xb9, 0x50, 0x00, 0xbb, 0x01, 0x00, 0xb8, 0x20, 0x0a, 0xcd,
       0x10, 0xc3, 0x50, 0xe4, 0x60, 0x0a, 0xff, 0xb7, 0xff, 0x75, 0x02, 0x8a,
       0xf8, 0xe4, 0x61, 0x0c, 0x80, 0xe6, 0x61, 0x24, 0x7f, 0xe6, 0x61, 0xb0,
       0x61, 0xe6, 0x20, 0x58, 0xcf, 0x33, 0xc0, 0x8e, 0xd8, 0x8c, 0x0e, 0x7a,
       0x00, 0xc7, 0x06, 0x78, 0x00, 0xc7, 0x2f, 0xb9, 0x0a, 0x00, 0xb4, 0x00,
       0xcd, 0x13, 0x51, 0x33, 0xd2, 0xbb, 0x00, 0x7c, 0x8e, 0xc2, 0xb9, 0x01,
       0x00, 0xb8, 0x01, 0x02, 0xcd, 0x13, 0x59, 0x73, 0x19, 0xd0, 0xc4, 0x72,
       0x1c, 0xf6, 0xc1, 0x01, 0x74, 0x0c, 0x51, 0x33, 0xd2, 0xb9, 0x01, 0x27,
       0xb8, 0x01, 0x04, 0xcd, 0x13, 0x59, 0xe2, 0xd2, 0xeb, 0x07, 0x33, 0xc0,
       0x8e, 0xd8, 0x06, 0x53, 0xcb, 0xb0, 0x06, 0xe8, 0x4e, 0x0b, 0x33, 0xc0,
       0x8e, 0xc0, 0xe8, 0x8b, 0xfd, 0xb4, 0x00, 0xcd, 0x16, 0xb8, 0x0a, 0x0e,
       0xcd, 0x10, 0xb8, 0x0d, 0x0e, 0xcd, 0x10, 0xcd, 0x19, 0x01, 0x61, 0x00,
       0x80, 0x03, 0x43, 0x00, 0x34, 0x74, 0xb0, 0x02, 0x40, 0x00, 0x00, 0x00,
       0x02, 0x41, 0x00, 0x12, 0x00, 0x02, 0x42, 0x00, 0x01, 0x00, 0x01, 0x0f,
       0x00, 0x0f, 0x01, 0x08, 0x00, 0x00, 0x01, 0x0b, 0x00, 0x58, 0x01, 0x0c,
       0x00, 0x00, 0x02, 0x01, 0x00, 0xff, 0xff, 0x01, 0x0a, 0x00, 0x00, 0x01,
       0x20, 0x00, 0x13, 0x03, 0x21, 0x00, 0x08, 0x09, 0xff, 0x01, 0xf2, 0x03,
       0x00, 0x01, 0xfc, 0x03, 0x00, 0x00, 0x00, 0x00, 0x00, 0x00, 0x00, 0x00,
       0x00, 0x00, 0x00, 0x00, 0x00, 0x00, 0x00, 0x00, 0x00, 0x00, 0x00, 0x00,
       0x8b, 0xe5, 0x58, 0x5b, 0x59, 0x5a, 0x1f, 0x07, 0x5d, 0x5f, 0x5e, 0xca,
       0x02, 0x00, 0xfb, 0x57, 0x55, 0x06, 0x1e, 0x52, 0x51, 0x53, 0x50, 0x33,
       0xdb, 0x8e, 0xdb, 0x8b, 0xec, 0x87, 0x76, 0x10, 0xff, 0xd6, 0x8b, 0xe5,
       0x58, 0x5b, 0x59, 0x5a, 0x1f, 0x07, 0x5d, 0x5f, 0x5e, 0xcf, 0x1e, 0x33,
       0xc0, 0x8e, 0xd8, 0xa1, 0x13, 0x04, 0x1f, 0xcf, 0x1e, 0x33, 0xc0, 0x8e,
       0xd8, 0xa1, 0x10, 0x04, 0x1f, 0xcf, 0xe8, 0xc9, 0xff, 0x80, 0xfc, 0x07,
       0xf5, 0x72, 0x0c, 0x02, 0xe4, 0x86, 0xdc, 0x32, 0xff, 0x2e, 0xff, 0x97,
       0xfc, 0x0b, 0xf8, 0x9f, 0x88, 0x66, 0x16, 0xc3, 0x0a, 0x0c, 0x2d, 0x0c,
       0x61, 0x0c, 0xc7, 0x0c, 0xcc, 0x0c, 0xd1, 0x0c, 0x64, 0x18, 0xfa, 0xba,
       0x78, 0x00, 0xe8, 0x0d, 0x00, 0x89, 0x46, 0x04, 0x42, 0x42, 0xe8, 0x05,
       0x00, 0x89, 0x46, 0x06, 0xfb, 0xc3, 0xec, 0x8a, 0xe0, 0xec, 0x3a, 0xc4,
       0x75, 0xf8, 0x98, 0x50, 0x32, 0xc0, 0xee, 0x58, 0xc3, 0x3c, 0x40, 0x72,
       0x05, 0xc6, 0x46, 0x01, 0x01, 0xc3, 0x8a, 0x66, 0x02, 0xba, 0x70, 0x00,
       0xef, 0x3c, 0x14, 0x72, 0x0c, 0x50, 0xbb, 0x47, 0x0c, 0xeb, 0x42, 0x8a,
       0xe1, 0xb0, 0x14, 0xef, 0x58, 0x3c, 0x0e, 0x72, 0x09, 0xe8, 0x6d, 0x00,
       0x2a, 0xe0, 0xb4, 0x02, 0x75, 0x02, 0x32, 0xe4, 0x88, 0x66, 0x01, 0xfb,
       0xc3, 0x3c, 0x40, 0x72, 0x05, 0xc6, 0x46, 0x01, 0x01, 0xc3, 0xe8, 0x09,
       0x00, 0x74, 0x02, 0xb4, 0x02, 0x89, 0x46, 0x00, 0xfb, 0xc3, 0x52, 0x51,
       0x53, 0xe8, 0x04, 0x00, 0x5b, 0x59, 0x5a, 0xc3, 0x5b, 0xfa, 0xba, 0x70,
       0x00, 0xee, 0x42, 0xec, 0x4a, 0x8a, 0xc8, 0x32, 0xe4, 0xb5, 0x3f, 0x8a,
       0xc5, 0xee, 0x42, 0xec, 0x4a, 0x02, 0xe0, 0xfe, 0xcd, 0x80, 0xfd, 0x14,
       0x73, 0xf1, 0x8a, 0xec, 0x2a, 0xe8, 0xb0, 0xaa, 0x2a, 0xc5, 0x86, 0xc1,
       0x80, 0xec, 0xaa, 0xff, 0xe3, 0x52, 0x8a, 0xe0, 0xe8, 0x0b, 0x00, 0x86,
       0xe0, 0xfe, 0xc0, 0xe8, 0x07, 0x00, 0x86, 0xe0, 0x5a, 0xc3, 0xba, 0x70,
       0x00, 0xfa, 0xee, 0x42, 0xec, 0x4a, 0xc3, 0xba, 0xdd, 0x03, 0xee, 0xc3,
       0xba, 0xde, 0x03, 0xee, 0xc3, 0xba, 0xdf, 0x03, 0xee, 0xc3, 0xe8, 0xd5,
       0xfe, 0x80, 0xfc, 0x08, 0x73, 0x0b, 0x02, 0xe4, 0x8a, 0xdc, 0x32, 0xff,
       0x2e, 0xff, 0xa7, 0xea, 0x0c, 0xc3, 0xfa, 0x0c, 0x14, 0x0d, 0xdf, 0x0d,
       0xb2, 0x0d, 0x39, 0x0e, 0xfe, 0x0d, 0x60, 0x0e, 0x86, 0x0e, 0xfa, 0xa1,
       0x6e, 0x04, 0x89, 0x46, 0x04, 0xa1, 0x6c, 0x04, 0x89, 0x46, 0x06, 0x32,
       0xc0, 0x86, 0x06, 0x70, 0x04, 0x24, 0x01, 0x88, 0x46, 0x00, 0xfb, 0xc3,
       0xfa, 0x89, 0x0e, 0x6e, 0x04, 0x89, 0x16, 0x6c, 0x04, 0xc6, 0x06, 0x70,
       0x04, 0x00, 0xfb, 0xc3, 0x1e, 0x52, 0x50, 0x33, 0xc0, 0x8e, 0xd8, 0xfb,
       0xfe, 0x0e, 0x40, 0x04, 0x75, 0x0b, 0xc6, 0x06, 0x3f, 0x04, 0x00, 0xba,
       0xf2, 0x03, 0xb0, 0x0c, 0xee, 0xff, 0x06, 0x6c, 0x04, 0x75, 0x04, 0xff,
       0x06, 0x6e, 0x04, 0x81, 0x3e, 0x6c, 0x04, 0xb0, 0x00, 0x75, 0x14, 0x83,
       0x3e, 0x6e, 0x04, 0x18, 0x75, 0x0d, 0xc6, 0x06, 0x70, 0x04, 0xff, 0x33,
       0xc0, 0xa3, 0x6c, 0x04, 0xa3, 0x6e, 0x04, 0xf6, 0x06, 0x6c, 0x04, 0xff,
       0x75, 0x03, 0xe8, 0x0f, 0x00, 0xb8, 0x40, 0x00, 0x8e, 0xd8, 0xcd, 0x1c,
       0xb0, 0x60, 0xe6, 0x20, 0x58, 0x5a, 0x1f, 0xcf, 0x53, 0xba, 0x70, 0x00,
       0xe8, 0x19, 0x01, 0xb4, 0x02, 0xb3, 0x0e, 0xe8, 0x15, 0x00, 0x80, 0xc4,
       0x02, 0xe8, 0x0f, 0x00, 0x80, 0xc4, 0x02, 0xe8, 0x09, 0x00, 0xfe, 0xc4,
       0x80, 0xfc, 0x0a, 0x72, 0xf6, 0x5b, 0xc3, 0x8a, 0xc4, 0xee, 0x42, 0xec,
       0x8a, 0xf8, 0x4a, 0x8a, 0xc3, 0xee, 0x42, 0x8a, 0xc7, 0xee, 0x4a, 0xfe,
       0xc3, 0xc3, 0xe8, 0x6e, 0x00, 0x8a, 0x66, 0x06, 0x80, 0xe4, 0x01, 0x80,
       0xcc, 0x02, 0x8a, 0xdc, 0xb0, 0x0b, 0xef, 0xb0, 0x04, 0x8a, 0xe5, 0xef,
       0xb0, 0x02, 0x8a, 0xe1, 0xef, 0xb0, 0x00, 0x8a, 0x66, 0x07, 0xef, 0xb8,
       0x0a, 0x20, 0xef, 0xb8, 0x0b, 0x7f, 0x22, 0xe3, 0xef, 0xeb, 0x3a, 0xe8,
       0xba, 0x00, 0x72, 0x39, 0xb0, 0x04, 0xe8, 0xd8, 0xfe, 0x88, 0x46, 0x05,
       0xb0, 0x02, 0xe8, 0xd0, 0xfe, 0x88, 0x46, 0x04, 0xb0, 0x00, 0xe8, 0xc8,
       0xfe, 0x88, 0x46, 0x07, 0xeb, 0x1e, 0xe8, 0x9b, 0x00, 0x72, 0x1a, 0xb0,
       0x09, 0x8a, 0xe1, 0xef, 0xb0, 0x08, 0x8a, 0x66, 0x07, 0xef, 0xb0, 0x07,
       0x8a, 0x66, 0x06, 0xef, 0xb0, 0x06, 0x32, 0xe4, 0xef, 0xe8, 0x60, 0xff,
       0xf8, 0x9f, 0x88, 0x66, 0x16, 0xfb, 0xc3, 0xba, 0x70, 0x00, 0xb0, 0x0b,
       0xe8, 0x96, 0xfe, 0x0c, 0x80, 0x8a, 0xd8, 0x8a, 0xe0, 0xb0, 0x0b, 0xef,
       0xb8, 0x0a, 0x70, 0xef, 0xc3, 0xe8, 0x60, 0x00, 0x72, 0xdf, 0xb0, 0x09,
       0xe8, 0x7e, 0xfe, 0xb4, 0x19, 0x3c, 0x80, 0x73, 0x02, 0xb4, 0x20, 0x89,
       0x46, 0x04, 0xb0, 0x08, 0xe8, 0x6e, 0xfe, 0x88, 0x46, 0x07, 0xb0, 0x07,
       0xe8, 0x66, 0xfe, 0x88, 0x46, 0x06, 0xeb, 0xbc, 0xe8, 0x39, 0x00, 0x72,
       0xb8, 0xb0, 0x0b, 0xe8, 0x57, 0xfe, 0x24, 0x20, 0x74, 0x03, 0xf9, 0xeb,
       0xac, 0xb0, 0x05, 0x8a, 0xe5, 0xef, 0xb0, 0x03, 0x8a, 0xe1, 0xef, 0xb0,
       0x01, 0x8a, 0x66, 0x07, 0xef, 0xbb, 0x20, 0x00, 0xeb, 0x03, 0xbb, 0x00,
       0xdf, 0xba, 0x70, 0x00, 0xb0, 0x0b, 0xe8, 0x30, 0xfe, 0x22, 0xc7, 0x0a,
       0xc3, 0x8a, 0xe0, 0xb0, 0x0b, 0xef, 0xeb, 0x80, 0x51, 0xb9, 0x00, 0x00,
       0xba, 0x70, 0x00, 0xfa, 0xb0, 0x0a, 0xee, 0x42, 0xec, 0x4a, 0xd0, 0xd0,
       0x73, 0x03, 0xe2, 0xf4, 0xf9, 0x59, 0xc3, 0xe8, 0xf8, 0xfc, 0x8b, 0xda,
       0x03, 0xdb, 0x8b, 0x97, 0x08, 0x04, 0x0b, 0xd2, 0x74, 0x16, 0x80, 0xfc,
       0x03, 0x73, 0x0b, 0x02, 0xe4, 0x8a, 0xdc, 0x32, 0xff, 0x2e, 0xff, 0xa7,
       0xd9, 0x0e, 0x80, 0xec, 0x02, 0x88, 0x66, 0x01, 0xc3, 0xdf, 0x0e, 0x14,
       0x0f, 0x2a, 0x0f, 0x8b, 0x5e, 0x06, 0x8a, 0x9f, 0x78, 0x04, 0x03, 0xdb,
       0x03, 0xdb, 0x42, 0xb9, 0xbe, 0xec, 0xec, 0x24, 0x80, 0x75, 0x0d, 0xe2,
       0xf9, 0x4b, 0x75, 0xf3, 0xe8, 0x30, 0x00, 0x80, 0x4e, 0x01, 0x01, 0xc3,
       0x8a, 0x46, 0x00, 0x4a, 0xee, 0x42, 0x42, 0xb0, 0x0d, 0xee, 0x50, 0x50,
       0x58, 0x58, 0xb0, 0x0c, 0xee, 0x4a, 0xeb, 0x17, 0x42, 0x42, 0xb0, 0x08,
       0xee, 0xb0, 0x04, 0xb9, 0x3f, 0xf7, 0xe2, 0xfe, 0xfe, 0xc8, 0x75, 0xf7,
       0xb0, 0x0c, 0xee, 0x4a, 0xeb, 0x01, 0x42, 0xec, 0x24, 0xf8, 0x34, 0x48,
       0x88, 0x46, 0x01, 0xc3, 0xfb, 0x1e, 0x52, 0x51, 0x53, 0x50, 0x33, 0xc0,
       0x8e, 0xd8, 0x80, 0x3e, 0x00, 0x05, 0x01, 0x74, 0x53, 0xc6, 0x06, 0x00,
       0x05, 0x01, 0xb4, 0x0f, 0xcd, 0x10, 0x8a, 0xdc, 0xb4, 0x03, 0xcd, 0x10,
       0x52, 0x32, 0xf6, 0xb0, 0x0d, 0xe8, 0x42, 0x00, 0x75, 0x30, 0xb0, 0x0a,
       0xe8, 0x3b, 0x00, 0x75, 0x29, 0x32, 0xd2, 0xb4, 0x02, 0xcd, 0x10, 0xb4,
       0x08, 0xcd, 0x10, 0x0a, 0xc0, 0x75, 0x02, 0xb0, 0x20, 0xe8, 0x26, 0x00,
       0x75, 0x14, 0xfe, 0xc2, 0x3a, 0xd3, 0x72, 0xe7, 0xfe, 0xc6, 0x80, 0xfe,
       0x19, 0x72, 0xd0, 0xc6, 0x06, 0x00, 0x05, 0x00, 0xeb, 0x05, 0xc6, 0x06,
       0x00, 0x05, 0xff, 0x5a, 0xb4, 0x02, 0xcd, 0x10, 0x58, 0x5b, 0x59, 0x5a,
       0x1f, 0xcf, 0x8b, 0xca, 0x33, 0xd2, 0xb4, 0x00, 0xcd, 0x17, 0xf6, 0xc4,
       0x01, 0x8b, 0xd1, 0xc3, 0xe8, 0xff, 0xfb, 0x8b, 0xda, 0x03, 0xdb, 0x8b,
       0x97, 0x00, 0x04, 0x0b, 0xd2, 0x74, 0x16, 0x80, 0xfc, 0x04, 0x73, 0x0b,
       0x02, 0xe4, 0x8a, 0xdc, 0x32, 0xff, 0x2e, 0xff, 0xa7, 0xd2, 0x0f, 0x80,
       0xec, 0x03, 0x88, 0x66, 0x01, 0xc3, 0xda, 0x0f, 0x47, 0x10, 0x89, 0x10,
       0x2a, 0x10, 0x24, 0x1f, 0x8a, 0xc8, 0x0c, 0x80, 0x83, 0xc2, 0x03, 0xee,
       0x8a, 0x46, 0x00, 0x24, 0xe0, 0xd0, 0xc0, 0xd0, 0xc0, 0xd0, 0xc0, 0x32,
       0xe4, 0x03, 0xc0, 0x8b, 0xd8, 0x2e, 0x8a, 0x87, 0x37, 0x10, 0x83, 0xea,
       0x03, 0xee, 0x42, 0x2e, 0x8a, 0x87, 0x38, 0x10, 0xee, 0xeb, 0x00, 0x42,
       0x42, 0x8a, 0xc1, 0xee, 0x42, 0xe8, 0xc6, 0x00, 0x73, 0x05, 0xb0, 0x02,
       0xee, 0xeb, 0x00, 0x42, 0xec, 0xeb, 0x00, 0x42, 0xec, 0xeb, 0x00, 0x83,
       0xea, 0x06, 0xec, 0xeb, 0x00, 0x42, 0x32, 0xc0, 0xee, 0x4a, 0x83, 0xc2,
       0x06, 0xec, 0x88, 0x46, 0x00, 0x4a, 0xec, 0x88, 0x46, 0x01, 0xc3, 0x17,
       0x04, 0x00, 0x03, 0x80, 0x01, 0xc0, 0x00, 0x60, 0x00, 0x30, 0x00, 0x18,
       0x00, 0x0c, 0x00, 0x83, 0xc2, 0x04, 0xe8, 0x89, 0x00, 0xb8, 0x02, 0x10,
       0x72, 0x03, 0x0d, 0x01, 0x20, 0xee, 0x42, 0x42, 0xe8, 0x86, 0x00, 0xec,
       0x22, 0xc4, 0x3a, 0xc4, 0x74, 0x07, 0xe2, 0xf7, 0x4b, 0x75, 0xf4, 0xeb,
       0x0d, 0x4a, 0xec, 0x24, 0x20, 0x90, 0x75, 0x0e, 0xe2, 0xf8, 0x4b, 0x75,
       0xf5, 0x42, 0xe8, 0xb9, 0xff, 0x80, 0x4e, 0x01, 0x80, 0xc3, 0x8a, 0x46,
       0x00, 0x52, 0x83, 0xea, 0x05, 0xee, 0x5a, 0xeb, 0xa9, 0x83, 0xc2, 0x04,
       0xec, 0xeb, 0x00, 0x0c, 0x01, 0xee, 0x42, 0x42, 0xe8, 0x4a, 0x00, 0xec,
       0x24, 0x20, 0x90, 0x75, 0x07, 0xe2, 0xf8, 0x4b, 0x75, 0xf5, 0xeb, 0x0d,
       0x4a, 0xec, 0x24, 0x01, 0x90, 0x75, 0x0e, 0xe2, 0xf8, 0x4b, 0x75, 0xf5,
       0x42, 0xe8, 0x7e, 0xff, 0x80, 0x4e, 0x01, 0x80, 0xc3, 0x4a, 0xe8, 0x19,
       0x00, 0x73, 0x05, 0xb0, 0x02, 0xee, 0xeb, 0x00, 0x83, 0xea, 0x04, 0xec,
       0x88, 0x46, 0x00, 0x83, 0xc2, 0x05, 0xe8, 0x61, 0xff, 0x80, 0x66, 0x01,
       0x1e, 0xc3, 0x52, 0xb0, 0x23, 0xe8, 0xe2, 0xfb, 0xfb, 0x5a, 0xd0, 0xd0,
       0xc3, 0x8b, 0x5e, 0x06, 0x8a, 0x9f, 0x7c, 0x04, 0x32, 0xff, 0x8b, 0xcb,
       0xd1, 0xe3, 0x03, 0xd9, 0x33, 0xc9, 0xc3, 0x00, 0x00, 0x00, 0x00, 0x00,
       0x00, 0x00, 0x00, 0x00, 0x00, 0x00, 0x00, 0x00, 0xe8, 0xab, 0xfa, 0x80,
       0xfc, 0x03, 0x72, 0x07, 0x80, 0xec, 0x02, 0x88, 0x66, 0x01, 0xc3, 0x8a,
       0xdc, 0x32, 0xff, 0x03, 0xdb, 0x2e, 0xff, 0xa7, 0x1a, 0x11, 0x20, 0x11,
       0x38, 0x11, 0x56, 0x11, 0xfb, 0xe8, 0x1b, 0x00, 0x74, 0xfa, 0x43, 0x43,
       0x3b, 0x1e, 0x82, 0x04, 0x72, 0x04, 0x8b, 0x1e, 0x80, 0x04, 0x89, 0x1e,
       0x1a, 0x04, 0xfb, 0xc3, 0xe8, 0x04, 0x00, 0xfb, 0xe9, 0x61, 0xfa, 0xfa,
       0x8b, 0x1e, 0x1a, 0x04, 0x3b, 0x1e, 0x1c, 0x04, 0x74, 0x0b, 0xb8, 0x40,
       0x00, 0x8e, 0xc0, 0x26, 0x8b, 0x07, 0x89, 0x46, 0x00, 0xc3, 0xa0, 0x17,
       0x04, 0x32, 0xe4, 0x89, 0x46, 0x00, 0xc3, 0x1e, 0x52, 0x51, 0x53, 0x50,
       0xe4, 0x60, 0x8a, 0xe0, 0xe4, 0x61, 0x0c, 0x80, 0xe6, 0x61, 0x24, 0x7f,
       0xe6, 0x61, 0x8a, 0xd4, 0x33, 0xc0, 0x8e, 0xd8, 0xe8, 0x0a, 0x00, 0xb0,
       0x61, 0xe6, 0x20, 0x58, 0x5b, 0x59, 0x5a, 0x1f, 0xcf, 0x8a, 0xc2, 0x24,
       0x7f, 0x3c, 0x54, 0x72, 0x4f, 0xf6, 0xc2, 0x80, 0x75, 0x07, 0xf6, 0x06,
       0x18, 0x04, 0x08, 0x75, 0x11, 0xbb, 0xc1, 0x13, 0xb9, 0x0a, 0x00, 0x90,
       0x2e, 0x3a, 0x07, 0x74, 0x0b, 0x43, 0x43, 0x43, 0xe2, 0xf6, 0x80, 0x26,
       0x18, 0x04, 0xf7, 0xc3, 0x2e, 0x8b, 0x47, 0x01, 0xf6, 0xc4, 0xff, 0x75,
       0x05, 0xe8, 0xf1, 0xfa, 0xeb, 0x0a, 0x8a, 0xda, 0x80, 0xe3, 0x7f, 0x80,
       0xfb, 0x7d, 0x73, 0x08, 0xf6, 0xc2, 0x80, 0x75, 0xe2, 0xe9, 0x84, 0x00,
       0x80, 0xe2, 0x80, 0x0a, 0xc2, 0xcd, 0x06, 0x73, 0xd6, 0xeb, 0x79, 0x90,
       0x8a, 0xd8, 0xa0, 0x17, 0x04, 0x8a, 0xc8, 0x24, 0xbf, 0xa8, 0x03, 0x74,
       0x05, 0x80, 0xf1, 0x40, 0x34, 0x60, 0x80, 0xfb, 0x47, 0x72, 0x04, 0x24,
       0x2c, 0xeb, 0x02, 0x24, 0x4c, 0x74, 0x12, 0x8a, 0xe0, 0xb0, 0x02, 0xf6,
       0xc4, 0x08, 0x75, 0x09, 0xd0, 0xe0, 0xf6, 0xc4, 0x04, 0x75, 0x02, 0x40,
       0x40, 0x32, 0xff, 0x03, 0xdb, 0x03, 0xdb, 0x03, 0xdb, 0x32, 0xe4, 0x03,
       0xd8, 0x2e, 0x8b, 0x9f, 0xdf, 0x13, 0x80, 0xff, 0xf0, 0x72, 0x0c, 0x8a,
       0xe7, 0x32, 0xff, 0xf6, 0xc2, 0x80, 0x2e, 0xff, 0xa7, 0xa5, 0x13, 0xf6,
       0xc2, 0x80, 0x75, 0x1f, 0x8b, 0xc3, 0xf6, 0x06, 0x18, 0x04, 0x08, 0x75,
       0x11, 0xf6, 0xc1, 0x40, 0x74, 0x12, 0x3c, 0x61, 0x72, 0x0e, 0x3c, 0x7a,
       0x77, 0x0a, 0x2c, 0x20, 0xeb, 0x06, 0x80, 0x26, 0x18, 0x04, 0xf7, 0xc3,
       0x40, 0x74, 0x2c, 0x48, 0x8b, 0x1e, 0x1c, 0x04, 0x53, 0x43, 0x43, 0x3b,
       0x1e, 0x82, 0x04, 0x72, 0x04, 0x8b, 0x1e, 0x80, 0x04, 0x3b, 0x1e, 0x1a,
       0x04, 0x74, 0x10, 0x89, 0x1e, 0x1c, 0x04, 0x5b, 0x06, 0xb9, 0x40, 0x00,
       0x8e, 0xc1, 0x26, 0x89, 0x07, 0x07, 0xc3, 0x5b, 0xe9, 0xa3, 0x1e, 0xc6,
       0x06, 0x19, 0x04, 0x00, 0xc3, 0x75, 0x1c, 0xf6, 0x06, 0x18, 0x04, 0x08,
       0x75, 0x76, 0xa0, 0x19, 0x04, 0x02, 0xc0, 0x8a, 0xd8, 0x02, 0xc0, 0x02,
       0xc0, 0x02, 0xc3, 0x80, 0xe4, 0x0f, 0x02, 0xc4, 0xa2, 0x19, 0x04, 0xc3,
       0x75, 0xfd, 0xf6, 0x06, 0x18, 0x04, 0x08, 0x75, 0x57, 0xa1, 0x80, 0x04,
       0xa3, 0x1c, 0x04, 0xa3, 0x1a, 0x04, 0xc6, 0x06, 0x71, 0x04, 0x80, 0x1e,
       0xb8, 0x40, 0x00, 0x8e, 0xd8, 0xcd, 0x1b, 0x1f, 0xb8, 0x00, 0x00, 0xeb,
       0x87, 0x75, 0x5f, 0xf6, 0x06, 0x17, 0x04, 0x04, 0x74, 0x58, 0x33, 0xc0,
       0x8e, 0xd8, 0xc7, 0x06, 0x72, 0x04, 0x34, 0x12, 0xe9, 0xe6, 0xed, 0x75,
       0x49, 0xf6, 0x06, 0x18, 0x04, 0x08, 0x75, 0x1c, 0xe8, 0x02, 0x00, 0xcd,
       0x05, 0x80, 0x3e, 0x49, 0x04, 0x07, 0x74, 0x0b, 0x8b, 0x16, 0x63, 0x04,
       0x83, 0xc2, 0x04, 0xa0, 0x65, 0x04, 0xee, 0xb0, 0x61, 0xe6, 0x20, 0xc3,
       0x80, 0x26, 0x18, 0x04, 0xf7, 0xc3, 0x75, 0x49, 0xe8, 0x46, 0x00, 0xf6,
       0x06, 0x18, 0x04, 0x08, 0x75, 0x14, 0x80, 0x0e, 0x18, 0x04, 0x08, 0xe8,
       0xcf, 0xff, 0xfb, 0xf6, 0x06, 0x18, 0x04, 0x08, 0x75, 0xf9, 0x58, 0xe9,
       0x51, 0xfe, 0xc3, 0xa8, 0x80, 0x75, 0x08, 0x02, 0xc0, 0x04, 0x1d, 0xe8,
       0x73, 0xf9, 0xf9, 0xca, 0x02, 0x00, 0xb4, 0x80, 0x75, 0x19, 0x84, 0x26,
       0x18, 0x04, 0x75, 0x5c, 0xe8, 0x10, 0x00, 0xb8, 0x00, 0x52, 0xe9, 0x03,
       0xff, 0xb4, 0x10, 0xeb, 0x06, 0xb4, 0x40, 0xeb, 0x02, 0xb4, 0x20, 0x75,
       0x0f, 0x84, 0x26, 0x18, 0x04, 0x75, 0x08, 0x08, 0x26, 0x18, 0x04, 0x30,
       0x26, 0x17, 0x04, 0xc3, 0xf6, 0xd4, 0x20, 0x26, 0x18, 0x04, 0xc3, 0x9c,
       0xb4, 0x08, 0xe8, 0x1e, 0x00, 0xa0, 0x19, 0x04, 0xc6, 0x06, 0x19, 0x04,
       0x00, 0x9d, 0x74, 0xaa, 0x0a, 0xc0, 0x74, 0xa6, 0x32, 0xe4, 0xe9, 0xc7,
       0xfe, 0xb4, 0x04, 0xeb, 0x06, 0xb4, 0x02, 0xeb, 0x02, 0xb4, 0x01, 0x75,
       0x05, 0x08, 0x26, 0x17, 0x04, 0xc3, 0xf6, 0xd4, 0x20, 0x26, 0x17, 0x04,
       0xc3, 0x89, 0x12, 0x0e, 0x13, 0xa8, 0x12, 0xcd, 0x12, 0xe3, 0x12, 0x3e,
       0x13, 0x51, 0x13, 0x55, 0x13, 0x59, 0x13, 0x91, 0x13, 0x95, 0x13, 0x73,
       0x13, 0x8d, 0x13, 0x83, 0x12, 0x74, 0x15, 0x00, 0x70, 0x17, 0x00, 0x77,
       0x1b, 0x00, 0x78, 0x19, 0x00, 0x79, 0x00, 0x4d, 0x7a, 0x00, 0x4b, 0x7b,
       0x00, 0x50, 0x7c, 0x00, 0x48, 0x7e, 0x00, 0x01, 0x7d, 0x01, 0x01, 0x1a,
       0xf0, 0x1a, 0xf0, 0x1a, 0xf0, 0x1a, 0xf0, 0x1b, 0x01, 0x1a, 0xf0, 0x1b,
       0x01, 0x1b, 0x01, 0x31, 0x02, 0x00, 0x78, 0x1a, 0xf0, 0x21, 0x02, 0x32,
       0x03, 0x00, 0x79, 0x00, 0x03, 0x40, 0x03, 0x33, 0x04, 0x00, 0x7a, 0x1a,
       0xf0, 0x23, 0x04, 0x34, 0x05, 0x00, 0x7b, 0x1a, 0xf0, 0x24, 0x05, 0x35,
       0x06, 0x00, 0x7c, 0x1a, 0xf0, 0x25, 0x06, 0x36, 0x07, 0x00, 0x7d, 0x1e,
       0x07, 0x5e, 0x07, 0x37, 0x08, 0x00, 0x7e, 0x1a, 0xf0, 0x26, 0x08, 0x38,
       0x09, 0x00, 0x7f, 0x1a, 0xf0, 0x2a, 0x09, 0x39, 0x0a, 0x00, 0x80, 0x1a,
       0xf0, 0x28, 0x0a, 0x30, 0x0b, 0x00, 0x81, 0x1a, 0xf0, 0x29, 0x0b, 0x2d,
       0x0c, 0x00, 0x82, 0x1f, 0x0c, 0x5f, 0x0c, 0x3d, 0x0d, 0x00, 0x83, 0x1a,
       0xf0, 0x2b, 0x0d, 0x08, 0x0e, 0x1a, 0xf0, 0x7f, 0x0e, 0x08, 0x0e, 0x09,
       0x0f, 0x1a, 0xf0, 0x1a, 0xf0, 0x00, 0x0f, 0x71, 0x10, 0x00, 0x10, 0x11,
       0x10, 0x71, 0x10, 0x77, 0x11, 0x00, 0x11, 0x17, 0x11, 0x77, 0x11, 0x65,
       0x12, 0x00, 0x12, 0x05, 0x12, 0x65, 0x12, 0x72, 0x13, 0x00, 0x13, 0x12,
       0x13, 0x72, 0x13, 0x74, 0x14, 0x00, 0x14, 0x14, 0x14, 0x74, 0x14, 0x79,
       0x15, 0x00, 0x15, 0x19, 0x15, 0x79, 0x15, 0x75, 0x16, 0x00, 0x16, 0x15,
       0x16, 0x75, 0x16, 0x69, 0x17, 0x00, 0x17, 0x09, 0x17, 0x69, 0x17, 0x6f,
       0x18, 0x00, 0x18, 0x0f, 0x18, 0x6f, 0x18, 0x70, 0x19, 0x00, 0x19, 0x10,
       0x19, 0x70, 0x19, 0x5b, 0x1a, 0x1a, 0xf0, 0x1b, 0x1a, 0x7b, 0x1a, 0x5d,
       0x1b, 0x1a, 0xf0, 0x1d, 0x1b, 0x7d, 0x1b, 0x0d, 0x1c, 0x1a, 0xf0, 0x0a,
       0x1c, 0x0d, 0x1c, 0x18, 0xf0, 0x18, 0xf0, 0x18, 0xf0, 0x18, 0xf0, 0x61,
       0x1e, 0x00, 0x1e, 0x01, 0x1e, 0x61, 0x1e, 0x73, 0x1f, 0x00, 0x1f, 0x13,
       /* 0x54E4: string: " d f!" */
       0x1f, 0x73, 0x1f, 0x64, 0x20, 0x00, 0x20, 0x04, 0x20, 0x64, 0x20, 0x66,
       /* 0x54EC: string: "!f!g"" */
       0x21, 0x00, 0x21, 0x06, 0x21, 0x66, 0x21, 0x67, 0x22, 0x00, 0x22, 0x07,
       /* 0x54F4: string: ""g"h#" */
       /* 0x54FC: string: "#h#j$" */
       0x22, 0x67, 0x22, 0x68, 0x23, 0x00, 0x23, 0x08, 0x23, 0x68, 0x23, 0x6a,
       /* 0x5504: string: "$j$k%" */
       0x24, 0x00, 0x24, 0x0a, 0x24, 0x6a, 0x24, 0x6b, 0x25, 0x00, 0x25, 0x0b,
       /* 0x550C: string: "%k%l&" */
       0x25, 0x6b, 0x25, 0x6c, 0x26, 0x00, 0x26, 0x0c, 0x26, 0x6c, 0x26, 0x3b,
       0x27, 0x1a, 0xf0, 0x1a, 0xf0, 0x3a, 0x27, 0x27, 0x28, 0x1a, 0xf0, 0x1a,
       0xf0, 0x22, 0x28, 0x60, 0x29, 0x1a, 0xf0, 0x1a, 0xf0, 0x7e, 0x29, 0x12,
       0xf0, 0x12, 0xf0, 0x12, 0xf0, 0x12, 0xf0, 0x5c, 0x2b, 0x1a, 0xf0, 0x1c,
       /* 0x553C: string: "+|+z," */
       /* 0x5544: string: ",z,x-" */
       0x2b, 0x7c, 0x2b, 0x7a, 0x2c, 0x00, 0x2c, 0x1a, 0x2c, 0x7a, 0x2c, 0x78,
       /* 0x554C: string: "-x-c." */
       0x2d, 0x00, 0x2d, 0x18, 0x2d, 0x78, 0x2d, 0x63, 0x2e, 0x00, 0x2e, 0x03,
       /* 0x5554: string: ".c.v/" */
       /* 0x555C: string: "/v/b0" */
       0x2e, 0x63, 0x2e, 0x76, 0x2f, 0x00, 0x2f, 0x16, 0x2f, 0x76, 0x2f, 0x62,
       /* 0x5564: string: "0b0n1" */
       0x30, 0x00, 0x30, 0x02, 0x30, 0x62, 0x30, 0x6e, 0x31, 0x00, 0x31, 0x0e,
       /* 0x556C: string: "1n1m2" */
       0x31, 0x6e, 0x31, 0x6d, 0x32, 0x00, 0x32, 0x0d, 0x32, 0x6d, 0x32, 0x2c,
       0x33, 0x1a, 0xf0, 0x1a, 0xf0, 0x3c, 0x33, 0x2e, 0x34, 0x1a, 0xf0, 0x1a,
       0xf0, 0x3e, 0x34, 0x2f, 0x35, 0x1a, 0xf0, 0x1a, 0xf0, 0x3f, 0x35, 0x14,
       0xf0, 0x14, 0xf0, 0x14, 0xf0, 0x14, 0xf0, 0x2a, 0x37, 0x1a, 0xf0, 0x00,
       0x72, 0x08, 0xf0, 0x16, 0xf0, 0x16, 0xf0, 0x16, 0xf0, 0x16, 0xf0, 0x20,
       0x39, 0x20, 0x39, 0x20, 0x39, 0x20, 0x39, 0x0e, 0xf0, 0x0e, 0xf0, 0x0e,
       0xf0, 0x0e, 0xf0, 0x00, 0x3b, 0x00, 0x68, 0x00, 0x5e, 0x00, 0x54, 0x00,
       0x3c, 0x00, 0x69, 0x00, 0x5f, 0x00, 0x55, 0x00, 0x3d, 0x00, 0x6a, 0x00,
       0x60, 0x00, 0x56, 0x00, 0x3e, 0x00, 0x6b, 0x00, 0x61, 0x00, 0x57, 0x00,
       0x3f, 0x00, 0x6c, 0x00, 0x62, 0x00, 0x58, 0x00, 0x40, 0x00, 0x6d, 0x00,
       0x63, 0x00, 0x59, 0x00, 0x41, 0x00, 0x6e, 0x00, 0x64, 0x00, 0x5a, 0x00,
       0x42, 0x00, 0x6f, 0x00, 0x65, 0x00, 0x5b, 0x00, 0x43, 0x00, 0x70, 0x00,
       0x66, 0x00, 0x5c, 0x00, 0x44, 0x00, 0x71, 0x00, 0x67, 0x00, 0x5d, 0x10,
       0xf0, 0x10, 0xf0, 0x02, 0xf0, 0x10, 0xf0, 0x0c, 0xf0, 0x0c, 0xf0, 0x04,
       0xf0, 0x0c, 0xf0, 0x00, 0x47, 0x00, 0xf7, 0x00, 0x77, 0x37, 0x47, 0x00,
       0x48, 0x00, 0xf8, 0x1a, 0xf0, 0x38, 0x48, 0x00, 0x49, 0x00, 0xf9, 0x00,
       0x84, 0x39, 0x49, 0x2d, 0x4a, 0x1a, 0xf0, 0x1a, 0xf0, 0x2d, 0x4a, 0x00,
       0x4b, 0x00, 0xf4, 0x00, 0x73, 0x34, 0x4b, 0x1a, 0xf0, 0x00, 0xf5, 0x1a,
       0xf0, 0x35, 0x4c, 0x00, 0x4d, 0x00, 0xf6, 0x00, 0x74, 0x36, 0x4d, 0x2b,
       0x4e, 0x1a, 0xf0, 0x1a, 0xf0, 0x2b, 0x4e, 0x00, 0x4f, 0x00, 0xf1, 0x00,
       0x75, 0x31, 0x4f, 0x00, 0x50, 0x00, 0xf2, 0x1a, 0xf0, 0x32, 0x50, 0x00,
       0x51, 0x00, 0xf3, 0x00, 0x76, 0x33, 0x51, 0x0a, 0xf0, 0x00, 0xf0, 0x1a,
       0xf0, 0x30, 0x52, 0x00, 0x53, 0x06, 0xf0, 0x1a, 0xf0, 0x2e, 0x53, 0x00,
       0xe8, 0x1c, 0x01, 0x56, 0x8b, 0xf0, 0xfc, 0x2e, 0xac, 0x0a, 0xc0, 0x74,
       0x07, 0x51, 0xe8, 0x05, 0x00, 0x59, 0xeb, 0xf3, 0x5e, 0xc3, 0x79, 0x04,
       0x24, 0x7f, 0xeb, 0xe4, 0x3c, 0x20, 0x73, 0x26, 0x3c, 0x02, 0x75, 0x16,
       0x2e, 0xac, 0x8a, 0xc8, 0x56, 0x32, 0xed, 0xbe, 0xc8, 0x22, 0xe3, 0xd6,
       0x2e, 0xac, 0x0a, 0xc0, 0x75, 0xfa, 0xe2, 0xf8, 0xeb, 0xcc, 0x3c, 0x07,
       0x74, 0x13, 0x3c, 0x1b, 0x75, 0x1b, 0x2e, 0xac, 0xeb, 0x0b, 0x3c, 0x5c,
       0x75, 0x07, 0xb0, 0x0d, 0xe8, 0xc7, 0x00, 0xb0, 0x0a, 0xe8, 0xc2, 0x00,
       0x3c, 0x07, 0x75, 0x04, 0x33, 0xc9, 0xe2, 0xfe, 0xc3, 0x3c, 0x0f, 0x75,
       0x1c, 0xb0, 0x09, 0x90, 0xe8, 0xb8, 0x00, 0x32, 0xed, 0xe3, 0x98, 0x53,
       0x8b, 0xd8, 0x2e, 0x8a, 0x2f, 0x43, 0x0a, 0xed, 0x75, 0xf8, 0xe2, 0xf6,
       0x8b, 0xc3, 0x5b, 0xeb, 0x86, 0x3c, 0x15, 0x74, 0x22, 0x3c, 0x10, 0x74,
       0x4e, 0xb1, 0x03, 0x3c, 0x14, 0x74, 0x64, 0x32, 0xc9, 0x3c, 0x12, 0x8a,
       0xc3, 0x74, 0x63, 0x8a, 0xc7, 0x72, 0x5f, 0x8a, 0xc5, 0xeb, 0x5b, 0x10,
       0x27, 0xe8, 0x03, 0x64, 0x00, 0x0a, 0x00, 0x56, 0x8b, 0xda, 0xbe, 0x1b,
       0x17, 0xb9, 0x04, 0x00, 0xfc, 0x2e, 0xad, 0x33, 0xd2, 0x93, 0xf7, 0xf3,
       0x8b, 0xda, 0x0a, 0xc0, 0x74, 0x04, 0xb5, 0x30, 0xeb, 0x04, 0x0a, 0xed,
       0x74, 0x05, 0x02, 0xc5, 0xe8, 0x4f, 0x00, 0xfe, 0xc9, 0x75, 0xe2, 0x8a,
       0xc3, 0x04, 0x30, 0x5e, 0xeb, 0x44, 0x90, 0x52, 0x8c, 0xda, 0xb1, 0x04,
       0xd3, 0xc2, 0x8a, 0xc2, 0x80, 0xe2, 0xf0, 0x03, 0xd3, 0x73, 0x02, 0xfe,
       0xc0, 0x32, 0xc9, 0xe8, 0x17, 0x00, 0xe8, 0x02, 0x00, 0x5a, 0xc3, 0x8a,
       0xc6, 0xe8, 0x02, 0x00, 0x8a, 0xc2, 0x50, 0x51, 0xb1, 0x04, 0xd2, 0xc0,
       0x59, 0xe8, 0x01, 0x00, 0x58, 0x24, 0x0f, 0x04, 0x90, 0x27, 0x14, 0x40,
       0x27, 0x3c, 0x30, 0x75, 0x07, 0x0a, 0xc9, 0x74, 0x03, 0xfe, 0xc9, 0xc3,
       0x32, 0xc9, 0x53, 0xb4, 0x0e, 0x33, 0xdb, 0xcd, 0x10, 0x5b, 0xc3, 0x53,
       0x52, 0x32, 0xe4, 0x50, 0xba, 0x79, 0x03, 0xec, 0x25, 0x07, 0x00, 0xd1,
       0xe0, 0x8b, 0xd8, 0x2e, 0x8b, 0x9f, 0x2e, 0x27, 0x58, 0x5a, 0xd1, 0xe0,
       0x03, 0xd8, 0x2e, 0x8b, 0x07, 0x5b, 0xc3, 0xb0, 0x0e, 0xfa, 0x8b, 0xe8,
       0xbb, 0xca, 0x17, 0xe9, 0xe8, 0x19, 0x33, 0xff, 0xb8, 0x00, 0xb0, 0x8e,
       0xc0, 0xba, 0x79, 0x03, 0xec, 0x25, 0x07, 0x00, 0xd1, 0xe0, 0x8b, 0xd8,
       0x8c, 0xc8, 0x8e, 0xd8, 0x8b, 0x9f, 0x2e, 0x27, 0x8b, 0xc5, 0x3c, 0x0f,
       0xba, 0x45, 0x03, 0x74, 0x0c, 0xb0, 0x00, 0xba, 0xf4, 0x17, 0xeb, 0x05,
       0x8b, 0xc5, 0xba, 0x62, 0x18, 0x8b, 0x77, 0x10, 0xfc, 0x8b, 0xc8, 0x32,
       0xed, 0xe3, 0x07, 0xac, 0x0a, 0xc0, 0x75, 0xfb, 0xe2, 0xf9, 0xac, 0x3c,
       0x1b, 0x75, 0x03, 0xac, 0xeb, 0x1f, 0x0a, 0xc0, 0x78, 0x26, 0x75, 0x02,
       0xff, 0xe2, 0x3c, 0x02, 0x75, 0x13, 0xac, 0x8a, 0xe0, 0x8b, 0xce, 0xbe,
       0xc8, 0x22, 0xac, 0x0a, 0xc0, 0x75, 0xfb, 0xfe, 0xcc, 0x75, 0xf7, 0xeb,
       0x18, 0x26, 0x88, 0x05, 0x81, 0xf7, 0x00, 0x80, 0xaa, 0x47, 0xeb, 0xce,
       0x25, 0x7f, 0x00, 0xd1, 0xe0, 0x8b, 0xc8, 0x87, 0xf1, 0x03, 0xf3, 0x8b,
       0x34, 0xac, 0x0a, 0xc0, 0x87, 0xf1, 0x74, 0xba, 0x87, 0xf1, 0x3c, 0x1b,
       0x75, 0x01, 0xac, 0x26, 0x88, 0x05, 0x81, 0xf7, 0x00, 0x80, 0xaa, 0x47,
       0xeb, 0xe7, 0xeb, 0xfe, 0xc7, 0x46, 0x02, 0x01, 0x03, 0xc3, 0x8a, 0x02,
       0x03, 0x00, 0x5c, 0x53, 0x49, 0x44, 0x53, 0x54, 0x20, 0x42, 0x45, 0x4e,
       0x59, 0x54, 0x54, 0x45, 0x54, 0x3a, 0x20, 0x8a, 0x5c, 0x07, 0x00, 0x02,
       0x03, 0x5c, 0x49, 0x6e, 0x64, 0x73, 0x74, 0x69, 0x6c, 0x20, 0x44, 0x61,
       0x74, 0x6f, 0x20, 0x6f, 0x67, 0x20, 0x4b, 0x6c, 0x6f, 0x6b, 0x6b, 0x65,
       0x73, 0x6c, 0x65, 0x74, 0x5c, 0x4a, 0x75, 0x73, 0x74, 0x65, 0x72, 0x27,
       0x20, 0x6f, 0x70, 0x73, 0x74, 0x61, 0x72, 0x74, 0x73, 0x76, 0x1b, 0x91,
       0x72, 0x64, 0x69, 0x65, 0x72, 0x6e, 0x65, 0x20, 0x28, 0x4b, 0x75, 0x6e,
       0x20, 0x68, 0x76, 0x69, 0x73, 0x20, 0x6e, 0x1b, 0x9b, 0x64, 0x76, 0x65,
       /* 0x58D7: string: "Monter venligst nye batterier\" */
       0x6e, 0x64, 0x69, 0x67, 0x74, 0x29, 0x5c, 0x07, 0x07, 0x07, 0x00, 0x4d,
       0x6f, 0x6e, 0x74, 0x65, 0x72, 0x20, 0x76, 0x65, 0x6e, 0x6c, 0x69, 0x67,
       0x73, 0x74, 0x20, 0x6e, 0x79, 0x65, 0x20, 0x62, 0x61, 0x74, 0x74, 0x65,
       /* 0x58F6: string: "\Check Tastaturet og Musen" */
       0x72, 0x69, 0x65, 0x72, 0x5c, 0x00, 0x5c, 0x43, 0x68, 0x65, 0x63, 0x6b,
       0x20, 0x54, 0x61, 0x73, 0x74, 0x61, 0x74, 0x75, 0x72, 0x65, 0x74, 0x20,
       0x6f, 0x67, 0x20, 0x4d, 0x75, 0x73, 0x65, 0x6e, 0x00, 0x5c, 0x49, 0x6e,
       0x64, 0x73, 0x1b, 0x91, 0x74, 0x20, 0x76, 0x65, 0x6e, 0x6c, 0x69, 0x67,
       0x73, 0x74, 0x20, 0x65, 0x6e, 0x20, 0x02, 0x16, 0x20, 0x64, 0x69, 0x73,
       0x6b, 0x65, 0x74, 0x74, 0x65, 0x20, 0x69, 0x20, 0x44, 0x52, 0x45, 0x56,
       0x20, 0x41, 0x5c, 0x6f, 0x67, 0x20, 0x74, 0x72, 0x79, 0x6b, 0x20, 0x70,
       /* 0x5946: string: " en tast" */
       0x1b, 0x86, 0x20, 0x65, 0x6e, 0x20, 0x74, 0x61, 0x73, 0x74, 0x00, 0x5c,
       0x46, 0x45, 0x4a, 0x4c, 0x3a, 0x02, 0x1b, 0x02, 0x1d, 0x3a, 0x5c, 0x52,
       0x4f, 0x4d, 0x20, 0x61, 0x64, 0x72, 0x65, 0x73, 0x73, 0x65, 0x20, 0x3d,
       /* 0x596C: string: "FEJL: " */
       0x20, 0x10, 0x5c, 0x00, 0x46, 0x45, 0x4a, 0x4c, 0x3a, 0x20, 0x00, 0x8b,
       /* 0x5976: string: " RAM" */
       /* 0x597D: string: " RAM" */
       0x02, 0x16, 0x20, 0x52, 0x41, 0x4d, 0x00, 0x8b, 0x8d, 0x20, 0x52, 0x41,
       0x4d, 0x00, 0x8b, 0x02, 0x20, 0x8c, 0x00, 0x46, 0x65, 0x6a, 0x6c, 0x20,
       0x6c, 0x61, 0x67, 0x65, 0x72, 0x8c, 0x00, 0x8b, 0x02, 0x1c, 0x6b, 0x6f,
       0x6e, 0x74, 0x72, 0x6f, 0x6c, 0x20, 0x65, 0x6c, 0x6c, 0x65, 0x72, 0x20,
       /* 0x59A6: string: "drev" */
       0x02, 0x1c, 0x64, 0x72, 0x65, 0x76, 0x00, 0x8b, 0x02, 0x11, 0x20, 0x02,
       0x12, 0x00, 0x8b, 0x02, 0x16, 0x20, 0x02, 0x14, 0x20, 0x02, 0x15, 0x00,
       /* 0x59BF: string: "tids ur" */
       0x8b, 0x02, 0x17, 0x74, 0x69, 0x64, 0x73, 0x20, 0x75, 0x72, 0x00, 0x8b,
       /* 0x59D1: string: "-port" */
       0x8d, 0x8c, 0x00, 0x8b, 0x02, 0x16, 0x20, 0x02, 0x18, 0x2d, 0x70, 0x6f,
       /* 0x59DC: string: "-port" */
       0x72, 0x74, 0x00, 0x8b, 0x02, 0x16, 0x02, 0x19, 0x2d, 0x70, 0x6f, 0x72,
       /* 0x59E5: string: " til mus" */
       0x74, 0x00, 0x8b, 0x02, 0x15, 0x20, 0x74, 0x69, 0x6c, 0x20, 0x6d, 0x75,
       0x73, 0x00, 0x43, 0x68, 0x65, 0x63, 0x6b, 0x73, 0x75, 0x6d, 0x66, 0x65,
       /* 0x59FF: string: " ROM" */
       0x6a, 0x6c, 0x20, 0x69, 0x20, 0x02, 0x16, 0x20, 0x52, 0x4f, 0x4d, 0x00,
       /* 0x5A05: string: "lager (paritets fejl)" */
       0x8b, 0x6c, 0x61, 0x67, 0x65, 0x72, 0x20, 0x28, 0x70, 0x61, 0x72, 0x69,
       /* 0x5A1B: string: "Vent et ojeblik !" */
       0x74, 0x65, 0x74, 0x73, 0x20, 0x66, 0x65, 0x6a, 0x6c, 0x29, 0x00, 0x56,
       0x65, 0x6e, 0x74, 0x20, 0x65, 0x74, 0x20, 0x6f, 0x6a, 0x65, 0x62, 0x6c,
       /* 0x5A33: string: "Marts" */
       0x69, 0x6b, 0x20, 0x21, 0x00, 0x02, 0x04, 0x00, 0x02, 0x05, 0x00, 0x4d,
       0x61, 0x72, 0x74, 0x73, 0x00, 0x02, 0x09, 0x00, 0x4d, 0x61, 0x6a, 0x00,
       0x02, 0x06, 0x00, 0x02, 0x07, 0x00, 0x02, 0x0a, 0x00, 0x02, 0x0b, 0x00,
       0x02, 0x0c, 0x00, 0x02, 0x0d, 0x00, 0x02, 0x0e, 0x00, 0x11, 0x3a, 0x12,
       /* 0x5A63: string: " kontrol enhed" */
       0x20, 0x64, 0x65, 0x6e, 0x20, 0x13, 0x20, 0x0f, 0x20, 0x14, 0x00, 0x20,
       0x6b, 0x6f, 0x6e, 0x74, 0x72, 0x6f, 0x6c, 0x20, 0x65, 0x6e, 0x68, 0x65,
       /* 0x5A72: string: "Fejl i " */
       /* 0x5A7A: string: "skaerm" */
       0x64, 0x00, 0x46, 0x65, 0x6a, 0x6c, 0x20, 0x69, 0x20, 0x00, 0x73, 0x6b,
       0x61, 0x65, 0x72, 0x6d, 0x00, 0x8a, 0x02, 0x03, 0x00, 0x5c, 0x44, 0x65,
       0x72, 0x6e, 0x69, 0x65, 0x72, 0x20, 0x61, 0x72, 0x72, 0x1b, 0x88, 0x74,
       0x20, 0x1b, 0x85, 0x20, 0x8a, 0x5c, 0x07, 0x00, 0x02, 0x03, 0x5c, 0x56,
       0x65, 0x75, 0x69, 0x6c, 0x6c, 0x65, 0x7a, 0x20, 0x64, 0x6f, 0x6e, 0x6e,
       0x65, 0x72, 0x20, 0x6c, 0x61, 0x20, 0x64, 0x61, 0x74, 0x65, 0x20, 0x65,
       0x74, 0x20, 0x6c, 0x27, 0x68, 0x65, 0x75, 0x72, 0x65, 0x5c, 0x53, 0x69,
       0x20, 0x6e, 0x1b, 0x82, 0x63, 0x65, 0x73, 0x73, 0x61, 0x69, 0x72, 0x65,
       0x20, 0x72, 0x65, 0x64, 0x1b, 0x82, 0x66, 0x69, 0x6e, 0x69, 0x73, 0x73,
       0x65, 0x7a, 0x20, 0x6c, 0x65, 0x73, 0x20, 0x6f, 0x70, 0x74, 0x69, 0x6f,
       /* 0x5AEF: string: "Veuillez mettre des piles neuves\" */
       0x6e, 0x73, 0x5c, 0x07, 0x07, 0x07, 0x00, 0x56, 0x65, 0x75, 0x69, 0x6c,
       0x6c, 0x65, 0x7a, 0x20, 0x6d, 0x65, 0x74, 0x74, 0x72, 0x65, 0x20, 0x64,
       0x65, 0x73, 0x20, 0x70, 0x69, 0x6c, 0x65, 0x73, 0x20, 0x6e, 0x65, 0x75,
       /* 0x5B15: string: "rifiez le clavier et la souris" */
       0x76, 0x65, 0x73, 0x5c, 0x00, 0x5c, 0x56, 0x1b, 0x82, 0x72, 0x69, 0x66,
       0x69, 0x65, 0x7a, 0x20, 0x6c, 0x65, 0x20, 0x63, 0x6c, 0x61, 0x76, 0x69,
       0x65, 0x72, 0x20, 0x65, 0x74, 0x20, 0x6c, 0x61, 0x20, 0x73, 0x6f, 0x75,
       0x72, 0x69, 0x73, 0x00, 0x5c, 0x4d, 0x65, 0x74, 0x74, 0x65, 0x7a, 0x20,
       0x75, 0x6e, 0x65, 0x20, 0x64, 0x69, 0x73, 0x71, 0x75, 0x65, 0x74, 0x74,
       /* 0x5B50: string: "me dans le Drive A\Puis tapez une touche quelconque" */
       0x65, 0x20, 0x53, 0x79, 0x73, 0x74, 0x1b, 0x8a, 0x6d, 0x65, 0x20, 0x64,
       0x61, 0x6e, 0x73, 0x20, 0x6c, 0x65, 0x20, 0x44, 0x72, 0x69, 0x76, 0x65,
       0x20, 0x41, 0x5c, 0x50, 0x75, 0x69, 0x73, 0x20, 0x74, 0x61, 0x70, 0x65,
       0x7a, 0x20, 0x75, 0x6e, 0x65, 0x20, 0x74, 0x6f, 0x75, 0x63, 0x68, 0x65,
       0x20, 0x71, 0x75, 0x65, 0x6c, 0x63, 0x6f, 0x6e, 0x71, 0x75, 0x65, 0x00,
       0x5c, 0x45, 0x72, 0x72, 0x65, 0x75, 0x72, 0x20, 0x3a, 0x20, 0x74, 0x6f,
       0x74, 0x61, 0x6c, 0x20, 0x69, 0x6e, 0x63, 0x6f, 0x72, 0x72, 0x65, 0x63,
       0x74, 0x20, 0x64, 0x61, 0x6e, 0x73, 0x20, 0x6c, 0x61, 0x20, 0x52, 0x4f,
       0x4d, 0x20, 0x65, 0x78, 0x74, 0x65, 0x72, 0x6e, 0x65, 0x20, 0x3a, 0x5c,
       0x61, 0x64, 0x72, 0x65, 0x73, 0x73, 0x65, 0x20, 0x65, 0x6e, 0x20, 0x52,
       /* 0x5BC8: string: "Erreur : Defaillance " */
       0x4f, 0x4d, 0x20, 0x3d, 0x20, 0x10, 0x5c, 0x00, 0x45, 0x72, 0x72, 0x65,
       0x75, 0x72, 0x20, 0x3a, 0x20, 0x44, 0x65, 0x66, 0x61, 0x69, 0x6c, 0x6c,
       0x61, 0x6e, 0x63, 0x65, 0x20, 0x00, 0x8c, 0x02, 0x16, 0x45, 0x00, 0x8c,
       /* 0x5BE9: string: "d'interruptions" */
       0x56, 0x44, 0x55, 0x00, 0x8b, 0x64, 0x27, 0x69, 0x6e, 0x74, 0x65, 0x72,
       0x72, 0x75, 0x70, 0x74, 0x69, 0x6f, 0x6e, 0x73, 0x00, 0x8b, 0x44, 0x4d,
       /* 0x5BFF: string: "ou du lecteur" */
       0x41, 0x00, 0x8b, 0x6f, 0x75, 0x20, 0x64, 0x75, 0x20, 0x6c, 0x65, 0x63,
       /* 0x5C0D: string: "du chronometre" */
       0x74, 0x65, 0x75, 0x72, 0x00, 0x64, 0x75, 0x20, 0x63, 0x68, 0x72, 0x6f,
       /* 0x5C1C: string: "du registre d'etat du systeme" */
       0x6e, 0x6f, 0x6d, 0x65, 0x74, 0x72, 0x65, 0x00, 0x64, 0x75, 0x20, 0x72,
       0x65, 0x67, 0x69, 0x73, 0x74, 0x72, 0x65, 0x20, 0x64, 0x27, 0x65, 0x74,
       0x61, 0x74, 0x20, 0x64, 0x75, 0x20, 0x73, 0x79, 0x73, 0x74, 0x65, 0x6d,
       /* 0x5C3A: string: "de l'horloge" */
       0x65, 0x00, 0x64, 0x65, 0x20, 0x6c, 0x27, 0x68, 0x6f, 0x72, 0x6c, 0x6f,
       /* 0x5C47: string: "du controleur VDU" */
       0x67, 0x65, 0x00, 0x64, 0x75, 0x20, 0x63, 0x6f, 0x6e, 0x74, 0x72, 0x6f,
       /* 0x5C5A: string: "d'imprimante" */
       0x6c, 0x65, 0x75, 0x72, 0x20, 0x56, 0x44, 0x55, 0x00, 0x8d, 0x64, 0x27,
       0x69, 0x6d, 0x70, 0x72, 0x69, 0x6d, 0x61, 0x6e, 0x74, 0x65, 0x00, 0x8d,
       /* 0x5C68: string: "serie" */
       /* 0x5C6E: string: "des registres coordonnees souris" */
       0x73, 0x65, 0x72, 0x69, 0x65, 0x00, 0x64, 0x65, 0x73, 0x20, 0x72, 0x65,
       0x67, 0x69, 0x73, 0x74, 0x72, 0x65, 0x73, 0x20, 0x63, 0x6f, 0x6f, 0x72,
       0x64, 0x6f, 0x6e, 0x6e, 0x65, 0x65, 0x73, 0x20, 0x73, 0x6f, 0x75, 0x72,
       /* 0x5C8F: string: "des totalisations ROS" */
       0x69, 0x73, 0x00, 0x64, 0x65, 0x73, 0x20, 0x74, 0x6f, 0x74, 0x61, 0x6c,
       0x69, 0x73, 0x61, 0x74, 0x69, 0x6f, 0x6e, 0x73, 0x20, 0x52, 0x4f, 0x53,
       /* 0x5CA5: string: "Memoire (erreur de parite)" */
       0x00, 0x4d, 0x65, 0x6d, 0x6f, 0x69, 0x72, 0x65, 0x20, 0x28, 0x65, 0x72,
       0x72, 0x65, 0x75, 0x72, 0x20, 0x64, 0x65, 0x20, 0x70, 0x61, 0x72, 0x69,
       /* 0x5CC0: string: "Patientez" */
       0x74, 0x65, 0x29, 0x00, 0x50, 0x61, 0x74, 0x69, 0x65, 0x6e, 0x74, 0x65,
       /* 0x5CCA: string: "Janvier" */
       0x7a, 0x00, 0x4a, 0x61, 0x6e, 0x76, 0x69, 0x65, 0x72, 0x00, 0x46, 0x1b,
       /* 0x5CD5: string: "vrier" */
       /* 0x5CDB: string: "Mars" */
       0x82, 0x76, 0x72, 0x69, 0x65, 0x72, 0x00, 0x4d, 0x61, 0x72, 0x73, 0x00,
       /* 0x5CE0: string: "Avril" */
       /* 0x5CEA: string: "Juin" */
       0x41, 0x76, 0x72, 0x69, 0x6c, 0x00, 0x4d, 0x61, 0x69, 0x00, 0x4a, 0x75,
       /* 0x5CEF: string: "Juillet" */
       0x69, 0x6e, 0x00, 0x4a, 0x75, 0x69, 0x6c, 0x6c, 0x65, 0x74, 0x00, 0x41,
       /* 0x5CFD: string: "Septembre" */
       0x6f, 0x1b, 0x96, 0x74, 0x00, 0x53, 0x65, 0x70, 0x74, 0x65, 0x6d, 0x62,
       /* 0x5D07: string: "Octobre" */
       /* 0x5D0F: string: "Novembre" */
       0x72, 0x65, 0x00, 0x4f, 0x63, 0x74, 0x6f, 0x62, 0x72, 0x65, 0x00, 0x4e,
       /* 0x5D1B: string: "cembre" */
       0x6f, 0x76, 0x65, 0x6d, 0x62, 0x72, 0x65, 0x00, 0x44, 0x1b, 0x82, 0x63,
       0x65, 0x6d, 0x62, 0x72, 0x65, 0x00, 0x11, 0x3a, 0x12, 0x20, 0x6c, 0x65,
       /* 0x5D2F: string: "du controleur " */
       0x20, 0x13, 0x20, 0x0f, 0x20, 0x14, 0x00, 0x64, 0x75, 0x20, 0x63, 0x6f,
       /* 0x5D3E: string: "de la RAM " */
       0x6e, 0x74, 0x72, 0x6f, 0x6c, 0x65, 0x75, 0x72, 0x20, 0x00, 0x64, 0x65,
       /* 0x5D49: string: "de la sortie " */
       0x20, 0x6c, 0x61, 0x20, 0x52, 0x41, 0x4d, 0x20, 0x00, 0x64, 0x65, 0x20,
       0x6c, 0x61, 0x20, 0x73, 0x6f, 0x72, 0x74, 0x69, 0x65, 0x20, 0x00, 0x8a,
       0x02, 0x03, 0x00, 0x5c, 0x55, 0x6c, 0x74, 0x69, 0x6d, 0x6f, 0x20, 0x75,
       0x73, 0x6f, 0x20, 0x61, 0x6c, 0x6c, 0x65, 0x20, 0x8a, 0x5c, 0x07, 0x00,
       0x02, 0x03, 0x5c, 0x41, 0x67, 0x67, 0x69, 0x6f, 0x72, 0x6e, 0x61, 0x72,
       0x65, 0x20, 0x6c, 0x61, 0x20, 0x64, 0x61, 0x74, 0x61, 0x20, 0x65, 0x20,
       0x6c, 0x27, 0x6f, 0x72, 0x61, 0x5c, 0x44, 0x65, 0x66, 0x69, 0x6e, 0x69,
       0x72, 0x65, 0x20, 0x6c, 0x65, 0x20, 0x4f, 0x70, 0x7a, 0x69, 0x6f, 0x6e,
       0x69, 0x20, 0x55, 0x74, 0x65, 0x6e, 0x74, 0x65, 0x20, 0x28, 0x53, 0x65,
       0x20, 0x72, 0x69, 0x63, 0x68, 0x69, 0x65, 0x73, 0x74, 0x6f, 0x29, 0x5c,
       /* 0x5DBC: string: "Batterie da sostituire\" */
       0x07, 0x07, 0x07, 0x00, 0x42, 0x61, 0x74, 0x74, 0x65, 0x72, 0x69, 0x65,
       0x20, 0x64, 0x61, 0x20, 0x73, 0x6f, 0x73, 0x74, 0x69, 0x74, 0x75, 0x69,
       /* 0x5DD4: string: "\Provare la tastiera e il mouse" */
       0x72, 0x65, 0x5c, 0x00, 0x5c, 0x50, 0x72, 0x6f, 0x76, 0x61, 0x72, 0x65,
       0x20, 0x6c, 0x61, 0x20, 0x74, 0x61, 0x73, 0x74, 0x69, 0x65, 0x72, 0x61,
       0x20, 0x65, 0x20, 0x69, 0x6c, 0x20, 0x6d, 0x6f, 0x75, 0x73, 0x65, 0x00,
       /* 0x5DF4: string: "\Inserire un disco di SISTEMA nel Drive A\Poi premere un tasto" */
       0x5c, 0x49, 0x6e, 0x73, 0x65, 0x72, 0x69, 0x72, 0x65, 0x20, 0x75, 0x6e,
       0x20, 0x64, 0x69, 0x73, 0x63, 0x6f, 0x20, 0x64, 0x69, 0x20, 0x53, 0x49,
       0x53, 0x54, 0x45, 0x4d, 0x41, 0x20, 0x6e, 0x65, 0x6c, 0x20, 0x44, 0x72,
       0x69, 0x76, 0x65, 0x20, 0x41, 0x5c, 0x50, 0x6f, 0x69, 0x20, 0x70, 0x72,
       0x65, 0x6d, 0x65, 0x72, 0x65, 0x20, 0x75, 0x6e, 0x20, 0x74, 0x61, 0x73,
       0x74, 0x6f, 0x00, 0x5c, 0x45, 0x72, 0x72, 0x6f, 0x72, 0x65, 0x3a, 0x20,
       0x73, 0x65, 0x67, 0x6e, 0x61, 0x6c, 0x65, 0x20, 0x65, 0x72, 0x72, 0x61,
       0x74, 0x6f, 0x20, 0x64, 0x61, 0x6c, 0x6c, 0x61, 0x20, 0x52, 0x4f, 0x4d,
       0x20, 0x45, 0x73, 0x74, 0x65, 0x72, 0x6e, 0x61, 0x3a, 0x5c, 0x69, 0x6e,
       0x64, 0x69, 0x72, 0x69, 0x7a, 0x7a, 0x6f, 0x20, 0x52, 0x4f, 0x4d, 0x20,
       /* 0x5E71: string: "Errore: " */
       0x3d, 0x20, 0x10, 0x5c, 0x00, 0x45, 0x72, 0x72, 0x6f, 0x72, 0x65, 0x3a,
       0x20, 0x00, 0x52, 0x41, 0x4d, 0x8d, 0x8c, 0x61, 0x00, 0x52, 0x41, 0x4d,
       0x20, 0x76, 0x69, 0x64, 0x65, 0x6f, 0x8c, 0x61, 0x00, 0x8b, 0x69, 0x6e,
       0x74, 0x65, 0x72, 0x72, 0x75, 0x7a, 0x69, 0x6f, 0x6e, 0x69, 0x8c, 0x6f,
       0x00, 0x8b, 0x64, 0x69, 0x20, 0x61, 0x63, 0x63, 0x65, 0x73, 0x73, 0x6f,
       0x20, 0x64, 0x69, 0x72, 0x65, 0x74, 0x74, 0x6f, 0x20, 0x61, 0x6c, 0x6c,
       0x61, 0x20, 0x6d, 0x65, 0x6d, 0x6f, 0x72, 0x69, 0x61, 0x8c, 0x6f, 0x00,
       0x8b, 0x64, 0x65, 0x6c, 0x20, 0x64, 0x69, 0x73, 0x63, 0x6f, 0x20, 0x6f,
       0x20, 0x64, 0x72, 0x69, 0x76, 0x65, 0x8c, 0x6f, 0x00, 0x74, 0x65, 0x6d,
       0x70, 0x6f, 0x72, 0x69, 0x7a, 0x7a, 0x61, 0x74, 0x6f, 0x72, 0x65, 0x8c,
       0x6f, 0x00, 0x72, 0x65, 0x67, 0x69, 0x73, 0x74, 0x72, 0x6f, 0x20, 0x64,
       0x69, 0x20, 0x73, 0x74, 0x61, 0x74, 0x6f, 0x20, 0x64, 0x65, 0x6c, 0x20,
       0x53, 0x49, 0x53, 0x54, 0x45, 0x4d, 0x41, 0x8c, 0x6f, 0x00, 0x63, 0x6c,
       0x6f, 0x63, 0x6b, 0x20, 0x69, 0x6e, 0x20, 0x74, 0x65, 0x6d, 0x70, 0x6f,
       0x20, 0x72, 0x65, 0x61, 0x6c, 0x65, 0x8c, 0x6f, 0x00, 0x8b, 0x64, 0x65,
       0x6c, 0x20, 0x76, 0x69, 0x64, 0x65, 0x6f, 0x8c, 0x6f, 0x00, 0x70, 0x6f,
       0x72, 0x74, 0x61, 0x20, 0x73, 0x74, 0x61, 0x6d, 0x70, 0x61, 0x6e, 0x74,
       0x65, 0x8d, 0x8c, 0x61, 0x00, 0x70, 0x6f, 0x72, 0x74, 0x61, 0x20, 0x73,
       0x65, 0x72, 0x69, 0x61, 0x6c, 0x65, 0x8d, 0x8c, 0x61, 0x00, 0x72, 0x65,
       0x67, 0x69, 0x73, 0x74, 0x72, 0x69, 0x20, 0x63, 0x6f, 0x6f, 0x72, 0x64,
       0x69, 0x6e, 0x61, 0x74, 0x65, 0x20, 0x6d, 0x6f, 0x75, 0x73, 0x65, 0x8c,
       /* 0x5F6A: string: "verifica lettura della ROS fallita" */
       0x69, 0x00, 0x76, 0x65, 0x72, 0x69, 0x66, 0x69, 0x63, 0x61, 0x20, 0x6c,
       0x65, 0x74, 0x74, 0x75, 0x72, 0x61, 0x20, 0x64, 0x65, 0x6c, 0x6c, 0x61,
       0x20, 0x52, 0x4f, 0x53, 0x20, 0x66, 0x61, 0x6c, 0x6c, 0x69, 0x74, 0x61,
       /* 0x5F95: string: "a (errore di parita)" */
       0x00, 0x6d, 0x65, 0x6d, 0x6f, 0x72, 0x69, 0x61, 0x8c, 0x61, 0x20, 0x28,
       0x65, 0x72, 0x72, 0x6f, 0x72, 0x65, 0x20, 0x64, 0x69, 0x20, 0x70, 0x61,
       /* 0x5FAA: string: "Prego attendere" */
       0x72, 0x69, 0x74, 0x61, 0x29, 0x00, 0x50, 0x72, 0x65, 0x67, 0x6f, 0x20,
       /* 0x5FBA: string: "Gennaio" */
       0x61, 0x74, 0x74, 0x65, 0x6e, 0x64, 0x65, 0x72, 0x65, 0x00, 0x47, 0x65,
       /* 0x5FC2: string: "Febbraio" */
       0x6e, 0x6e, 0x61, 0x69, 0x6f, 0x00, 0x46, 0x65, 0x62, 0x62, 0x72, 0x61,
       /* 0x5FCB: string: "Marzo" */
       0x69, 0x6f, 0x00, 0x4d, 0x61, 0x72, 0x7a, 0x6f, 0x00, 0x02, 0x09, 0x65,
       /* 0x5FD5: string: "Maggio" */
       /* 0x5FDC: string: "Giugno" */
       0x00, 0x4d, 0x61, 0x67, 0x67, 0x69, 0x6f, 0x00, 0x47, 0x69, 0x75, 0x67,
       /* 0x5FE3: string: "Luglio" */
       /* 0x5FEA: string: "Agosto" */
       0x6e, 0x6f, 0x00, 0x4c, 0x75, 0x67, 0x6c, 0x69, 0x6f, 0x00, 0x41, 0x67,
       /* 0x5FF1: string: "Settembre" */
       0x6f, 0x73, 0x74, 0x6f, 0x00, 0x53, 0x65, 0x74, 0x74, 0x65, 0x6d, 0x62,
       /* 0x5FFB: string: "Ottobre" */
       /* 0x6003: string: "Novembre" */
       0x72, 0x65, 0x00, 0x4f, 0x74, 0x74, 0x6f, 0x62, 0x72, 0x65, 0x00, 0x4e,
       /* 0x600C: string: "Dicembre" */
       0x6f, 0x76, 0x65, 0x6d, 0x62, 0x72, 0x65, 0x00, 0x44, 0x69, 0x63, 0x65,
       0x6d, 0x62, 0x72, 0x65, 0x00, 0x11, 0x3a, 0x12, 0x20, 0x64, 0x65, 0x6c,
       /* 0x6023: string: "controllore " */
       0x20, 0x13, 0x20, 0x0f, 0x20, 0x14, 0x00, 0x63, 0x6f, 0x6e, 0x74, 0x72,
       /* 0x6030: string: " difettos" */
       0x6f, 0x6c, 0x6c, 0x6f, 0x72, 0x65, 0x20, 0x00, 0x20, 0x64, 0x69, 0x66,
       /* 0x603A: string: " di SISTEMA" */
       0x65, 0x74, 0x74, 0x6f, 0x73, 0x00, 0x20, 0x64, 0x69, 0x20, 0x53, 0x49,
       0x53, 0x54, 0x45, 0x4d, 0x41, 0x00, 0x49, 0x42, 0x4d, 0x55, 0x53, 0x20,
       0x4e, 0x4f, 0x4e, 0x20, 0x43, 0x41, 0x52, 0x42, 0x4f, 0x52, 0x55, 0x4e,
       0x44, 0x55, 0x4d, 0xea, 0xc9, 0x00, 0x00, 0xfc, 0x8a, 0x02, 0x03, 0x00,
       0x5c, 0x53, 0x65, 0x6e, 0x61, 0x73, 0x74, 0x20, 0x61, 0x6e, 0x76, 0x1b,
       0x84, 0x6e, 0x64, 0x20, 0x8a, 0x5c, 0x07, 0x00, 0x02, 0x03, 0x5c, 0x56,
       0x2e, 0x67, 0x2e, 0x20, 0x73, 0x1b, 0x84, 0x74, 0x74, 0x20, 0x64, 0x61,
       0x74, 0x75, 0x6d, 0x20, 0x6f, 0x63, 0x68, 0x20, 0x74, 0x69, 0x64, 0x5c,
       0x56, 0x2e, 0x67, 0x2e, 0x20, 0x73, 0x74, 0x1b, 0x84, 0x6c, 0x6c, 0x20,
       0x69, 0x6e, 0x20, 0x61, 0x6e, 0x76, 0x1b, 0x84, 0x6e, 0x64, 0x61, 0x72,
       0x76, 0x1b, 0x84, 0x72, 0x64, 0x65, 0x6e, 0x20, 0x28, 0x76, 0x69, 0x64,
       0x20, 0x62, 0x65, 0x68, 0x6f, 0x76, 0x29, 0x5c, 0x07, 0x07, 0x07, 0x00,
       /* 0x60C4: string: "V.g. anslut nya batterier\" */
       0x56, 0x2e, 0x67, 0x2e, 0x20, 0x61, 0x6e, 0x73, 0x6c, 0x75, 0x74, 0x20,
       0x6e, 0x79, 0x61, 0x20, 0x62, 0x61, 0x74, 0x74, 0x65, 0x72, 0x69, 0x65,
       /* 0x60DF: string: "\Kontrollera tangentbord och mus" */
       0x72, 0x5c, 0x00, 0x5c, 0x4b, 0x6f, 0x6e, 0x74, 0x72, 0x6f, 0x6c, 0x6c,
       0x65, 0x72, 0x61, 0x20, 0x74, 0x61, 0x6e, 0x67, 0x65, 0x6e, 0x74, 0x62,
       0x6f, 0x72, 0x64, 0x20, 0x6f, 0x63, 0x68, 0x20, 0x6d, 0x75, 0x73, 0x00,
       0x5c, 0x53, 0x1b, 0x84, 0x74, 0x74, 0x20, 0x69, 0x20, 0x65, 0x6e, 0x20,
       0x53, 0x59, 0x53, 0x54, 0x45, 0x4d, 0x44, 0x49, 0x53, 0x4b, 0x45, 0x54,
       0x54, 0x20, 0x69, 0x20, 0x65, 0x6e, 0x68, 0x65, 0x74, 0x20, 0x41, 0x5c,
       /* 0x612D: string: "refter ner en tangent" */
       0x54, 0x72, 0x79, 0x63, 0x6b, 0x20, 0x64, 0x1b, 0x84, 0x72, 0x65, 0x66,
       0x74, 0x65, 0x72, 0x20, 0x6e, 0x65, 0x72, 0x20, 0x65, 0x6e, 0x20, 0x74,
       0x61, 0x6e, 0x67, 0x65, 0x6e, 0x74, 0x00, 0x5c, 0x46, 0x65, 0x6c, 0x3a,
       0x02, 0x1b, 0x20, 0x52, 0x4f, 0x4d, 0x20, 0x8b, 0x73, 0x75, 0x6d, 0x6d,
       0x61, 0x20, 0x66, 0x65, 0x6c, 0x61, 0x6b, 0x74, 0x69, 0x67, 0x3a, 0x5c,
       0x52, 0x4f, 0x4d, 0x20, 0x61, 0x64, 0x72, 0x65, 0x73, 0x73, 0x20, 0x3d,
       /* 0x6170: string: "Fel: Felaktig" */
       0x20, 0x10, 0x5c, 0x00, 0x46, 0x65, 0x6c, 0x3a, 0x20, 0x46, 0x65, 0x6c,
       /* 0x6181: string: " RAM" */
       0x61, 0x6b, 0x74, 0x69, 0x67, 0x00, 0x20, 0x02, 0x16, 0x20, 0x52, 0x41,
       /* 0x6186: string: " VDU RAM" */
       0x4d, 0x00, 0x20, 0x56, 0x44, 0x55, 0x20, 0x52, 0x41, 0x4d, 0x00, 0x20,
       0x61, 0x76, 0x62, 0x72, 0x6f, 0x74, 0x74, 0x73, 0x8b, 0x00, 0x20, 0x8b,
       /* 0x619C: string: " av direktminnesatkomst" */
       0x20, 0x61, 0x76, 0x20, 0x64, 0x69, 0x72, 0x65, 0x6b, 0x74, 0x6d, 0x69,
       0x6e, 0x6e, 0x65, 0x73, 0x61, 0x74, 0x6b, 0x6f, 0x6d, 0x73, 0x74, 0x00,
       /* 0x61BA: string: " eller skivenhet" */
       0x20, 0x64, 0x69, 0x73, 0x6b, 0x8b, 0x20, 0x65, 0x6c, 0x6c, 0x65, 0x72,
       0x20, 0x73, 0x6b, 0x69, 0x76, 0x65, 0x6e, 0x68, 0x65, 0x74, 0x00, 0x20,
       0x02, 0x11, 0x6c, 0x02, 0x12, 0x00, 0x02, 0x13, 0x02, 0x14, 0x02, 0x15,
       /* 0x61DC: string: "tidsklocka" */
       0x00, 0x20, 0x02, 0x17, 0x74, 0x69, 0x64, 0x73, 0x6b, 0x6c, 0x6f, 0x63,
       0x6b, 0x61, 0x00, 0x20, 0x56, 0x44, 0x55, 0x20, 0x8b, 0x00, 0x02, 0x13,
       /* 0x61F2: string: "port" */
       /* 0x61F9: string: "seriellport" */
       0x02, 0x18, 0x70, 0x6f, 0x72, 0x74, 0x00, 0x02, 0x13, 0x73, 0x65, 0x72,
       0x69, 0x65, 0x6c, 0x6c, 0x70, 0x6f, 0x72, 0x74, 0x00, 0x74, 0x20, 0x6d,
       0x75, 0x73, 0x6b, 0x6f, 0x6f, 0x72, 0x64, 0x69, 0x6e, 0x61, 0x74, 0x02,
       /* 0x621C: string: "summa" */
       0x15, 0x00, 0x20, 0x52, 0x4f, 0x53, 0x20, 0x8b, 0x73, 0x75, 0x6d, 0x6d,
       /* 0x6222: string: "t minne (paritetsfel)" */
       0x61, 0x00, 0x74, 0x20, 0x6d, 0x69, 0x6e, 0x6e, 0x65, 0x20, 0x28, 0x70,
       0x61, 0x72, 0x69, 0x74, 0x65, 0x74, 0x73, 0x66, 0x65, 0x6c, 0x29, 0x00,
       /* 0x6238: string: "V.g. vanta" */
       /* 0x6243: string: "januari" */
       0x56, 0x2e, 0x67, 0x2e, 0x20, 0x76, 0x61, 0x6e, 0x74, 0x61, 0x00, 0x6a,
       /* 0x624B: string: "februari" */
       0x61, 0x6e, 0x75, 0x61, 0x72, 0x69, 0x00, 0x66, 0x65, 0x62, 0x72, 0x75,
       /* 0x6254: string: "mars" */
       /* 0x6259: string: "april" */
       0x61, 0x72, 0x69, 0x00, 0x6d, 0x61, 0x72, 0x73, 0x00, 0x61, 0x70, 0x72,
       /* 0x6263: string: "juni" */
       0x69, 0x6c, 0x00, 0x6d, 0x61, 0x6a, 0x00, 0x6a, 0x75, 0x6e, 0x69, 0x00,
       /* 0x6268: string: "juli" */
       /* 0x626D: string: "augusti" */
       0x6a, 0x75, 0x6c, 0x69, 0x00, 0x61, 0x75, 0x67, 0x75, 0x73, 0x74, 0x69,
       /* 0x6275: string: "september" */
       /* 0x627F: string: "oktober" */
       0x00, 0x73, 0x65, 0x70, 0x74, 0x65, 0x6d, 0x62, 0x65, 0x72, 0x00, 0x6f,
       /* 0x6287: string: "november" */
       0x6b, 0x74, 0x6f, 0x62, 0x65, 0x72, 0x00, 0x6e, 0x6f, 0x76, 0x65, 0x6d,
       /* 0x6290: string: "december" */
       0x62, 0x65, 0x72, 0x00, 0x64, 0x65, 0x63, 0x65, 0x6d, 0x62, 0x65, 0x72,
       0x00, 0x11, 0x3a, 0x12, 0x20, 0x64, 0x65, 0x6e, 0x20, 0x13, 0x20, 0x0f,
       /* 0x62A7: string: "kontroll" */
       0x20, 0x14, 0x00, 0x6b, 0x6f, 0x6e, 0x74, 0x72, 0x6f, 0x6c, 0x6c, 0x00,
       0x00, 0x00, 0x00, 0x00, 0x00, 0x00, 0x00, 0x00, 0x00, 0x00, 0x00, 0x00,
       0x00, 0x00, 0x00, 0x00, 0x00, 0x00, 0x00, 0xea, 0xbf, 0x17, 0x00, 0xfc,
       0x02, 0x01, 0x56, 0x02, 0x02, 0x00, 0x41, 0x6d, 0x73, 0x74, 0x72, 0x61,
       0x64, 0x20, 0x50, 0x43, 0x20, 0x15, 0x4b, 0x20, 0x28, 0x00, 0x33, 0x2e,
       /* 0x62E5: string: "\(c)1988 Amstrad plc\" */
       0x31, 0x29, 0x20, 0x20, 0x00, 0x5c, 0x28, 0x63, 0x29, 0x31, 0x39, 0x38,
       0x38, 0x20, 0x41, 0x6d, 0x73, 0x74, 0x72, 0x61, 0x64, 0x20, 0x70, 0x6c,
       /* 0x62FB: string: "Januar" */
       /* 0x6302: string: "Februar" */
       0x63, 0x5c, 0x00, 0x4a, 0x61, 0x6e, 0x75, 0x61, 0x72, 0x00, 0x46, 0x65,
       /* 0x630A: string: "Juni" */
       /* 0x630F: string: "Juli" */
       0x62, 0x72, 0x75, 0x61, 0x72, 0x00, 0x4a, 0x75, 0x6e, 0x69, 0x00, 0x4a,
       /* 0x6314: string: "Oktober" */
       0x75, 0x6c, 0x69, 0x00, 0x4f, 0x6b, 0x74, 0x6f, 0x62, 0x65, 0x72, 0x00,
       /* 0x631C: string: "April" */
       /* 0x6322: string: "August" */
       0x41, 0x70, 0x72, 0x69, 0x6c, 0x00, 0x41, 0x75, 0x67, 0x75, 0x73, 0x74,
       /* 0x6330: string: "Oktober" */
       0x00, 0x53, 0x65, 0x70, 0x74, 0x02, 0x0f, 0x00, 0x4f, 0x6b, 0x74, 0x6f,
       0x62, 0x65, 0x72, 0x00, 0x4e, 0x6f, 0x76, 0x02, 0x0f, 0x00, 0x44, 0x65,
       /* 0x6344: string: "ember" */
       /* 0x634A: string: "Error" */
       0x63, 0x02, 0x0f, 0x00, 0x65, 0x6d, 0x62, 0x65, 0x72, 0x00, 0x45, 0x72,
       /* 0x6350: string: "interval" */
       0x72, 0x6f, 0x72, 0x00, 0x69, 0x6e, 0x74, 0x65, 0x72, 0x76, 0x61, 0x6c,
       /* 0x6359: string: "timer" */
       /* 0x635F: string: " system" */
       0x00, 0x74, 0x69, 0x6d, 0x65, 0x72, 0x00, 0x20, 0x73, 0x79, 0x73, 0x74,
       /* 0x6367: string: "status" */
       /* 0x636E: string: "register" */
       0x65, 0x6d, 0x00, 0x73, 0x74, 0x61, 0x74, 0x75, 0x73, 0x00, 0x72, 0x65,
       /* 0x6377: string: "SYSTEM" */
       0x67, 0x69, 0x73, 0x74, 0x65, 0x72, 0x00, 0x53, 0x59, 0x53, 0x54, 0x45,
       /* 0x637E: string: "real" */
       /* 0x6383: string: "printer" */
       0x4d, 0x00, 0x72, 0x65, 0x61, 0x6c, 0x00, 0x70, 0x72, 0x69, 0x6e, 0x74,
       /* 0x638B: string: " seriel" */
       /* 0x6393: string: " port" */
       0x65, 0x72, 0x00, 0x20, 0x73, 0x65, 0x72, 0x69, 0x65, 0x6c, 0x00, 0x20,
       /* 0x6399: string: " Extern" */
       0x70, 0x6f, 0x72, 0x74, 0x00, 0x20, 0x45, 0x78, 0x74, 0x65, 0x72, 0x6e,
       /* 0x63A1: string: "disk " */
       /* 0x63A7: string: " ROM checksum" */
       0x00, 0x64, 0x69, 0x73, 0x6b, 0x20, 0x00, 0x20, 0x52, 0x4f, 0x4d, 0x20,
       /* 0x63B5: string: "Direct Memory Access" */
       0x63, 0x68, 0x65, 0x63, 0x6b, 0x73, 0x75, 0x6d, 0x00, 0x44, 0x69, 0x72,
       0x65, 0x63, 0x74, 0x20, 0x4d, 0x65, 0x6d, 0x6f, 0x72, 0x79, 0x20, 0x41,
       /* 0x63CA: string: " Controller" */
       0x63, 0x63, 0x65, 0x73, 0x73, 0x00, 0x20, 0x43, 0x6f, 0x6e, 0x74, 0x72,
       /* 0x63D6: string: "Interrupt" */
       0x6f, 0x6c, 0x6c, 0x65, 0x72, 0x00, 0x49, 0x6e, 0x74, 0x65, 0x72, 0x72,
       0x75, 0x70, 0x74, 0x00, 0x02, 0x01, 0x73, 0x02, 0x02, 0x00, 0x11, 0x3a,
       0x12, 0x20, 0x20, 0x13, 0x20, 0x0f, 0x20, 0x14, 0x02, 0x03, 0x00, 0x5c,
       0x55, 0x74, 0x69, 0x6c, 0x69, 0x7a, 0x61, 0x64, 0x6f, 0x20, 0x70, 0x6f,
       0x72, 0x20, 0x1b, 0xa3, 0x6c, 0x74, 0x69, 0x6d, 0x61, 0x20, 0x76, 0x65,
       0x7a, 0x20, 0x61, 0x20, 0x6c, 0x61, 0x73, 0x20, 0x11, 0x3a, 0x12, 0x20,
       0x65, 0x6c, 0x20, 0x13, 0x20, 0x0f, 0x20, 0x14, 0x5c, 0x07, 0x00, 0x02,
       0x03, 0x5c, 0x92, 0x93, 0x66, 0x65, 0x63, 0x68, 0x61, 0x20, 0x79, 0x20,
       0x68, 0x6f, 0x72, 0x61, 0x5c, 0x92, 0x93, 0x6f, 0x70, 0x63, 0x69, 0x6f,
       0x6e, 0x65, 0x73, 0x8e, 0x75, 0x73, 0x75, 0x61, 0x72, 0x69, 0x6f, 0x20,
       0x28, 0x73, 0x69, 0x20, 0x65, 0x73, 0x20, 0x6e, 0x65, 0x63, 0x65, 0x73,
       /* 0x645F: string: "ponga piles nuevas\" */
       0x61, 0x72, 0x69, 0x6f, 0x29, 0x5c, 0x07, 0x07, 0x07, 0x00, 0x92, 0x70,
       0x6f, 0x6e, 0x67, 0x61, 0x20, 0x70, 0x69, 0x6c, 0x65, 0x73, 0x20, 0x6e,
       0x75, 0x65, 0x76, 0x61, 0x73, 0x5c, 0x00, 0x5c, 0x43, 0x6f, 0x6d, 0x70,
       0x72, 0x75, 0x65, 0x62, 0x65, 0x20, 0x65, 0x6c, 0x20, 0x74, 0x65, 0x63,
       0x6c, 0x61, 0x64, 0x6f, 0x20, 0x79, 0x20, 0x65, 0x6c, 0x20, 0x72, 0x61,
       0x74, 0x1b, 0xa2, 0x6e, 0x00, 0x5c, 0x49, 0x6e, 0x74, 0x72, 0x6f, 0x64,
       0x75, 0x7a, 0x63, 0x61, 0x20, 0x75, 0x6e, 0x20, 0x64, 0x69, 0x73, 0x63,
       /* 0x64B3: string: "unidad A\y luego pulse una tecla" */
       0x6f, 0x8e, 0x73, 0x69, 0x73, 0x74, 0x65, 0x6d, 0x61, 0x20, 0x8c, 0x75,
       0x6e, 0x69, 0x64, 0x61, 0x64, 0x20, 0x41, 0x5c, 0x79, 0x20, 0x6c, 0x75,
       0x65, 0x67, 0x6f, 0x20, 0x70, 0x75, 0x6c, 0x73, 0x65, 0x20, 0x75, 0x6e,
       0x61, 0x20, 0x74, 0x65, 0x63, 0x6c, 0x61, 0x00, 0x5c, 0x02, 0x10, 0x3a,
       0x20, 0x73, 0x75, 0x6d, 0x61, 0x8e, 0x63, 0x6f, 0x6d, 0x70, 0x72, 0x6f,
       0x62, 0x61, 0x63, 0x69, 0x6f, 0x6e, 0x20, 0x69, 0x6e, 0x63, 0x6f, 0x72,
       0x72, 0x65, 0x63, 0x74, 0x61, 0x20, 0x65, 0x6e, 0x20, 0x52, 0x4f, 0x4d,
       0x20, 0x65, 0x78, 0x74, 0x65, 0x72, 0x6e, 0x61, 0x3b, 0x20, 0x64, 0x69,
       0x72, 0x65, 0x63, 0x63, 0x69, 0x6f, 0x6e, 0x8e, 0x52, 0x4f, 0x4d, 0x20,
       /* 0x651B: string: ": fallo " */
       0x3d, 0x20, 0x10, 0x5c, 0x00, 0x02, 0x10, 0x3a, 0x20, 0x66, 0x61, 0x6c,
       0x6c, 0x6f, 0x20, 0x00, 0x8c, 0x52, 0x41, 0x4d, 0x8f, 0x00, 0x8c, 0x52,
       /* 0x6536: string: "interrupciones" */
       0x41, 0x4d, 0x8e, 0x8d, 0x56, 0x44, 0x55, 0x00, 0x8b, 0x91, 0x69, 0x6e,
       0x74, 0x65, 0x72, 0x72, 0x75, 0x70, 0x63, 0x69, 0x6f, 0x6e, 0x65, 0x73,
       0x00, 0x8b, 0x91, 0x61, 0x63, 0x63, 0x65, 0x73, 0x6f, 0x20, 0x64, 0x69,
       /* 0x6559: string: "memoria" */
       0x72, 0x65, 0x63, 0x74, 0x6f, 0x20, 0x61, 0x20, 0x8d, 0x6d, 0x65, 0x6d,
       0x6f, 0x72, 0x69, 0x61, 0x00, 0x8b, 0x91, 0x64, 0x69, 0x73, 0x63, 0x6f,
       0x20, 0x66, 0x6c, 0x65, 0x78, 0x69, 0x62, 0x6c, 0x65, 0x20, 0x6f, 0x20,
       /* 0x657C: string: "disco" */
       0x8c, 0x75, 0x6e, 0x69, 0x64, 0x61, 0x64, 0x8e, 0x64, 0x69, 0x73, 0x63,
       /* 0x6583: string: "temporizador programable" */
       0x6f, 0x00, 0x8b, 0x74, 0x65, 0x6d, 0x70, 0x6f, 0x72, 0x69, 0x7a, 0x61,
       0x64, 0x6f, 0x72, 0x20, 0x70, 0x72, 0x6f, 0x67, 0x72, 0x61, 0x6d, 0x61,
       0x62, 0x6c, 0x65, 0x00, 0x8b, 0x72, 0x65, 0x67, 0x69, 0x73, 0x74, 0x72,
       0x6f, 0x8e, 0x65, 0x73, 0x74, 0x61, 0x64, 0x6f, 0x8f, 0x00, 0x8b, 0x72,
       /* 0x65B5: string: "tiempo real" */
       0x65, 0x6c, 0x6f, 0x6a, 0x8e, 0x74, 0x69, 0x65, 0x6d, 0x70, 0x6f, 0x20,
       0x72, 0x65, 0x61, 0x6c, 0x00, 0x8b, 0x91, 0x8d, 0x56, 0x44, 0x55, 0x00,
       0x8c, 0x70, 0x75, 0x65, 0x72, 0x74, 0x61, 0x8e, 0x69, 0x6d, 0x70, 0x72,
       0x65, 0x73, 0x6f, 0x72, 0x61, 0x8f, 0x00, 0x8c, 0x70, 0x75, 0x65, 0x72,
       0x74, 0x61, 0x20, 0x73, 0x65, 0x72, 0x69, 0x65, 0x8f, 0x00, 0x65, 0x6e,
       0x20, 0x6c, 0x6f, 0x73, 0x20, 0x72, 0x65, 0x67, 0x69, 0x73, 0x74, 0x72,
       /* 0x65FB: string: "coordenadas del raton" */
       0x6f, 0x73, 0x8e, 0x63, 0x6f, 0x6f, 0x72, 0x64, 0x65, 0x6e, 0x61, 0x64,
       0x61, 0x73, 0x20, 0x64, 0x65, 0x6c, 0x20, 0x72, 0x61, 0x74, 0x6f, 0x6e,
       0x00, 0x64, 0x69, 0x20, 0x73, 0x75, 0x6d, 0x61, 0x20, 0x64, 0x69, 0x20,
       0x63, 0x6f, 0x6d, 0x70, 0x72, 0x6f, 0x62, 0x61, 0x63, 0x69, 0x6f, 0x6e,
       0x20, 0x8b, 0x52, 0x4f, 0x53, 0x20, 0x64, 0x65, 0x90, 0x00, 0x8c, 0x6d,
       0x65, 0x6d, 0x6f, 0x72, 0x69, 0x61, 0x20, 0x52, 0x41, 0x4d, 0x20, 0x28,
       /* 0x6646: string: "paridad)" */
       0x65, 0x72, 0x72, 0x6f, 0x72, 0x8e, 0x70, 0x61, 0x72, 0x69, 0x64, 0x61,
       /* 0x6650: string: "espere" */
       0x64, 0x29, 0x00, 0x92, 0x65, 0x73, 0x70, 0x65, 0x72, 0x65, 0x00, 0x00,
       0x00, 0x00, 0x00, 0x00, 0x00, 0x00, 0x00, 0x00, 0x12, 0x45, 0x04, 0x07,
       0x0a, 0x0e, 0x1f, 0xb8, 0x26, 0x02, 0xcd, 0x15, 0x32, 0xe4, 0x33, 0xd2,
       0xcd, 0x14, 0xb8, 0x27, 0x02, 0xcd, 0x15, 0x32, 0xe4, 0x42, 0xcd, 0x14,
       0xb4, 0x02, 0xcd, 0x1a, 0x8a, 0xc6, 0xe8, 0x28, 0x00, 0xf6, 0x26, 0x60,
       0x26, 0x8b, 0xd8, 0x8a, 0xc1, 0xe8, 0x1d, 0x00, 0xf7, 0x26, 0x61, 0x26,
       0x03, 0xd8, 0x8a, 0xc5, 0xe8, 0x12, 0x00, 0x8b, 0xc8, 0xf6, 0x26, 0x63,
       0x26, 0x03, 0xd8, 0x83, 0xd1, 0x00, 0x8b, 0xd3, 0xb4, 0x01, 0xcd, 0x1a,
       0xc3, 0x53, 0x51, 0x8a, 0xd8, 0x80, 0xe3, 0x0f, 0xb1, 0x04, 0xd2, 0xe8,
       0xf6, 0x26, 0x64, 0x26, 0x02, 0xc3, 0x59, 0x5b, 0xc3, 0x00, 0x00, 0x00,
       0x00, 0x00, 0x00, 0x00, 0x00, 0x00, 0x00, 0x00, 0x00, 0x00, 0x00, 0x00,
       0x00, 0x00, 0x00, 0x00, 0x00, 0x00, 0x00, 0x00, 0x00, 0x00, 0x00, 0x00,
       0x00, 0x00, 0x00, 0x00, 0x00, 0x00, 0x00, 0x00, 0x00, 0x00, 0x00, 0x00,
       0x00, 0x00, 0x00, 0x00, 0x00, 0x00, 0x00, 0x00, 0x00, 0x00, 0xea, 0xe5,
       0x0a, 0x00, 0xfc, 0x2e, 0xad, 0x8a, 0xd4, 0xee, 0xc3, 0xbf, 0x01, 0x00,
       0xeb, 0x07, 0x2e, 0xac, 0x8a, 0xd0, 0xec, 0x33, 0xff, 0x2e, 0xac, 0x98,
       0x8b, 0xc8, 0x2e, 0xad, 0x8a, 0xd0, 0x8a, 0xc4, 0xee, 0xfe, 0xc4, 0x03,
       0xd7, 0x2e, 0xac, 0xee, 0x2b, 0xd7, 0xe2, 0xf2, 0x33, 0xff, 0xc3, 0x00,
       0x00, 0x00, 0x00, 0x00, 0x00, 0xea, 0xac, 0x0f, 0x00, 0xfc, 0x3e, 0x27,
       0x78, 0x27, 0x94, 0x27, 0xac, 0x27, 0xe4, 0x27, 0xc8, 0x27, 0x5e, 0x27,
       0x3e, 0x27, 0xc8, 0x22, 0x52, 0x38, 0x56, 0x38, 0x68, 0x38, 0x98, 0x38,
       0xac, 0x38, 0xc6, 0x38, 0xf1, 0x38, 0x18, 0x39, 0xb2, 0x39, 0xe5, 0x39,
       0xf2, 0x39, 0xf9, 0x39, 0x01, 0x3a, 0x07, 0x3a, 0x0e, 0x3a, 0xc8, 0x22,
       0x8c, 0x29, 0x90, 0x29, 0xa8, 0x29, 0x01, 0x2a, 0x1c, 0x2a, 0x3c, 0x2a,
       0x88, 0x2a, 0xc7, 0x2a, 0xf5, 0x2b, 0x20, 0x2c, 0x32, 0x2c, 0x2d, 0x2c,
       0xc8, 0x22, 0x57, 0x1d, 0x5b, 0x1d, 0x70, 0x1d, 0xbc, 0x1d, 0xd4, 0x1d,
       0xf4, 0x1d, 0x33, 0x1e, 0x71, 0x1e, 0xba, 0x1f, 0x15, 0x20, 0x23, 0x20,
       0x30, 0x20, 0x3a, 0x20, 0xc8, 0x22, 0x60, 0x20, 0x64, 0x20, 0x78, 0x20,
       0xc4, 0x20, 0xdf, 0x20, 0x00, 0x21, 0x43, 0x21, 0x70, 0x21, 0x43, 0x22,
       0x99, 0x22, 0xa7, 0x22, 0xc8, 0x22, 0x6a, 0x18, 0x6e, 0x18, 0x83, 0x18,
       0xd7, 0x18, 0xf6, 0x18, 0x11, 0x19, 0x4f, 0x19, 0x6c, 0x19, 0x2d, 0x1a,
       0x55, 0x1a, 0x72, 0x1a, 0x63, 0x1a, 0x7a, 0x1a, 0xc8, 0x22, 0x81, 0x1a,
       0x85, 0x1a, 0x9c, 0x1a, 0xef, 0x1a, 0x11, 0x1b, 0x34, 0x1b, 0x84, 0x1b,
       0xc8, 0x1b, 0xca, 0x1c, 0x22, 0x1d, 0x2f, 0x1d, 0x3e, 0x1d, 0x49, 0x1d,
       0xe0, 0x23, 0xe6, 0x23, 0xf3, 0x23, 0x23, 0x24, 0x5e, 0x24, 0x73, 0x24,
       0x95, 0x24, 0xd4, 0x24, 0x19, 0x25, 0x42, 0x28, 0x9a, 0x28, 0xa7, 0x28,
       0xae, 0x28, 0xb1, 0x28, 0xb5, 0x28, 0xba, 0x28, 0xbe, 0x28, 0xc7, 0x28,
       0xd7, 0x28, 0xe3, 0x28, 0x00, 0x00, 0x00, 0x00, 0x00, 0x00, 0x00, 0x00,
       0x00, 0x00, 0x00, 0x00, 0x00, 0x00, 0x00, 0x00, 0x00, 0x00, 0x00, 0x00,
       0x00, 0x00, 0x00, 0x00, 0x00, 0x00, 0x00, 0x00, 0x00, 0x00, 0x00, 0x00,
       0x00, 0x00, 0xea, 0x00, 0x11, 0x00, 0xfc, 0xea, 0x72, 0x11, 0x00, 0xfc,
       /* 0x6842: string: "enero" */
       0xea, 0x22, 0x31, 0x00, 0xfc, 0xea, 0xd6, 0x12, 0x00, 0xfc, 0x65, 0x6e,
       /* 0x6848: string: "febrero" */
       0x65, 0x72, 0x6f, 0x00, 0x66, 0x65, 0x62, 0x72, 0x65, 0x72, 0x6f, 0x00,
       /* 0x6850: string: "marzo" */
       /* 0x6856: string: "abril" */
       0x6d, 0x61, 0x72, 0x7a, 0x6f, 0x00, 0x61, 0x62, 0x72, 0x69, 0x6c, 0x00,
       /* 0x685C: string: "mayo" */
       /* 0x6861: string: "junio" */
       /* 0x6867: string: "julio" */
       0x6d, 0x61, 0x79, 0x6f, 0x00, 0x6a, 0x75, 0x6e, 0x69, 0x6f, 0x00, 0x6a,
       /* 0x686D: string: "agosto" */
       0x75, 0x6c, 0x69, 0x6f, 0x00, 0x61, 0x67, 0x6f, 0x73, 0x74, 0x6f, 0x00,
       /* 0x6874: string: "setiembre" */
       /* 0x687E: string: "octubre" */
       0x73, 0x65, 0x74, 0x69, 0x65, 0x6d, 0x62, 0x72, 0x65, 0x00, 0x6f, 0x63,
       /* 0x6886: string: "noviembre" */
       0x74, 0x75, 0x62, 0x72, 0x65, 0x00, 0x6e, 0x6f, 0x76, 0x69, 0x65, 0x6d,
       /* 0x6890: string: "diciembre" */
       0x62, 0x72, 0x65, 0x00, 0x64, 0x69, 0x63, 0x69, 0x65, 0x6d, 0x62, 0x72,
       0x65, 0x00, 0x11, 0x3a, 0x12, 0x20, 0x65, 0x6c, 0x20, 0x13, 0x20, 0x0f,
       /* 0x68A7: string: "en el " */
       /* 0x68AE: string: "en la " */
       0x20, 0x14, 0x00, 0x65, 0x6e, 0x20, 0x65, 0x6c, 0x20, 0x00, 0x65, 0x6e,
       /* 0x68B5: string: " de " */
       /* 0x68BA: string: " del sistema" */
       0x20, 0x6c, 0x61, 0x20, 0x00, 0x20, 0x64, 0x65, 0x20, 0x00, 0x20, 0x64,
       /* 0x68C7: string: "controlador de " */
       0x65, 0x6c, 0x20, 0x73, 0x69, 0x73, 0x74, 0x65, 0x6d, 0x61, 0x00, 0x63,
       0x6f, 0x6e, 0x74, 0x72, 0x6f, 0x6c, 0x61, 0x64, 0x6f, 0x72, 0x20, 0x64,
       /* 0x68D7: string: "Por favor, " */
       0x65, 0x20, 0x00, 0x50, 0x6f, 0x72, 0x20, 0x66, 0x61, 0x76, 0x6f, 0x72,
       /* 0x68E3: string: "establezca " */
       0x2c, 0x20, 0x00, 0x65, 0x73, 0x74, 0x61, 0x62, 0x6c, 0x65, 0x7a, 0x63,
       0x61, 0x20, 0x00, 0x00, 0x00, 0x00, 0x00, 0x00, 0x00, 0x00, 0x00, 0x00,
       0x00, 0x00, 0x00, 0x00, 0x00, 0x00, 0x00, 0x00, 0x00, 0x00, 0x00, 0x00,
       0x00, 0x00, 0x00, 0x00, 0x00, 0x00, 0x00, 0x00, 0x00, 0x00, 0x00, 0x00,
       0x00, 0x00, 0x00, 0x00, 0x00, 0x00, 0x00, 0x00, 0x00, 0x00, 0x00, 0x00,
       0x00, 0x00, 0x00, 0x00, 0x00, 0x00, 0x00, 0x00, 0x00, 0x00, 0x00, 0x00,
       0x00, 0x00, 0x00, 0x00, 0x00, 0x00, 0x00, 0x00, 0x00, 0x00, 0x00, 0x00,
       0x00, 0x00, 0x00, 0x00, 0x00, 0x00, 0x00, 0x00, 0x00, 0x00, 0x00, 0x00,
       0x00, 0x00, 0x00, 0x00, 0x00, 0x00, 0x00, 0x00, 0x00, 0x00, 0x00, 0x00,
       0x00, 0x00, 0x00, 0x00, 0x00, 0x00, 0x00, 0x00, 0x00, 0x00, 0x00, 0x00,
       0x00, 0x00, 0x00, 0x00, 0x00, 0x00, 0x00, 0x00, 0x00, 0x00, 0x00, 0x00,
       0x00, 0x00, 0x00, 0x00, 0x00, 0x00, 0x00, 0x00, 0x00, 0x00, 0x00, 0x00,
       0x00, 0x00, 0x00, 0x00, 0x00, 0x00, 0x00, 0x00, 0x00, 0x00, 0x00, 0x00,
       0x00, 0x00, 0x00, 0x00, 0x00, 0x00, 0x00, 0x00, 0x00, 0x00, 0x00, 0xea,
       0x5f, 0x11, 0x00, 0xfc, 0x8a, 0x02, 0x03, 0x00, 0x5c, 0x5a, 0x75, 0x6c,
       0x65, 0x74, 0x7a, 0x74, 0x20, 0x62, 0x65, 0x6e, 0x75, 0x74, 0x7a, 0x74,
       0x20, 0x75, 0x6d, 0x20, 0x8a, 0x5c, 0x07, 0x00, 0x02, 0x03, 0x5c, 0x8b,
       0x44, 0x61, 0x74, 0x75, 0x6d, 0x20, 0x75, 0x6e, 0x64, 0x20, 0x55, 0x68,
       0x72, 0x7a, 0x65, 0x69, 0x74, 0x20, 0x65, 0x69, 0x6e, 0x73, 0x74, 0x65,
       0x6c, 0x6c, 0x65, 0x6e, 0x5c, 0x8b, 0x64, 0x69, 0x65, 0x20, 0x53, 0x74,
       0x61, 0x6e, 0x64, 0x61, 0x72, 0x64, 0x2d, 0x45, 0x69, 0x6e, 0x73, 0x74,
       0x65, 0x6c, 0x6c, 0x75, 0x6e, 0x67, 0x20, 0x1b, 0x84, 0x6e, 0x64, 0x65,
       0x72, 0x6e, 0x20, 0x28, 0x77, 0x65, 0x6e, 0x6e, 0x20, 0x67, 0x65, 0x77,
       0x1b, 0x81, 0x6e, 0x73, 0x63, 0x68, 0x74, 0x29, 0x5c, 0x07, 0x07, 0x07,
       /* 0x6A02: string: "neue Batterien einsetzen\" */
       0x00, 0x8b, 0x6e, 0x65, 0x75, 0x65, 0x20, 0x42, 0x61, 0x74, 0x74, 0x65,
       0x72, 0x69, 0x65, 0x6e, 0x20, 0x65, 0x69, 0x6e, 0x73, 0x65, 0x74, 0x7a,
       0x65, 0x6e, 0x5c, 0x00, 0x5c, 0x54, 0x61, 0x73, 0x74, 0x61, 0x74, 0x75,
       0x72, 0x20, 0x75, 0x6e, 0x64, 0x20, 0x4d, 0x61, 0x75, 0x73, 0x20, 0x1b,
       0x81, 0x62, 0x65, 0x72, 0x70, 0x72, 0x1b, 0x81, 0x66, 0x65, 0x6e, 0x00,
       0x5c, 0x4c, 0x65, 0x67, 0x65, 0x6e, 0x20, 0x53, 0x69, 0x65, 0x20, 0x65,
       0x69, 0x6e, 0x65, 0x20, 0x53, 0x59, 0x53, 0x54, 0x45, 0x4d, 0x2d, 0x44,
       0x69, 0x73, 0x6b, 0x65, 0x74, 0x74, 0x65, 0x20, 0x69, 0x6e, 0x20, 0x4c,
       0x61, 0x75, 0x66, 0x77, 0x65, 0x72, 0x6b, 0x20, 0x41, 0x5c, 0x44, 0x61,
       0x6e, 0x6e, 0x20, 0x62, 0x65, 0x6c, 0x69, 0x65, 0x62, 0x69, 0x67, 0x65,
       /* 0x6A83: string: "cken" */
       0x20, 0x54, 0x61, 0x73, 0x74, 0x65, 0x20, 0x64, 0x72, 0x1b, 0x81, 0x63,
       0x6b, 0x65, 0x6e, 0x00, 0x5c, 0x46, 0x65, 0x68, 0x6c, 0x65, 0x72, 0x3a,
       0x20, 0x46, 0x61, 0x6c, 0x73, 0x63, 0x68, 0x65, 0x20, 0x50, 0x72, 0x75,
       0x65, 0x66, 0x73, 0x75, 0x6d, 0x6d, 0x65, 0x20, 0x62, 0x65, 0x69, 0x20,
       0x65, 0x78, 0x74, 0x65, 0x72, 0x6e, 0x65, 0x6d, 0x20, 0x52, 0x4f, 0x4d,
       0x3a, 0x5c, 0x52, 0x4f, 0x4d, 0x2d, 0x41, 0x64, 0x72, 0x65, 0x73, 0x73,
       /* 0x6AC7: string: "Fehler" */
       0x65, 0x20, 0x3d, 0x20, 0x10, 0x5c, 0x00, 0x46, 0x65, 0x68, 0x6c, 0x65,
       /* 0x6AD1: string: " RAM" */
       /* 0x6AD7: string: "VDU RAM" */
       0x72, 0x00, 0x8c, 0x02, 0x16, 0x20, 0x52, 0x41, 0x4d, 0x00, 0x8c, 0x56,
       0x44, 0x55, 0x20, 0x52, 0x41, 0x4d, 0x00, 0x8c, 0x02, 0x20, 0x02, 0x1f,
       0x00, 0x8c, 0x44, 0x4d, 0x41, 0x02, 0x1f, 0x00, 0x8c, 0x46, 0x6c, 0x6f,
       0x70, 0x70, 0x79, 0x2d, 0x44, 0x69, 0x73, 0x6b, 0x2d, 0x43, 0x6f, 0x6e,
       0x74, 0x72, 0x6f, 0x6c, 0x6c, 0x65, 0x72, 0x20, 0x6f, 0x64, 0x65, 0x72,
       /* 0x6B09: string: "Laufwerk" */
       /* 0x6B13: string: "Zeitgeber" */
       0x8c, 0x4c, 0x61, 0x75, 0x66, 0x77, 0x65, 0x72, 0x6b, 0x00, 0x8c, 0x5a,
       0x65, 0x69, 0x74, 0x67, 0x65, 0x62, 0x65, 0x72, 0x00, 0x8c, 0x02, 0x16,
       /* 0x6B20: string: " Status-Register" */
       0x20, 0x53, 0x74, 0x61, 0x74, 0x75, 0x73, 0x2d, 0x52, 0x65, 0x67, 0x69,
       /* 0x6B31: string: " in der Echtzeit-Uhr" */
       0x73, 0x74, 0x65, 0x72, 0x00, 0x20, 0x69, 0x6e, 0x20, 0x64, 0x65, 0x72,
       0x20, 0x45, 0x63, 0x68, 0x74, 0x7a, 0x65, 0x69, 0x74, 0x2d, 0x55, 0x68,
       /* 0x6B4D: string: " am Ausgang fuer den System-Drucker" */
       0x72, 0x00, 0x8c, 0x56, 0x44, 0x55, 0x02, 0x1f, 0x00, 0x20, 0x61, 0x6d,
       0x20, 0x41, 0x75, 0x73, 0x67, 0x61, 0x6e, 0x67, 0x20, 0x66, 0x75, 0x65,
       0x72, 0x20, 0x64, 0x65, 0x6e, 0x20, 0x53, 0x79, 0x73, 0x74, 0x65, 0x6d,
       /* 0x6B71: string: " am seriellen System-Ausgang" */
       0x2d, 0x44, 0x72, 0x75, 0x63, 0x6b, 0x65, 0x72, 0x00, 0x20, 0x61, 0x6d,
       0x20, 0x73, 0x65, 0x72, 0x69, 0x65, 0x6c, 0x6c, 0x65, 0x6e, 0x20, 0x53,
       0x79, 0x73, 0x74, 0x65, 0x6d, 0x2d, 0x41, 0x75, 0x73, 0x67, 0x61, 0x6e,
       /* 0x6B8E: string: " in den Steuer-Registern fuer die Maus" */
       0x67, 0x00, 0x20, 0x69, 0x6e, 0x20, 0x64, 0x65, 0x6e, 0x20, 0x53, 0x74,
       0x65, 0x75, 0x65, 0x72, 0x2d, 0x52, 0x65, 0x67, 0x69, 0x73, 0x74, 0x65,
       0x72, 0x6e, 0x20, 0x66, 0x75, 0x65, 0x72, 0x20, 0x64, 0x69, 0x65, 0x20,
       /* 0x6BB5: string: ": Falsche ROS-Pruefsumme" */
       0x4d, 0x61, 0x75, 0x73, 0x00, 0x3a, 0x20, 0x46, 0x61, 0x6c, 0x73, 0x63,
       0x68, 0x65, 0x20, 0x52, 0x4f, 0x53, 0x2d, 0x50, 0x72, 0x75, 0x65, 0x66,
       /* 0x6BCF: string: "Hauptspeicher (Parity-Fehler)" */
       0x73, 0x75, 0x6d, 0x6d, 0x65, 0x00, 0x8c, 0x48, 0x61, 0x75, 0x70, 0x74,
       0x73, 0x70, 0x65, 0x69, 0x63, 0x68, 0x65, 0x72, 0x20, 0x28, 0x50, 0x61,
       0x72, 0x69, 0x74, 0x79, 0x2d, 0x46, 0x65, 0x68, 0x6c, 0x65, 0x72, 0x29,
       /* 0x6BEE: string: "warten" */
       0x00, 0x8b, 0x77, 0x61, 0x72, 0x74, 0x65, 0x6e, 0x00, 0x02, 0x04, 0x00,
       0x02, 0x05, 0x00, 0x4d, 0x1b, 0x84, 0x72, 0x7a, 0x00, 0x02, 0x09, 0x00,
       0x4d, 0x61, 0x69, 0x00, 0x02, 0x06, 0x00, 0x02, 0x07, 0x00, 0x02, 0x0a,
       0x00, 0x02, 0x0b, 0x00, 0x02, 0x08, 0x00, 0x02, 0x0d, 0x00, 0x44, 0x65,
       0x7a, 0x02, 0x0f, 0x00, 0x11, 0x3a, 0x12, 0x20, 0x61, 0x6d, 0x20, 0x13,
       /* 0x6C2D: string: " im " */
       /* 0x6C32: string: "Bitte " */
       0x20, 0x0f, 0x20, 0x14, 0x00, 0x20, 0x69, 0x6d, 0x20, 0x00, 0x42, 0x69,
       0x74, 0x74, 0x65, 0x20, 0x00, 0x00, 0x00, 0x00, 0x00, 0x00, 0x00, 0x00,
       0x00, 0x00, 0x00, 0x00, 0x00, 0x00, 0x00, 0x00, 0x00, 0x00, 0x00, 0x00,
       0x00, 0x00, 0x00, 0x00, 0x00, 0x00, 0x00, 0x00, 0x00, 0x00, 0x00, 0x00,
       0x00, 0xea, 0x5e, 0x2c, 0x00, 0xfc, 0xe8, 0x4d, 0xdf, 0x80, 0xfc, 0x02,
       0x72, 0x15, 0x80, 0xfc, 0x06, 0x73, 0x05, 0x80, 0xfa, 0x02, 0x72, 0x05,
       0xb4, 0x01, 0xe9, 0xd7, 0x00, 0xe8, 0xf1, 0x02, 0xe8, 0xa8, 0x01, 0x8a,
       0x5e, 0x01, 0x02, 0xdb, 0x32, 0xff, 0x2e, 0xff, 0x97, 0x8a, 0x2c, 0xe9,
       0xc4, 0x00, 0x67, 0x2d, 0xa0, 0x2d, 0xe4, 0x2c, 0x96, 0x2c, 0xe8, 0x2c,
       0xa2, 0x2c, 0xb6, 0x4a, 0xe8, 0x1c, 0x01, 0xb4, 0xc5, 0xe8, 0x4f, 0x00,
       0xeb, 0x3a, 0xb0, 0x04, 0xe8, 0x73, 0x02, 0x8a, 0xdc, 0xd0, 0xe3, 0xd0,
       0xe3, 0x32, 0xff, 0xb6, 0x4a, 0xe8, 0x27, 0x01, 0xb4, 0x4d, 0xe8, 0x40,
       0x02, 0x8a, 0x66, 0x07, 0xd0, 0xc4, 0xd0, 0xc4, 0x02, 0x66, 0x06, 0xe8,
       0x33, 0x02, 0xb0, 0x03, 0xe8, 0x2b, 0x02, 0xe8, 0x23, 0x02, 0x43, 0x43,
       0xe8, 0x1e, 0x02, 0x26, 0x8a, 0x27, 0xe8, 0x4c, 0x00, 0x8a, 0x46, 0x00,
       0x9c, 0xb9, 0x1b, 0x03, 0xe2, 0xfe, 0x9d, 0xc3, 0xb6, 0x46, 0xeb, 0x02,
       0xb6, 0x42, 0xe8, 0xca, 0x00, 0xb4, 0xe6, 0xe8, 0x07, 0x02, 0x8a, 0x66,
       0x07, 0xd0, 0xc4, 0xd0, 0xc4, 0x02, 0x66, 0x06, 0xe8, 0xfa, 0x01, 0x8a,
       0x66, 0x05, 0xe8, 0xf4, 0x01, 0x8a, 0x66, 0x07, 0xe8, 0xee, 0x01, 0x8a,
       0x66, 0x04, 0xe8, 0xe8, 0x01, 0xb0, 0x03, 0xe8, 0xe0, 0x01, 0x26, 0x8a,
       0x27, 0xe8, 0xdd, 0x01, 0x26, 0x8a, 0x27, 0xe8, 0xd7, 0x01, 0x26, 0x8a,
       0x27, 0xe8, 0x51, 0x01, 0xe8, 0x73, 0x01, 0x75, 0x01, 0xc3, 0xb9, 0x07,
       0x00, 0x8a, 0x26, 0x43, 0x04, 0xd0, 0xdc, 0x72, 0x02, 0xe2, 0xfa, 0xbb,
       0x44, 0x2d, 0x03, 0xd9, 0x2e, 0x8a, 0x27, 0xc3, 0x20, 0x20, 0x10, 0x08,
       0x20, 0x04, 0x03, 0x02, 0x32, 0xc0, 0x89, 0x46, 0x00, 0x88, 0x26, 0x41,
       0x04, 0x80, 0xfc, 0x01, 0xf5, 0x9c, 0xb0, 0x02, 0xe8, 0xbb, 0x01, 0x88,
       0x26, 0x40, 0x04, 0x9d, 0xe9, 0x39, 0xde, 0xc6, 0x06, 0x3e, 0x04, 0x00,
       0xba, 0xf2, 0x03, 0xb0, 0x08, 0xee, 0xb9, 0x1e, 0x00, 0xe2, 0xfe, 0xc6,
       0x06, 0x3f, 0x04, 0x00, 0xc7, 0x06, 0x40, 0x04, 0x00, 0x00, 0xb0, 0x0c,
       0xee, 0xe8, 0xf9, 0x00, 0xe8, 0xe6, 0x00, 0xb4, 0x03, 0xe8, 0x69, 0x01,
       0xb0, 0x00, 0xe8, 0x61, 0x01, 0xb0, 0x01, 0xe8, 0x5c, 0x01, 0x33, 0xc0,
       0x8a, 0x46, 0x00, 0xc3, 0xa0, 0x41, 0x04, 0x8a, 0xe0, 0xc3, 0x9c, 0x0e,
       0xe8, 0x01, 0x00, 0xc3, 0xe8, 0xff, 0xdd, 0xe8, 0xb7, 0x01, 0xe8, 0x6e,
       0x00, 0xeb, 0x97, 0x52, 0xb0, 0x03, 0xe8, 0x5d, 0x01, 0x75, 0x0b, 0xb0,
       0x06, 0xe8, 0x56, 0x01, 0x8a, 0xc4, 0x32, 0xe4, 0xeb, 0x07, 0x8a, 0xcc,
       0xb8, 0x80, 0x00, 0xd3, 0xc0, 0x8a, 0x5e, 0x00, 0xb7, 0x00, 0xf7, 0xe3,
       0x8b, 0xd8, 0x5a, 0x8b, 0x46, 0x0a, 0xb1, 0x04, 0xd3, 0xc0, 0x8a, 0xd0,
       0x80, 0xe2, 0x0f, 0x24, 0xf0, 0x03, 0x46, 0x02, 0x73, 0x02, 0xfe, 0xc2,
       0x8b, 0xc8, 0x03, 0xc3, 0x74, 0x02, 0x72, 0x26, 0xb0, 0x06, 0xe6, 0x0a,
       0xfa, 0xe6, 0x0c, 0x8a, 0xc1, 0xe6, 0x04, 0x8a, 0xc5, 0xe6, 0x04, 0x8a,
       0xc2, 0xe6, 0x81, 0x4b, 0x8a, 0xc3, 0xe6, 0x05, 0x8a, 0xc7, 0xe6, 0x05,
       0xfb, 0x8a, 0xc6, 0xe6, 0x0b, 0xb0, 0x02, 0xe6, 0x0a, 0xc3, 0xb4, 0x09,
       0xe9, 0x29, 0xff, 0x8a, 0x3e, 0x3f, 0x04, 0x84, 0x3e, 0x3e, 0x04, 0x75,
       0x10, 0x53, 0xe8, 0x25, 0x00, 0x74, 0x05, 0xe8, 0x20, 0x00, 0x75, 0x19,
       0x5b, 0x08, 0x3e, 0x3e, 0x04, 0xb4, 0x0f, 0xe8, 0xb7, 0x00, 0x8a, 0x66,
       0x06, 0xe8, 0xb1, 0x00, 0x8a, 0x66, 0x05, 0xe8, 0x10, 0x00, 0x72, 0x01,
       0xc3, 0xb4, 0x40, 0xe9, 0xf6, 0xfe, 0xb4, 0x07, 0xe8, 0x9e, 0x00, 0x8a,
       0x66, 0x06, 0xe8, 0x18, 0x00, 0xb0, 0x09, 0xe8, 0xb4, 0x00, 0x74, 0x09,
       0xb9, 0xc6, 0x01, 0xe2, 0xfe, 0xfe, 0xcc, 0x75, 0xf7, 0xb4, 0x08, 0xe8,
       0x83, 0x00, 0xeb, 0x26, 0x90, 0x80, 0x26, 0x3e, 0x04, 0x7f, 0xe8, 0x78,
       0x00, 0xb9, 0x00, 0x00, 0xb0, 0x05, 0xf6, 0x06, 0x3e, 0x04, 0x80, 0x75,
       0x0b, 0xe2, 0xf7, 0xfe, 0xc8, 0x75, 0xf3, 0xb4, 0x80, 0xe9, 0xb4, 0xfe,
       0x80, 0x26, 0x3e, 0x04, 0x7f, 0xc3, 0xfc, 0xba, 0xf4, 0x03, 0x8d, 0x1e,
       0x42, 0x04, 0xb4, 0x07, 0xb9, 0x00, 0x00, 0xec, 0xd0, 0xd0, 0x72, 0x07,
       0xe2, 0xf9, 0xb4, 0x20, 0xe9, 0x95, 0xfe, 0xd0, 0xd0, 0x73, 0x13, 0x0a,
       0xe4, 0x74, 0xf3, 0x42, 0xec, 0x4a, 0x88, 0x07, 0x43, 0xfe, 0xcc, 0xb9,
       0x0c, 0x00, 0xe2, 0xfe, 0xeb, 0xdd, 0xa0, 0x46, 0x04, 0x3a, 0x46, 0x07,
       0xa0, 0x47, 0x04, 0x74, 0x0b, 0xb0, 0x04, 0xe8, 0x3c, 0x00, 0x8a, 0xc4,
       0x02, 0x06, 0x47, 0x04, 0x2a, 0x46, 0x04, 0x8a, 0x26, 0x42, 0x04, 0xf6,
       0xc4, 0xc0, 0xb4, 0x00, 0xc3, 0x26, 0x8a, 0x27, 0xeb, 0x03, 0xe8, 0x21,
       0x00, 0xba, 0xf4, 0x03, 0xb9, 0x00, 0x00, 0xec, 0xd0, 0xd0, 0x72, 0x07,
       0xe2, 0xf9, 0xb4, 0x20, 0xe9, 0x41, 0xfe, 0xd0, 0xd0, 0x72, 0xf7, 0x8a,
       0xc4, 0x42, 0xee, 0xb9, 0x08, 0x00, 0xe2, 0xfe, 0x43, 0xc3, 0xc4, 0x1e,
       0x78, 0x00, 0x98, 0x03, 0xd8, 0x26, 0x8a, 0x27, 0x0a, 0xe4, 0xc3, 0x00,
       0x00, 0x00, 0x00, 0x00, 0x00, 0x00, 0x00, 0x00, 0x00, 0x00, 0x00, 0x00,
       0x00, 0x00, 0x00, 0x00, 0x00, 0x00, 0x00, 0x00, 0x00, 0x00, 0x00, 0x00,
       0x00, 0x00, 0x00, 0x00, 0x00, 0x00, 0x00, 0x00, 0x00, 0x00, 0x00, 0x00,
       0x00, 0x00, 0x00, 0x00, 0x00, 0x00, 0x00, 0x00, 0x00, 0x00, 0x00, 0x1e,
       0x50, 0x33, 0xc0, 0x8e, 0xd8, 0x80, 0x0e, 0x3e, 0x04, 0x80, 0xb0, 0x66,
       0xe6, 0x20, 0x58, 0x1f, 0xcf, 0xc6, 0x06, 0x40, 0x04, 0xff, 0x8a, 0x4e,
       0x06, 0xb0, 0x80, 0xfe, 0xc1, 0xd2, 0xc0, 0x84, 0x06, 0x3f, 0x04, 0x75,
       0x2b, 0xa2, 0x3f, 0x04, 0xb1, 0x04, 0xd2, 0xc0, 0x0a, 0x46, 0x06, 0x0c,
       0x0c, 0xba, 0xf2, 0x03, 0xee, 0xb0, 0x0a, 0xe8, 0x88, 0xff, 0x80, 0xfc,
       0x04, 0x73, 0x02, 0xb4, 0x04, 0xb0, 0x7d, 0xb9, 0xc6, 0x01, 0xe2, 0xfe,
       0xfe, 0xc8, 0x75, 0xf7, 0xfe, 0xcc, 0x75, 0xf1, 0xc3, 0x00, 0x00, 0x00,
       0x00, 0x00, 0x00, 0x00, 0x00, 0x00, 0x00, 0x00, 0x00, 0x00, 0x00, 0x00,
       0x00, 0x00, 0x00, 0x00, 0x00, 0x00, 0x00, 0x00, 0x00, 0x00, 0x00, 0x00,
       0x00, 0x00, 0x00, 0xdf, 0x02, 0x64, 0x02, 0x09, 0x2a, 0xff, 0x50, 0xf6,
       0x0f, 0x04, 0xea, 0xb3, 0x0e, 0x00, 0xfc, 0x05, 0xc4, 0x00, 0x01, 0x00,
       0x04, 0x00, 0x07, 0xa6, 0xc2, 0x00, 0xba, 0x01, 0xc4, 0x00, 0x03, 0x19,
       0xb4, 0x00, 0x60, 0x4f, 0x56, 0x3a, 0x51, 0x60, 0x70, 0x1f, 0x00, 0x0d,
       0x0b, 0x0d, 0x00, 0x00, 0x00, 0x00, 0x5e, 0x2e, 0x5d, 0x28, 0x0d, 0x5e,
       0x6e, 0xa3, 0xff, 0x00, 0xcc, 0x01, 0xca, 0x09, 0xce, 0x00, 0x00, 0x00,
       0x00, 0x00, 0x00, 0x00, 0x08, 0x00, 0xff, 0xba, 0x14, 0xc0, 0x00, 0x00,
       0x08, 0x08, 0x08, 0x08, 0x08, 0x08, 0x08, 0x10, 0x18, 0x18, 0x18, 0x18,
       0x18, 0x18, 0x18, 0x0e, 0x00, 0x0f, 0x08, 0x00, 0xb0, 0x03, 0xc4, 0x02,
       0x03, 0x00, 0x03, 0x02, 0xce, 0x05, 0x10, 0x0a, 0x00, 0x08, 0x03, 0x00,
       0x00, 0x00, 0x00, 0x00, 0x00, 0x00, 0x00, 0x00, 0x00, 0x55, 0x31, 0x18,
       0x33, 0x31, 0x33, 0xd8, 0x33, 0x7d, 0x37, 0x96, 0x32, 0xfc, 0x33, 0xed,
       0x33, 0xe9, 0x34, 0x03, 0x35, 0x16, 0x35, 0xd9, 0x32, 0x94, 0x36, 0x6f,
       0x37, 0x27, 0x35, 0x0b, 0x33, 0xea, 0x6a, 0x30, 0x00, 0xfc, 0xe8, 0x41,
       0xdb, 0x80, 0xfc, 0x10, 0x73, 0x1f, 0x8a, 0x1e, 0x10, 0x04, 0x80, 0xe3,
       0x30, 0x80, 0xfb, 0x30, 0xbb, 0x00, 0xb8, 0x75, 0x03, 0xbb, 0x00, 0xb0,
       0x8e, 0xc3, 0x8a, 0xdc, 0x32, 0xff, 0x03, 0xdb, 0x2e, 0xff, 0xa7, 0x45,
       0x30, 0xc3, 0x00, 0x00, 0x00, 0x00, 0x00, 0x00, 0x00, 0x00, 0x00, 0x00,
       0x00, 0x00, 0x00, 0x00, 0x00, 0x00, 0x00, 0x00, 0x38, 0x28, 0x2d, 0x0a,
       0x1f, 0x06, 0x19, 0x1c, 0x02, 0x07, 0x06, 0x07, 0x00, 0x00, 0x00, 0x00,
       0x71, 0x50, 0x5a, 0x0a, 0x1f, 0x06, 0x19, 0x1c, 0x02, 0x07, 0x06, 0x07,
       0x00, 0x00, 0x00, 0x00, 0x38, 0x28, 0x2d, 0x0a, 0x7f, 0x06, 0x64, 0x70,
       0x02, 0x01, 0x06, 0x07, 0x00, 0x00, 0x00, 0x00, 0x61, 0x50, 0x52, 0x0f,
       0x19, 0x06, 0x19, 0x19, 0x02, 0x0d, 0x0b, 0x0c, 0x00, 0x00, 0x00, 0x00,
       0xe8, 0x1d, 0x00, 0x8b, 0x16, 0x63, 0x04, 0x83, 0xc2, 0x04, 0xa0, 0x65,
       0x04, 0xee, 0xc3, 0xe8, 0x0e, 0x00, 0x8b, 0x16, 0x63, 0x04, 0x83, 0xc2,
       0x04, 0xa0, 0x65, 0x04, 0x24, 0xf7, 0xee, 0xc3, 0x8b, 0x16, 0x63, 0x04,
       0x81, 0xfa, 0xb4, 0x03, 0x74, 0x13, 0x83, 0xc2, 0x06, 0x33, 0xc9, 0xec,
       0x24, 0x08, 0x74, 0x02, 0xe2, 0xf9, 0xec, 0x24, 0x08, 0x75, 0x02, 0xe2,
       0xf9, 0xc3, 0xe8, 0x01, 0x00, 0xcb, 0xbb, 0xe8, 0x03, 0xb9, 0x2e, 0x22,
       0x7a, 0x06, 0xbb, 0xd0, 0x07, 0xb9, 0xb8, 0x88, 0xb0, 0xb6, 0xe6, 0x43,
       0x8a, 0xc3, 0xe6, 0x42, 0x8a, 0xc7, 0xe6, 0x42, 0xe4, 0x61, 0x0c, 0x03,
       0xe6, 0x61, 0xb4, 0x02, 0x51, 0xe2, 0xfe, 0x59, 0xfe, 0xcc, 0x75, 0xf8,
       0x24, 0xfe, 0xe6, 0x61, 0xc3, 0xbf, 0x4e, 0x04, 0xb9, 0x15, 0x00, 0x33,
       0xc0, 0x8e, 0xc0, 0xfc, 0xf3, 0xaa, 0xa0, 0x10, 0x04, 0x24, 0x30, 0x3c,
       0x30, 0xb3, 0x07, 0x74, 0x03, 0x8a, 0x5e, 0x00, 0x88, 0x1e, 0x49, 0x04,
       0xc4, 0x3e, 0x74, 0x00, 0xb0, 0x24, 0xe8, 0xf9, 0xda, 0x74, 0x02, 0xb0,
       0x07, 0x8a, 0xe8, 0xbe, 0x88, 0x31, 0xeb, 0x69, 0x83, 0xea, 0x05, 0x89,
       0x16, 0x63, 0x04, 0xa3, 0x65, 0x04, 0xf6, 0xc3, 0x02, 0xb8, 0x28, 0x00,
       0x74, 0x02, 0xd1, 0xe0, 0xa3, 0x4a, 0x04, 0x03, 0xdb, 0x2e, 0x8b, 0x87,
       0x08, 0x38, 0xa3, 0x4c, 0x04, 0xc7, 0x06, 0x60, 0x04, 0x07, 0x06, 0xe9,
       0x32, 0xff, 0x8e, 0xdb, 0xb0, 0x23, 0xbb, 0xbc, 0x31, 0xe9, 0xc5, 0xda,
       0x24, 0x30, 0x75, 0x06, 0xbe, 0xd1, 0x31, 0xe9, 0xc8, 0xce, 0xbe, 0xcd,
       0x31, 0xb0, 0x03, 0xeb, 0x0f, 0x4a, 0xee, 0xb0, 0x07, 0xbe, 0xd6, 0x31,
       0xeb, 0x06, 0x4a, 0xee, 0x8c, 0xd8, 0xff, 0xe0, 0x8b, 0xf8, 0xb0, 0x24,
       0xbb, 0xe6, 0x31, 0xe9, 0x9b, 0xda, 0x8a, 0xe8, 0x8b, 0xdf, 0x8c, 0xc8,
       0x8e, 0xc0, 0xbf, 0xa4, 0x30, 0xba, 0xd9, 0x03, 0x33, 0xc0, 0x80, 0xfb,
       0x07, 0x75, 0x04, 0xb2, 0xb9, 0xfe, 0xc4, 0xee, 0x4a, 0x8a, 0xc4, 0xee,
       0x80, 0xea, 0x04, 0x8a, 0xfd, 0x8a, 0xc3, 0x3c, 0x06, 0x75, 0x02, 0xfe,
       0xc8, 0x24, 0xfe, 0x32, 0xe4, 0xb1, 0x03, 0xd3, 0xe0, 0x03, 0xf8, 0xb9,
       0x10, 0x00, 0x33, 0xc0, 0x26, 0x8a, 0x25, 0xef, 0x47, 0xfe, 0xc0, 0xe2,
       0xf7, 0xfc, 0x80, 0xc2, 0x04, 0x80, 0xfb, 0x07, 0x74, 0x11, 0xb0, 0x12,
       0xee, 0xb8, 0x00, 0xb8, 0x8e, 0xc0, 0xb9, 0x00, 0x20, 0x33, 0xc0, 0x33,
       0xff, 0xf3, 0xab, 0x8a, 0xef, 0x32, 0xff, 0x2e, 0x8a, 0x87, 0x18, 0x38,
       0x24, 0xf7, 0xee, 0x8a, 0xe5, 0xbf, 0x00, 0xb0, 0xb9, 0x00, 0x08, 0x80,
       0xfb, 0x07, 0x74, 0x0b, 0xf6, 0xc3, 0x04, 0x75, 0x10, 0xbf, 0x00, 0xb8,
       0xb9, 0x00, 0x20, 0xb0, 0x20, 0x8e, 0xc7, 0x33, 0xff, 0xf3, 0xab, 0x8a,
       0xfc, 0xb0, 0x10, 0x80, 0xfb, 0x05, 0x74, 0x11, 0x8a, 0xc7, 0xb1, 0x04,
       0xd2, 0xc8, 0x24, 0x07, 0x0c, 0x30, 0x80, 0xfb, 0x06, 0x75, 0x02, 0x0c,
       0x07, 0x42, 0xee, 0x8a, 0xe0, 0x32, 0xff, 0x2e, 0x8a, 0x87, 0x18, 0x38,
       0xff, 0xe6, 0x80, 0x3e, 0x49, 0x04, 0x03, 0x77, 0x3b, 0x8a, 0x5e, 0x00,
       0x80, 0xfb, 0x04, 0x72, 0x0c, 0x80, 0xfb, 0x08, 0x73, 0x2e, 0x80, 0x3e,
       0x49, 0x04, 0x01, 0x77, 0x27, 0x88, 0x1e, 0x62, 0x04, 0xa1, 0x4c, 0x04,
       0x32, 0xff, 0x53, 0xf7, 0xe3, 0xa3, 0x4e, 0x04, 0xd1, 0xe8, 0x8b, 0xd8,
       0xe8, 0x3d, 0xfe, 0xb4, 0x0c, 0xe8, 0x84, 0x00, 0x5b, 0x03, 0xdb, 0x8b,
       0x8f, 0x50, 0x04, 0xd1, 0xeb, 0xeb, 0x70, 0x90, 0xc3, 0xe8, 0x28, 0xfe,
       0x8b, 0x46, 0x02, 0x0a, 0xe4, 0x8a, 0x26, 0x66, 0x04, 0x75, 0x07, 0x80,
       0xe4, 0x20, 0x0a, 0xc4, 0xeb, 0x11, 0x86, 0xc4, 0x24, 0xdf, 0x80, 0x3e,
       0x49, 0x04, 0x05, 0x74, 0x06, 0x0a, 0xe4, 0x74, 0x02, 0x0c, 0x20, 0xa2,
       0x66, 0x04, 0x8b, 0x16, 0x63, 0x04, 0x83, 0xc2, 0x05, 0xee, 0xc3, 0xa1,
       0x49, 0x04, 0x89, 0x46, 0x00, 0xa0, 0x62, 0x04, 0x88, 0x46, 0x03, 0xc3,
       0x89, 0x0e, 0x60, 0x04, 0x80, 0x3e, 0x49, 0x04, 0x07, 0x74, 0x08, 0x80,
       0xfd, 0x20, 0x72, 0x03, 0xb9, 0x1e, 0x1e, 0xb4, 0x0a, 0x8b, 0xd9, 0xeb,
       0x1f, 0x8a, 0x5e, 0x03, 0x32, 0xff, 0xd1, 0xe3, 0x89, 0x97, 0x50, 0x04,
       0xd1, 0xeb, 0x8b, 0xca, 0x3a, 0x1e, 0x62, 0x04, 0x74, 0x01, 0xc3, 0xe8,
       0x47, 0x00, 0x8b, 0xdf, 0xd1, 0xeb, 0xb4, 0x0e, 0x8b, 0x16, 0x63, 0x04,
       0x8a, 0xc4, 0xee, 0x42, 0x8a, 0xc7, 0xee, 0x4a, 0x8a, 0xc4, 0x40, 0xee,
       0x8a, 0xc3, 0x42, 0xee, 0x4a, 0xc3, 0xa0, 0x49, 0x04, 0x3c, 0x07, 0x74,
       0x0a, 0xa8, 0x04, 0x74, 0x06, 0x8b, 0x0e, 0x50, 0x04, 0xeb, 0x43, 0x8a,
       0x5e, 0x03, 0x32, 0xff, 0xd0, 0xe3, 0x8b, 0x8f, 0x50, 0x04, 0xd0, 0xeb,
       0xeb, 0x0b, 0xa0, 0x49, 0x04, 0x3c, 0x07, 0x74, 0x04, 0xa8, 0x04, 0x75,
       0x29, 0xa1, 0x4a, 0x04, 0xd1, 0xe0, 0xf6, 0xe5, 0x8b, 0xf9, 0x81, 0xe7,
       0xff, 0x00, 0xd1, 0xe7, 0x03, 0xf8, 0xa1, 0x4c, 0x04, 0x81, 0xe3, 0xff,
       0x00, 0x74, 0x09, 0x52, 0xa1, 0x4c, 0x04, 0xf7, 0xe3, 0x03, 0xf8, 0x5a,
       0xf8, 0xc3, 0x8b, 0x0e, 0x50, 0x04, 0xb8, 0x50, 0x00, 0xf6, 0xe5, 0xd1,
       0xe0, 0xd1, 0xe0, 0x8b, 0xf9, 0x81, 0xe7, 0xff, 0x00, 0x03, 0xc7, 0x80,
       0x3e, 0x49, 0x04, 0x06, 0x74, 0x02, 0x03, 0xc7, 0x8b, 0xf8, 0xf9, 0xc3,
       0x8a, 0x5e, 0x03, 0x02, 0xdb, 0x32, 0xff, 0x8b, 0x87, 0x50, 0x04, 0x89,
       0x46, 0x06, 0xa1, 0x60, 0x04, 0x89, 0x46, 0x04, 0xc3, 0x8b, 0xca, 0x2a,
       0xe8, 0x8b, 0x1e, 0x4a, 0x04, 0xd1, 0xe3, 0xf7, 0xdb, 0xfd, 0xeb, 0x0b,
       0x8b, 0xd1, 0x02, 0xe8, 0x8b, 0x1e, 0x4a, 0x04, 0xd1, 0xe3, 0xfc, 0x53,
       0x8a, 0x1e, 0x62, 0x04, 0xe8, 0x77, 0xff, 0x8b, 0xf7, 0x8b, 0xca, 0xe8,
       0x70, 0xff, 0xe8, 0xeb, 0xfc, 0x5a, 0x8a, 0x4e, 0x06, 0x2a, 0x4e, 0x04,
       0xfe, 0xc1, 0x32, 0xed, 0x8a, 0x7e, 0x03, 0x8a, 0x5e, 0x07, 0x2a, 0x5e,
       0x05, 0x8a, 0x46, 0x00, 0x2a, 0xd8, 0xfe, 0xc3, 0xe8, 0x2f, 0x00, 0x72,
       0x3d, 0x0a, 0xc0, 0x74, 0x18, 0x06, 0x1f, 0x56, 0x57, 0x51, 0xf3, 0xa5,
       0x59, 0x5f, 0x5e, 0x03, 0xf2, 0x03, 0xfa, 0xfe, 0xcb, 0x75, 0xf0, 0x8a,
       0xd8, 0x33, 0xc0, 0x8e, 0xd8, 0x8a, 0xe7, 0xb0, 0x20, 0x57, 0x51, 0xf3,
       0xab, 0x59, 0x5f, 0x03, 0xfa, 0xfe, 0xcb, 0x75, 0xf4, 0xc3, 0x80, 0x3e,
       0x49, 0x04, 0x07, 0x74, 0x08, 0xf6, 0x06, 0x49, 0x04, 0x04, 0x74, 0x01,
       0xf9, 0xc3, 0x50, 0x80, 0x3e, 0x49, 0x04, 0x06, 0x74, 0x0a, 0x03, 0xc9,
       0x0a, 0xf6, 0x79, 0x17, 0x47, 0x46, 0xeb, 0x0b, 0x8b, 0xc2, 0xd1, 0xe8,
       0x98, 0x8b, 0xd0, 0x0a, 0xf6, 0x79, 0x08, 0x81, 0xc7, 0xf0, 0x00, 0x81,
       0xc6, 0xf0, 0x00, 0x58, 0x0a, 0xc0, 0x74, 0x2c, 0xd0, 0xe3, 0xd0, 0xe3,
       0x06, 0x1f, 0x56, 0x57, 0x51, 0xf3, 0xa4, 0x59, 0x5f, 0x5e, 0x56, 0x57,
       0x51, 0x81, 0xc7, 0x00, 0x20, 0x81, 0xc6, 0x00, 0x20, 0xf3, 0xa4, 0x59,
       0x5f, 0x5e, 0x03, 0xfa, 0x03, 0xf2, 0xfe, 0xcb, 0x75, 0xe0, 0x33, 0xf6,
       0x8e, 0xde, 0x8a, 0xd8, 0x8a, 0xc7, 0xd0, 0xe3, 0xd0, 0xe3, 0x57, 0x51,
       0xf3, 0xaa, 0x59, 0x5f, 0x57, 0x51, 0x81, 0xc7, 0x00, 0x20, 0xf3, 0xaa,
       0x59, 0x5f, 0x03, 0xfa, 0xfe, 0xcb, 0x75, 0xea, 0xc3, 0xe8, 0x7a, 0xfe,
       0x73, 0x03, 0xe9, 0xfe, 0x01, 0x26, 0x8b, 0x05, 0x89, 0x46, 0x00, 0xc3,
       0xe8, 0x66, 0x01, 0x53, 0xe8, 0xec, 0x00, 0x5b, 0xe2, 0xf9, 0xc3, 0xe8,
       0x60, 0xfe, 0x8b, 0x4e, 0x04, 0x72, 0xed, 0x8a, 0x46, 0x00, 0x8a, 0x66,
       0x02, 0xfc, 0xab, 0xe2, 0xfd, 0xc3, 0xe8, 0x4d, 0xfe, 0x8b, 0x4e, 0x04,
       0x72, 0xda, 0xfc, 0x8a, 0x46, 0x00, 0xaa, 0x47, 0xe2, 0xf9, 0xc3, 0x8a,
       0x1e, 0x62, 0x04, 0xd0, 0xe3, 0x32, 0xff, 0x8b, 0x8f, 0x50, 0x04, 0x33,
       0xd2, 0x86, 0xd1, 0xd0, 0xeb, 0xe8, 0x4a, 0xfe, 0x1a, 0xe4, 0x8a, 0x46,
       0x00, 0x3c, 0x20, 0x73, 0x22, 0x3c, 0x07, 0x75, 0x03, 0xe9, 0xe2, 0xfb,
       0x3c, 0x0a, 0x74, 0x44, 0x3c, 0x08, 0x75, 0x0a, 0x0a, 0xd2, 0x75, 0x01,
       0xc3, 0xfe, 0xca, 0xeb, 0x79, 0x90, 0x3c, 0x0d, 0x75, 0x05, 0xb2, 0x00,
       0xeb, 0x70, 0x90, 0x57, 0x03, 0xfa, 0x03, 0xfa, 0x0a, 0xe4, 0x75, 0x06,
       0x8a, 0x46, 0x00, 0xaa, 0xeb, 0x13, 0x52, 0x51, 0x80, 0x3e, 0x49, 0x04,
       0x06, 0x75, 0x02, 0x2b, 0xfa, 0xe8, 0xdd, 0x00, 0xe8, 0x64, 0x00, 0x59,
       0x5a, 0x5f, 0xfe, 0xc2, 0x3a, 0x16, 0x4a, 0x04, 0x72, 0x44, 0x32, 0xd2,
       0x80, 0xfd, 0x18, 0x72, 0x33, 0x26, 0x8a, 0x7d, 0x01, 0xe8, 0xc6, 0xfe,
       0x73, 0x02, 0x32, 0xff, 0x53, 0xe8, 0x2e, 0x00, 0xe8, 0x59, 0xfb, 0x8a,
       0x1e, 0x62, 0x04, 0xb9, 0x00, 0x01, 0xe8, 0xd1, 0xfd, 0x8b, 0xf7, 0x8b,
       0x3e, 0x4e, 0x04, 0x8b, 0x0e, 0x4a, 0x04, 0x8b, 0xd1, 0x03, 0xd2, 0xfc,
       0x5b, 0xb3, 0x18, 0xb0, 0x01, 0xe9, 0x68, 0xfe, 0x8b, 0x1e, 0x4a, 0x04,
       0x03, 0xdb, 0x03, 0xfb, 0xfe, 0xc5, 0x8a, 0x1e, 0x62, 0x04, 0x8a, 0xca,
       0x32, 0xff, 0x03, 0xdb, 0x89, 0x8f, 0x50, 0x04, 0x03, 0xfa, 0x03, 0xfa,
       0xe9, 0x5f, 0xfd, 0x51, 0x57, 0xb9, 0x08, 0x00, 0x80, 0x3e, 0x49, 0x04,
       0x06, 0x74, 0x44, 0x8a, 0x46, 0x02, 0x24, 0x03, 0x32, 0xe4, 0x8b, 0xf0,
       0x56, 0x33, 0xc0, 0x1e, 0x8e, 0xda, 0x8a, 0x2f, 0x43, 0x1f, 0xd0, 0xed,
       0x73, 0x02, 0x0b, 0xc6, 0xd1, 0xe6, 0xd1, 0xe6, 0x0a, 0xed, 0x75, 0xf2,
       0x86, 0xe0, 0xf6, 0x46, 0x02, 0x80, 0x74, 0x03, 0x26, 0x33, 0x05, 0x26,
       0x89, 0x05, 0xb8, 0x00, 0x20, 0xf6, 0xc1, 0x01, 0x74, 0x03, 0xb8, 0x50,
       0xe0, 0x03, 0xf8, 0x5e, 0xe2, 0xca, 0x5f, 0x47, 0x47, 0x59, 0xc3, 0x1e,
       0x8e, 0xda, 0x8a, 0x07, 0xf6, 0x46, 0x02, 0x80, 0x74, 0x03, 0x26, 0x32,
       0x05, 0x26, 0x88, 0x05, 0x43, 0xb8, 0x00, 0x20, 0xf6, 0xc1, 0x01, 0x74,
       0x03, 0xb8, 0x50, 0xe0, 0x03, 0xf8, 0xe2, 0xe2, 0x1f, 0x5f, 0x47, 0x59,
       0xc3, 0x8a, 0x66, 0x00, 0x80, 0xfc, 0x80, 0x72, 0x0a, 0x80, 0xe4, 0x7f,
       0xe8, 0x16, 0x00, 0x75, 0x07, 0xb4, 0x20, 0x8c, 0xca, 0xbb, 0x6e, 0x3a,
       0x8a, 0xc4, 0x32, 0xe4, 0x03, 0xc0, 0x03, 0xc0, 0x03, 0xc0, 0x03, 0xd8,
       0xc3, 0x50, 0x8b, 0x1e, 0x7c, 0x00, 0x8b, 0x16, 0x7e, 0x00, 0x8b, 0xc2,
       0x0b, 0xc3, 0x58, 0xc3, 0xe8, 0x1d, 0x00, 0x8a, 0x46, 0x00, 0xd2, 0xc8,
       0x22, 0xc4, 0xf6, 0x46, 0x00, 0x80, 0x74, 0x07, 0x26, 0x32, 0x05, 0x26,
       0x88, 0x05, 0xc3, 0xf6, 0xd4, 0x26, 0x20, 0x25, 0x26, 0x08, 0x05, 0xc3,
       0xb0, 0x50, 0xd1, 0xca, 0xf6, 0xe2, 0xf6, 0xc6, 0x80, 0x74, 0x03, 0x05,
       0x00, 0x20, 0x8b, 0xd1, 0xd1, 0xea, 0xd1, 0xea, 0x80, 0x3e, 0x49, 0x04,
       0x06, 0x75, 0x10, 0xd1, 0xea, 0x03, 0xc2, 0x8b, 0xf8, 0x80, 0xe1, 0x07,
       0xfe, 0xc1, 0xb4, 0x01, 0xd2, 0xcc, 0xc3, 0x03, 0xc2, 0x8b, 0xf8, 0x80,
       0xe1, 0x03, 0xfe, 0xc1, 0x02, 0xc9, 0xb4, 0x03, 0xd2, 0xcc, 0xc3, 0x8c,
       0xca, 0xbb, 0x6e, 0x3a, 0xe8, 0x12, 0x00, 0x72, 0x0c, 0xe8, 0x89, 0xff,
       0x74, 0x07, 0xe8, 0x08, 0x00, 0x73, 0x02, 0x0c, 0x80, 0x88, 0x46, 0x00,
       0xc3, 0x53, 0xb9, 0x80, 0x00, 0x57, 0x51, 0x53, 0xb9, 0x08, 0x00, 0x26,
       0x8b, 0x05, 0x8a, 0xe8, 0x86, 0xe0, 0x80, 0x3e, 0x49, 0x04, 0x06, 0x74,
       0x1a, 0x51, 0xb1, 0x08, 0xbe, 0x03, 0x00, 0x32, 0xed, 0x85, 0xc6, 0x74,
       0x01, 0xf9, 0xd0, 0xdd, 0xd1, 0xe6, 0xd1, 0xe6, 0xfe, 0xc9, 0x75, 0xf1,
       0x58, 0x8a, 0xc8, 0x1e, 0x8e, 0xda, 0x3a, 0x2f, 0x1f, 0x75, 0x20, 0xb8,
       0x00, 0x20, 0xf6, 0xc1, 0x01, 0x74, 0x03, 0xb8, 0x50, 0xe0, 0x03, 0xf8,
       0x43, 0xfe, 0xc9, 0x75, 0xbe, 0x58, 0x59, 0x5f, 0x5b, 0x2b, 0xc3, 0xd1,
       0xe8, 0xd1, 0xe8, 0xd1, 0xe8, 0xf9, 0xc3, 0x5b, 0x59, 0x5f, 0x83, 0xc3,
       0x08, 0xe2, 0xa2, 0x33, 0xc0, 0x5b, 0xc3, 0xe8, 0x42, 0xff, 0x26, 0x8a,
       0x05, 0x22, 0xc4, 0xd2, 0xc0, 0x88, 0x46, 0x00, 0xc3, 0x8b, 0x16, 0x63,
       0x04, 0x83, 0xc2, 0x06, 0xec, 0x24, 0x06, 0x3c, 0x02, 0x74, 0x08, 0x72,
       0x02, 0x42, 0xee, 0x33, 0xc0, 0xeb, 0x69, 0x83, 0xea, 0x06, 0xb0, 0x10,
       0xee, 0x42, 0xec, 0x8a, 0xe0, 0x4a, 0xb0, 0x11, 0xee, 0x42, 0xec, 0x83,
       0xc2, 0x06, 0xee, 0x33, 0xdb, 0x8a, 0x1e, 0x49, 0x04, 0x2e, 0x8a, 0x9f,
       0x00, 0x38, 0x2b, 0xc3, 0x72, 0x0a, 0x8b, 0x0e, 0x4e, 0x04, 0xd1, 0xe9,
       0x2b, 0xc1, 0x73, 0x02, 0x33, 0xc0, 0xd0, 0xeb, 0xfe, 0xcb, 0xb3, 0x28,
       0x74, 0x02, 0xd0, 0xe3, 0xf6, 0xf3, 0x8a, 0xe8, 0xd0, 0xe5, 0x8a, 0xd4,
       0x80, 0x3e, 0x49, 0x04, 0x06, 0x75, 0x02, 0xd0, 0xe2, 0xe8, 0x86, 0xfc,
       0xb1, 0x02, 0x72, 0x02, 0xd2, 0xe5, 0x33, 0xdb, 0x8a, 0xda, 0x41, 0xd3,
       0xe3, 0x8a, 0xf5, 0xd2, 0xee, 0x89, 0x56, 0x06, 0x88, 0x6e, 0x05, 0x89,
       0x5e, 0x02, 0xb0, 0x01, 0x88, 0x46, 0x01, 0xc3, 0x02, 0x02, 0x04, 0x04,
       0x02, 0x02, 0x02, 0x04, 0x00, 0x08, 0x00, 0x08, 0x00, 0x10, 0x00, 0x10,
       0x00, 0x40, 0x00, 0x40, 0x00, 0x40, 0x00, 0x10, 0x28, 0x28, 0x29, 0x29,
       0x0a, 0x0e, 0x1a, 0x29, 0x00, 0x00, 0x00, 0x00, 0x00, 0x00, 0x00, 0x00,
       0x00, 0x00, 0x00, 0x00, 0x00, 0x00, 0x00, 0x00, 0x00, 0x00, 0x00, 0x00,
       0x00, 0x00, 0x00, 0x00, 0x00, 0x00, 0x00, 0x00, 0x00, 0x00, 0x00, 0x00,
       0x00, 0xea, 0xce, 0x0b, 0x00, 0xfc, 0x00, 0x00, 0x00, 0x00, 0x00, 0x00,
       0x00, 0xea, 0xd8, 0x0b, 0x00, 0xfc, 0x8a, 0x02, 0x03, 0x00, 0x5c, 0x4c,
       0x61, 0x73, 0x74, 0x20, 0x75, 0x73, 0x65, 0x64, 0x20, 0x61, 0x74, 0x20,
       0x8a, 0x5c, 0x07, 0x00, 0x02, 0x03, 0x8b, 0x74, 0x69, 0x6d, 0x65, 0x20,
       0x61, 0x6e, 0x64, 0x20, 0x64, 0x61, 0x74, 0x65, 0x8b, 0x75, 0x73, 0x65,
       0x72, 0x20, 0x6f, 0x70, 0x74, 0x69, 0x6f, 0x6e, 0x73, 0x20, 0x28, 0x69,
       0x66, 0x20, 0x72, 0x65, 0x71, 0x75, 0x69, 0x72, 0x65, 0x64, 0x29, 0x5c,
       /* 0x7899: string: "fit new batteries\" */
       0x07, 0x07, 0x07, 0x00, 0x8f, 0x66, 0x69, 0x74, 0x20, 0x6e, 0x65, 0x77,
       0x20, 0x62, 0x61, 0x74, 0x74, 0x65, 0x72, 0x69, 0x65, 0x73, 0x5c, 0x00,
       /* 0x78AC: string: "\Check keyboard and mouse" */
       0x5c, 0x43, 0x68, 0x65, 0x63, 0x6b, 0x20, 0x6b, 0x65, 0x79, 0x62, 0x6f,
       0x61, 0x72, 0x64, 0x20, 0x61, 0x6e, 0x64, 0x20, 0x6d, 0x6f, 0x75, 0x73,
       0x65, 0x00, 0x5c, 0x49, 0x6e, 0x73, 0x65, 0x72, 0x74, 0x20, 0x61, 0x20,
       /* 0x78DB: string: " A\Then press any key" */
       0x8c, 0x64, 0x69, 0x73, 0x6b, 0x20, 0x69, 0x6e, 0x74, 0x6f, 0x8e, 0x20,
       0x41, 0x5c, 0x54, 0x68, 0x65, 0x6e, 0x20, 0x70, 0x72, 0x65, 0x73, 0x73,
       0x20, 0x61, 0x6e, 0x79, 0x20, 0x6b, 0x65, 0x79, 0x00, 0x5c, 0x02, 0x10,
       0x3a, 0x02, 0x1b, 0x61, 0x6c, 0x02, 0x1d, 0x20, 0x69, 0x6e, 0x63, 0x6f,
       0x72, 0x72, 0x65, 0x63, 0x74, 0x3a, 0x5c, 0x52, 0x4f, 0x4d, 0x20, 0x61,
       0x64, 0x64, 0x72, 0x65, 0x73, 0x73, 0x20, 0x3d, 0x20, 0x10, 0x5c, 0x00,
       /* 0x791A: string: ": Faulty " */
       0x02, 0x10, 0x3a, 0x20, 0x46, 0x61, 0x75, 0x6c, 0x74, 0x79, 0x20, 0x00,
       /* 0x7929: string: "VDU RAM" */
       0x8c, 0x52, 0x41, 0x4d, 0x00, 0x56, 0x44, 0x55, 0x20, 0x52, 0x41, 0x4d,
       0x00, 0x02, 0x20, 0x02, 0x1f, 0x00, 0x02, 0x1e, 0x02, 0x1f, 0x00, 0x66,
       0x6c, 0x6f, 0x70, 0x70, 0x79, 0x8d, 0x02, 0x1f, 0x20, 0x6f, 0x72, 0x8d,
       0x8e, 0x00, 0x02, 0x11, 0x20, 0x02, 0x12, 0x00, 0x8c, 0x02, 0x14, 0x20,
       /* 0x7959: string: " time clock" */
       0x02, 0x15, 0x00, 0x02, 0x17, 0x20, 0x74, 0x69, 0x6d, 0x65, 0x20, 0x63,
       0x6c, 0x6f, 0x63, 0x6b, 0x00, 0x56, 0x44, 0x55, 0x02, 0x1f, 0x00, 0x8c,
       0x02, 0x18, 0x02, 0x1a, 0x00, 0x8c, 0x73, 0x65, 0x72, 0x69, 0x61, 0x6c,
       0x02, 0x1a, 0x00, 0x6d, 0x6f, 0x75, 0x73, 0x65, 0x20, 0x63, 0x6f, 0x6f,
       0x72, 0x64, 0x69, 0x6e, 0x61, 0x74, 0x65, 0x20, 0x02, 0x15, 0x73, 0x00,
       /* 0x7996: string: "memory (parity error)" */
       0x52, 0x4f, 0x53, 0x02, 0x1d, 0x00, 0x6d, 0x65, 0x6d, 0x6f, 0x72, 0x79,
       0x20, 0x28, 0x70, 0x61, 0x72, 0x69, 0x74, 0x79, 0x20, 0x65, 0x72, 0x72,
       /* 0x79AD: string: "wait" */
       0x6f, 0x72, 0x29, 0x00, 0x8f, 0x77, 0x61, 0x69, 0x74, 0x00, 0x02, 0x04,
       /* 0x79BA: string: "March" */
       0x79, 0x00, 0x02, 0x05, 0x79, 0x00, 0x4d, 0x61, 0x72, 0x63, 0x68, 0x00,
       /* 0x79C7: string: "June" */
       0x02, 0x09, 0x00, 0x4d, 0x61, 0x79, 0x00, 0x4a, 0x75, 0x6e, 0x65, 0x00,
       /* 0x79CC: string: "July" */
       /* 0x79D7: string: "October" */
       0x4a, 0x75, 0x6c, 0x79, 0x00, 0x02, 0x0a, 0x00, 0x02, 0x0b, 0x00, 0x4f,
       0x63, 0x74, 0x6f, 0x62, 0x65, 0x72, 0x00, 0x02, 0x0d, 0x00, 0x02, 0x0e,
       0x00, 0x11, 0x3a, 0x12, 0x20, 0x6f, 0x6e, 0x20, 0x13, 0x20, 0x0f, 0x20,
       /* 0x79F4: string: "set " */
       /* 0x79F9: string: "SYSTEM " */
       0x14, 0x00, 0x5c, 0x8f, 0x73, 0x65, 0x74, 0x20, 0x00, 0x53, 0x59, 0x53,
       /* 0x7A01: string: " disk" */
       /* 0x7A07: string: " drive" */
       0x54, 0x45, 0x4d, 0x20, 0x00, 0x20, 0x64, 0x69, 0x73, 0x6b, 0x00, 0x20,
       /* 0x7A0E: string: "Please " */
       0x64, 0x72, 0x69, 0x76, 0x65, 0x00, 0x50, 0x6c, 0x65, 0x61, 0x73, 0x65,
       0x20, 0x00, 0x00, 0x00, 0x00, 0x00, 0x00, 0x00, 0x00, 0x00, 0x00, 0x00,
       0x00, 0x00, 0x00, 0x00, 0x00, 0x00, 0x00, 0x00, 0x00, 0x00, 0x00, 0x00,
       0x00, 0x00, 0x00, 0x00, 0x00, 0x00, 0x00, 0x00, 0x00, 0x00, 0x00, 0x00,
       0x00, 0x00, 0x00, 0x00, 0x00, 0x00, 0x00, 0x00, 0x00, 0x00, 0x00, 0x00,
       0x00, 0x00, 0x00, 0x00, 0x00, 0x00, 0x00, 0x00, 0x00, 0x00, 0x00, 0x00,
       0x00, 0x00, 0x00, 0x00, 0x00, 0x00, 0x00, 0x00, 0x00, 0x00, 0x00, 0x00,
       0x00, 0x00, 0x00, 0x00, 0x00, 0x00, 0x00, 0x00, 0x00, 0x00, 0x00, 0x00,
       0x00, 0x00, 0x00, 0x00, 0x00, 0x00, 0x00, 0x00, 0x00, 0x00, 0x00, 0x00,
       0x00, 0x00, 0x7e, 0xc3, 0xa5, 0x81, 0xa5, 0x99, 0xc3, 0x7e, 0x7e, 0xff,
       0xdb, 0xff, 0xdb, 0xe7, 0xff, 0x7e, 0x00, 0x6c, 0xfe, 0xfe, 0x7c, 0x38,
       0x10, 0x00, 0x00, 0x10, 0x38, 0x7c, 0xfe, 0x7c, 0x38, 0x10, 0x00, 0x38,
       0x38, 0xd6, 0xfe, 0xd6, 0x10, 0x38, 0x00, 0x10, 0x38, 0x7c, 0xfe, 0xd6,
       0x10, 0x38, 0x00, 0x00, 0x18, 0x3c, 0x3c, 0x18, 0x00, 0x00, 0xff, 0xff,
       /* 0x7AB7: string: "<fBBf<" */
       0xe7, 0xc3, 0xc3, 0xe7, 0xff, 0xff, 0x00, 0x3c, 0x66, 0x42, 0x42, 0x66,
       0x3c, 0x00, 0xff, 0xc3, 0x99, 0xbd, 0xbd, 0x99, 0xc3, 0xff, 0x0f, 0x07,
       0x0f, 0x7d, 0xcc, 0xcc, 0xcc, 0x78, 0x3c, 0x66, 0x66, 0x66, 0x3c, 0x18,
       0x7e, 0x18, 0x30, 0x38, 0x3c, 0x34, 0x30, 0xd0, 0xf0, 0x60, 0x3f, 0x33,
       0x3f, 0x33, 0x33, 0xdd, 0xff, 0x66, 0x99, 0x5a, 0x24, 0xc3, 0xc3, 0x24,
       /* 0x7AEE: string: "@p|~|p@" */
       0x5a, 0x99, 0x40, 0x70, 0x7c, 0x7e, 0x7c, 0x70, 0x40, 0x00, 0x02, 0x0e,
       0x3e, 0x7e, 0x3e, 0x0e, 0x02, 0x00, 0x18, 0x3c, 0x7e, 0x18, 0x18, 0x7e,
       /* 0x7B06: string: "lllll" */
       0x3c, 0x18, 0x6c, 0x6c, 0x6c, 0x6c, 0x6c, 0x00, 0x6c, 0x00, 0x7e, 0xf4,
       /* 0x7B11: string: "t444" */
       0xf4, 0x74, 0x34, 0x34, 0x34, 0x00, 0x3c, 0x60, 0x38, 0x6c, 0x6c, 0x38,
       0x0c, 0x78, 0x00, 0x00, 0x00, 0x00, 0x7e, 0x7e, 0x7e, 0x00, 0x18, 0x3c,
       0x7e, 0x18, 0x7e, 0x3c, 0x18, 0x7e, 0x18, 0x3c, 0x7e, 0x18, 0x18, 0x18,
       0x18, 0x18, 0x18, 0x18, 0x18, 0x18, 0x18, 0x7e, 0x3c, 0x18, 0x00, 0x04,
       0x06, 0xff, 0xff, 0x06, 0x04, 0x00, 0x00, 0x20, 0x60, 0xff, 0xff, 0x60,
       0x20, 0x00, 0x00, 0x60, 0x60, 0x60, 0x60, 0x7e, 0x00, 0x00, 0x00, 0x24,
       0x66, 0xff, 0xff, 0x66, 0x24, 0x00, 0x00, 0x08, 0x1c, 0x3e, 0x7f, 0x7f,
       0x7f, 0x00, 0x00, 0x7f, 0x7f, 0x7f, 0x3e, 0x1c, 0x08, 0x00, 0x00, 0x00,
       0x00, 0x00, 0x00, 0x00, 0x00, 0x00, 0x18, 0x18, 0x18, 0x18, 0x18, 0x00,
       0x18, 0x00, 0x6c, 0x6c, 0x6c, 0x00, 0x00, 0x00, 0x00, 0x00, 0x6c, 0x6c,
       0xfe, 0x6c, 0xfe, 0x6c, 0x6c, 0x00, 0x18, 0x3e, 0x58, 0x3c, 0x1a, 0x7c,
       0x18, 0x00, 0x00, 0x63, 0x66, 0x0c, 0x18, 0x33, 0x63, 0x00, 0x1c, 0x36,
       /* 0x7BA1: string: ";nf;" */
       0x1c, 0x3b, 0x6e, 0x66, 0x3b, 0x00, 0x18, 0x18, 0x30, 0x00, 0x00, 0x00,
       0x00, 0x00, 0x0c, 0x18, 0x30, 0x30, 0x30, 0x18, 0x0c, 0x00, 0x30, 0x18,
       0x0c, 0x0c, 0x0c, 0x18, 0x30, 0x00, 0x00, 0x66, 0x3c, 0xff, 0x3c, 0x66,
       0x00, 0x00, 0x00, 0x18, 0x18, 0x7e, 0x18, 0x18, 0x00, 0x00, 0x00, 0x00,
       0x00, 0x00, 0x00, 0x18, 0x18, 0x30, 0x00, 0x00, 0x00, 0x7e, 0x00, 0x00,
       0x00, 0x00, 0x00, 0x00, 0x00, 0x00, 0x00, 0x18, 0x18, 0x00, 0x06, 0x0c,
       0x18, 0x30, 0x60, 0xc0, 0x80, 0x00, 0x7c, 0xc6, 0xce, 0xd6, 0xe6, 0xc6,
       0x7c, 0x00, 0x18, 0x38, 0x18, 0x18, 0x18, 0x18, 0x18, 0x00, 0x3c, 0x66,
       0x06, 0x0c, 0x18, 0x30, 0x7e, 0x00, 0x3c, 0x66, 0x06, 0x1c, 0x06, 0x66,
       0x3c, 0x00, 0x1c, 0x3c, 0x6c, 0xcc, 0xfe, 0x0c, 0x0c, 0x00, 0x7e, 0x60,
       /* 0x7C1E: string: "<f`|ff<" */
       0x7c, 0x06, 0x06, 0x66, 0x3c, 0x00, 0x3c, 0x66, 0x60, 0x7c, 0x66, 0x66,
       /* 0x7C2E: string: "<ff<ff<" */
       0x3c, 0x00, 0x7e, 0x06, 0x06, 0x0c, 0x18, 0x18, 0x18, 0x00, 0x3c, 0x66,
       0x66, 0x3c, 0x66, 0x66, 0x3c, 0x00, 0x3c, 0x66, 0x66, 0x3e, 0x0c, 0x18,
       0x30, 0x00, 0x00, 0x00, 0x18, 0x18, 0x00, 0x18, 0x18, 0x00, 0x00, 0x00,
       0x18, 0x18, 0x00, 0x18, 0x18, 0x30, 0x0c, 0x18, 0x30, 0x60, 0x30, 0x18,
       0x0c, 0x00, 0x00, 0x00, 0x7e, 0x00, 0x00, 0x7e, 0x00, 0x00, 0x60, 0x30,
       0x18, 0x0c, 0x18, 0x30, 0x60, 0x00, 0x3c, 0x66, 0x06, 0x0c, 0x18, 0x00,
       0x18, 0x00, 0x7c, 0xc6, 0xde, 0xde, 0xde, 0xc0, 0x7c, 0x00, 0x38, 0x6c,
       0xc6, 0xc6, 0xfe, 0xc6, 0xc6, 0x00, 0xfc, 0xc6, 0xc6, 0xfc, 0xc6, 0xc6,
       0xfc, 0x00, 0x3c, 0x66, 0xc0, 0xc0, 0xc0, 0x66, 0x3c, 0x00, 0xf8, 0xcc,
       0xc6, 0xc6, 0xc6, 0xcc, 0xf8, 0x00, 0xfe, 0xc0, 0xc0, 0xf8, 0xc0, 0xc0,
       0xfe, 0x00, 0xfe, 0xc0, 0xc0, 0xf8, 0xc0, 0xc0, 0xc0, 0x00, 0x3c, 0x66,
       0xc0, 0xc0, 0xce, 0x66, 0x3e, 0x00, 0xc6, 0xc6, 0xc6, 0xfe, 0xc6, 0xc6,
       /* 0x7CB6: string: "x00000x" */
       0xc6, 0x00, 0x78, 0x30, 0x30, 0x30, 0x30, 0x30, 0x78, 0x00, 0x06, 0x06,
       0x06, 0x06, 0xc6, 0xc6, 0x7c, 0x00, 0xc6, 0xcc, 0xd8, 0xf0, 0xd8, 0xcc,
       0xc6, 0x00, 0xc0, 0xc0, 0xc0, 0xc0, 0xc0, 0xc0, 0xfe, 0x00, 0xc6, 0xee,
       0xfe, 0xd6, 0xc6, 0xc6, 0xc6, 0x00, 0xc6, 0xe6, 0xf6, 0xde, 0xce, 0xc6,
       0xc6, 0x00, 0x38, 0x6c, 0xc6, 0xc6, 0xc6, 0x6c, 0x38, 0x00, 0xfc, 0xc6,
       0xc6, 0xfc, 0xc0, 0xc0, 0xc0, 0x00, 0x38, 0x6c, 0xc6, 0xc6, 0xda, 0x6c,
       0x36, 0x00, 0xfc, 0xc6, 0xc6, 0xfc, 0xcc, 0xc6, 0xc6, 0x00, 0x7c, 0xc6,
       0xc0, 0x7c, 0x06, 0xc6, 0x7c, 0x00, 0xfc, 0x30, 0x30, 0x30, 0x30, 0x30,
       0x30, 0x00, 0xc6, 0xc6, 0xc6, 0xc6, 0xc6, 0xc6, 0x7c, 0x00, 0xc6, 0xc6,
       0xc6, 0xc6, 0xc6, 0x6c, 0x38, 0x00, 0xc6, 0xc6, 0xc6, 0xd6, 0xfe, 0xee,
       0xc6, 0x00, 0xc6, 0xc6, 0x6c, 0x38, 0x6c, 0xc6, 0xc6, 0x00, 0x66, 0x66,
       0x66, 0x3c, 0x18, 0x18, 0x18, 0x00, 0xfe, 0x06, 0x0c, 0x18, 0x30, 0x60,
       0xfe, 0x00, 0x3c, 0x30, 0x30, 0x30, 0x30, 0x30, 0x3c, 0x00, 0xc0, 0x60,
       0x30, 0x18, 0x0c, 0x06, 0x02, 0x00, 0x3c, 0x0c, 0x0c, 0x0c, 0x0c, 0x0c,
       0x3c, 0x00, 0x08, 0x1c, 0x36, 0x63, 0x00, 0x00, 0x00, 0x00, 0x00, 0x00,
       0x00, 0x00, 0x00, 0x00, 0x00, 0xff, 0x30, 0x18, 0x0c, 0x00, 0x00, 0x00,
       0x00, 0x00, 0x00, 0x00, 0x7c, 0x06, 0x7e, 0xc6, 0x7e, 0x00, 0xc0, 0xc0,
       0xfc, 0xc6, 0xc6, 0xc6, 0xfc, 0x00, 0x00, 0x00, 0x7c, 0xc6, 0xc0, 0xc6,
       0x7c, 0x00, 0x06, 0x06, 0x7e, 0xc6, 0xc6, 0xc6, 0x7e, 0x00, 0x00, 0x00,
       0x7c, 0xc6, 0xfe, 0xc0, 0x7c, 0x00, 0x3c, 0x66, 0x60, 0xf8, 0x60, 0x60,
       0x60, 0x00, 0x00, 0x00, 0x7e, 0xc6, 0xc6, 0x7e, 0x06, 0xfc, 0xc0, 0xc0,
       0xfc, 0xc6, 0xc6, 0xc6, 0xc6, 0x00, 0x18, 0x00, 0x18, 0x18, 0x18, 0x18,
       0x18, 0x00, 0x0c, 0x00, 0x0c, 0x0c, 0x0c, 0x0c, 0xcc, 0x78, 0xc0, 0xc0,
       0xc6, 0xcc, 0xf8, 0xcc, 0xc6, 0x00, 0x18, 0x18, 0x18, 0x18, 0x18, 0x18,
       0x18, 0x00, 0x00, 0x00, 0x6c, 0xfe, 0xd6, 0xc6, 0xc6, 0x00, 0x00, 0x00,
       0xfc, 0xc6, 0xc6, 0xc6, 0xc6, 0x00, 0x00, 0x00, 0x7c, 0xc6, 0xc6, 0xc6,
       0x7c, 0x00, 0x00, 0x00, 0xfc, 0xc6, 0xc6, 0xfc, 0xc0, 0xc0, 0x00, 0x00,
       0x7e, 0xc6, 0xc6, 0x7e, 0x06, 0x06, 0x00, 0x00, 0xfc, 0xc6, 0xc0, 0xc0,
       0xc0, 0x00, 0x00, 0x00, 0x7c, 0xc0, 0x7c, 0x06, 0xfc, 0x00, 0x60, 0x60,
       /* 0x7E11: string: "``f<" */
       0xfc, 0x60, 0x60, 0x66, 0x3c, 0x00, 0x00, 0x00, 0xc6, 0xc6, 0xc6, 0xc6,
       0x7e, 0x00, 0x00, 0x00, 0xc6, 0xc6, 0xc6, 0x6c, 0x38, 0x00, 0x00, 0x00,
       0xc6, 0xc6, 0xd6, 0xfe, 0x6c, 0x00, 0x00, 0x00, 0xc6, 0x6c, 0x38, 0x6c,
       0xc6, 0x00, 0x00, 0x00, 0xc6, 0xc6, 0xc6, 0x7e, 0x06, 0xfc, 0x00, 0x00,
       0x7e, 0x0c, 0x18, 0x30, 0x7e, 0x00, 0x0e, 0x18, 0x18, 0x70, 0x18, 0x18,
       0x0e, 0x00, 0x18, 0x18, 0x18, 0x00, 0x18, 0x18, 0x18, 0x00, 0x70, 0x18,
       0x18, 0x0e, 0x18, 0x18, 0x70, 0x00, 0x32, 0x4c, 0x00, 0x00, 0x00, 0x00,
       0x00, 0x00, 0x00, 0x18, 0x3c, 0x66, 0xc3, 0xc3, 0xff, 0x00, 0xea, 0xd6,
       0x0c, 0x00, 0xfc, 0x00, 0x00, 0x00, 0x00, 0x00, 0x00, 0x00, 0x00, 0x00,
       0x00, 0x00, 0x00, 0x00, 0x00, 0x00, 0x00, 0x00, 0x00, 0x00, 0x00, 0x00,
       0x00, 0x00, 0x00, 0x00, 0x00, 0x00, 0x00, 0x00, 0x00, 0x00, 0x00, 0x00,
       0x00, 0x00, 0x00, 0x00, 0x00, 0x00, 0x00, 0x00, 0x00, 0x00, 0x00, 0x00,
       0x00, 0x00, 0x00, 0x00, 0x00, 0xea, 0x24, 0x0d, 0x00, 0xfc, 0x2e, 0x27,
       0xe8, 0xd1, 0xd7, 0xcb, 0xba, 0xaf, 0x3e, 0xe9, 0x43, 0xd9, 0x00, 0x2e,
       0xad, 0x8e, 0xc0, 0x8b, 0xd6, 0xbe, 0x6e, 0x3a, 0xb1, 0x04, 0x2e, 0xad,
       0xab, 0xe2, 0xfb, 0x33, 0xc0, 0xb1, 0x0c, 0xf3, 0xab, 0x81, 0xff, 0x00,
       0x10, 0x72, 0xed, 0x8b, 0xf2, 0xb6, 0x03, 0xc3, 0x2e, 0xad, 0x8b, 0xc8,
       0xb8, 0x20, 0x07, 0xf3, 0xab, 0xb2, 0xc0, 0xb0, 0x20, 0xee, 0x2e, 0xac,
       0xff, 0xe3, 0xba, 0xc0, 0x03, 0x32, 0xc0, 0xee, 0xee, 0xc3, 0x00, 0x4d,
       0x3f, 0x4d, 0x3f, 0xbf, 0x17, 0x4d, 0x3f, 0x4d, 0x3f, 0x34, 0x0f, 0x2f,
       0x13, 0x4d, 0x3f, 0x24, 0x0d, 0x5f, 0x11, 0x47, 0x3f, 0x47, 0x3f, 0x47,
       0x3f, 0x47, 0x3f, 0x57, 0x2f, 0x47, 0x3f, 0x65, 0x30, 0xd8, 0x0b, 0xce,
       0x0b, 0x59, 0x2c, 0xac, 0x0f, 0xe2, 0x0b, 0x00, 0x11, 0xb3, 0x0e, 0x2d,
       0x0b, 0xe5, 0x0a, 0xd6, 0x0c, 0x4d, 0x3f, 0x4d, 0x3f, 0xa4, 0x30, 0xc7,
       0x2f, 0x00, 0x00, 0x00, 0x00, 0x00, 0x00, 0x00, 0x00, 0x00, 0x00, 0x00,
       0x00, 0x00, 0x00, 0x00, 0x00, 0x00, 0x00, 0x00, 0x00, 0x00, 0x00, 0x50,
       0xb0, 0x20, 0xe6, 0x20, 0x58, 0xcf, 0x00, 0x00, 0x00, 0x00, 0x00, 0x00,
       0xea, 0x34, 0x0f, 0x00, 0xfc, 0xfd, 0x26, 0xf7, 0x26, 0xf7, 0x26, 0xfd,
       0x26, 0xfd, 0x26, 0xf7, 0x26, 0xf7, 0x26, 0xfd, 0x26, 0x02, 0x27, 0xb7,
       0x3e, 0xfd, 0x26, 0xfd, 0x26, 0xd8, 0x3e, 0x05, 0xc4, 0x00, 0x01, 0x01,
       0x04, 0x00, 0x07, 0x23, 0xc2, 0x00, 0xda, 0x01, 0xc4, 0x00, 0x03, 0x19,
       0xd4, 0x00, 0x70, 0x4f, 0x5c, 0x2f, 0x5f, 0x07, 0x04, 0x11, 0x00, 0x07,
       0x06, 0x00, 0x00, 0x00, 0x00, 0x00, 0xe1, 0x24, 0xc7, 0x28, 0x08, 0xe0,
       0xf0, 0xa3, 0xff, 0x00, 0xcc, 0x01, 0xca, 0x09, 0xce, 0x00, 0x00, 0x00,
       0x00, 0x00, 0x00, 0x00, 0x0c, 0x00, 0xff, 0xda, 0x14, 0xc0, 0x00, 0x00,
       0x01, 0x02, 0x03, 0x04, 0x05, 0x06, 0x07, 0x10, 0x11, 0x12, 0x13, 0x14,
       0x15, 0x16, 0x17, 0x08, 0x00, 0x0f, 0x00, 0x00, 0xb8, 0x03, 0xc4, 0x02,
       0x03, 0x00, 0x03, 0x02, 0xce, 0x05, 0x10, 0x0e, 0x00, 0x20, 0x07, 0x00,
       0x00, 0x00, 0x00, 0x00, 0x00, 0x00, 0x00, 0x00, 0x00, 0x00, 0x00, 0x00,
       0x00, 0x00, 0x00, 0x00, 0x00, 0x00, 0x00, 0x00, 0x00, 0x00, 0x00, 0x00,
       0xea, 0x5b, 0x20, 0x00, 0xfc, 0x07, 0x00, 0x00, 0x00, 0x00, 0x00, 0x00,
       0x00, 0x00, 0xff, 0xff,
     };

/* 0x0000-0x3FFF */
__attribute__((section (".rom"), used, aligned (1)))
     const uint8_t system_bios_0000[] = {
       /* 0x0000: system BIOS lower 16 KiB (maps to 0xF8000) */
       0xe9, 0xc6, 0x00, 0x28, 0x43, 0x29, 0x20, 0x43, 0x6f, 0x70, 0x79, 0x72,
       0x69, 0x67, 0x68, 0x74, 0x20, 0x31, 0x39, 0x38, 0x38, 0x20, 0x41, 0x6d,
       0x73, 0x74, 0x72, 0x61, 0x64, 0x20, 0x70, 0x6c, 0x63, 0x28, 0x28, 0x43,
       0x43, 0x29, 0x29, 0x20, 0x20, 0x43, 0x43, 0x6f, 0x6f, 0x70, 0x70, 0x79,
       0x79, 0x72, 0x72, 0x69, 0x69, 0x67, 0x67, 0x68, 0x68, 0x74, 0x74, 0x20,
       0x20, 0x31, 0x31, 0x39, 0x39, 0x38, 0x38, 0x38, 0x38, 0x20, 0x20, 0x41,
       0x41, 0x6d, 0x6d, 0x73, 0x73, 0x74, 0x74, 0x72, 0x72, 0x61, 0x61, 0x64,
       0x64, 0x20, 0x20, 0x70, 0x70, 0x6c, 0x6c, 0x63, 0x63, 0x60, 0x32, 0xe4,
       0x8b, 0xd8, 0x8b, 0xea, 0xb8, 0x00, 0xb8, 0x8e, 0xd8, 0xc6, 0x07, 0x2e,
       0xb4, 0xb0, 0x8e, 0xd8, 0xc6, 0x07, 0x2e, 0xd1, 0xcb, 0x43, 0xb9, 0x7e,
       0x00, 0xba, 0xd4, 0x03, 0xeb, 0x05, 0x8b, 0xcf, 0xba, 0xb4, 0x03, 0xb0,
       0x0f, 0xee, 0x8a, 0xc3, 0x42, 0xee, 0x8b, 0xd5, 0xff, 0xe1, 0xb9, 0x04,
       0x10, 0xba, 0xc2, 0x03, 0x33, 0xc0, 0x80, 0xed, 0x04, 0x8a, 0xc5, 0xee,
       0x8a, 0x07, 0xec, 0xf6, 0xd0, 0x24, 0x10, 0xd2, 0xe8, 0x0a, 0xe0, 0xfe,
       0xc9, 0x75, 0xeb, 0x80, 0xfc, 0x0a, 0x72, 0x03, 0x80, 0xec, 0x06, 0x8b,
       0xde, 0xbe, 0xd7, 0x2f, 0x80, 0xfc, 0x05, 0x76, 0x03, 0xbe, 0x73, 0x3f,
       0xfc, 0x8c, 0xc8, 0x8e, 0xd0, 0xbc, 0x59, 0x3f, 0xc3, 0xfa, 0x33, 0xc0,
       0xe6, 0xa0, 0xba, 0xf2, 0x03, 0xee, 0x8e, 0xd8, 0x81, 0x3e, 0x72, 0x04,
       0x34, 0x12, 0x75, 0x08, 0xff, 0x06, 0x72, 0x04, 0xe6, 0x66, 0xeb, 0xfe,
       0x7c, 0x04, 0xff, 0x0e, 0x72, 0x04, 0xba, 0xfc, 0x03, 0xb0, 0x10, 0xee,
       0xb0, 0x0d, 0xbb, 0xf8, 0x00, 0xe9, 0x89, 0x0b, 0x75, 0x0c, 0x02, 0xc0,
       0x72, 0x28, 0x81, 0x3e, 0x72, 0x04, 0x34, 0x12, 0x74, 0x20, 0xb8, 0x0b,
       0x82, 0xef, 0xb9, 0x40, 0x00, 0xbb, 0x05, 0x02, 0x33, 0xc0, 0x2e, 0x8a,
       0x27, 0x80, 0xfc, 0xfe, 0x74, 0x01, 0xef, 0xfe, 0xc0, 0x81, 0xfb, 0x2e,
       0x02, 0x74, 0x01, 0x43, 0xe2, 0xec, 0xb0, 0x23, 0xbb, 0x2e, 0x01, 0xe9,
       0x53, 0x0b, 0x8a, 0xe0, 0xb7, 0x00, 0x74, 0x02, 0xb7, 0xff, 0xba, 0xda,
       0x03, 0xec, 0xb2, 0x7a, 0xec, 0xa8, 0x20, 0x75, 0x4e, 0xec, 0x24, 0xc0,
       0xb1, 0x02, 0xd2, 0xc0, 0x8a, 0xd8, 0xfe, 0xce, 0xec, 0xfe, 0xc6, 0xec,
       0x24, 0x20, 0xd2, 0xc8, 0xd0, 0xc8, 0x0a, 0xd8, 0xb6, 0x42, 0xec, 0xb6,
       0x03, 0xec, 0x24, 0x20, 0xd2, 0xc8, 0x0a, 0xd8, 0x80, 0xe4, 0xc0, 0x0a,
       0xe3, 0x24, 0x08, 0x74, 0x07, 0xec, 0x24, 0xc0, 0xd2, 0xc8, 0x0a, 0xe0,
       0xb0, 0x23, 0xba, 0x70, 0x00, 0xef, 0xb8, 0x28, 0x01, 0xef, 0x0a, 0xff,
       0x75, 0x0b, 0xbb, 0x88, 0x01, 0xe9, 0x01, 0x0b, 0x8a, 0xe1, 0xb0, 0x14,
       0xef, 0x2a, 0xc0, 0x8a, 0xe0, 0xba, 0x79, 0x03, 0xec, 0x24, 0x07, 0x75,
       0x2f, 0x0a, 0xe4, 0x75, 0x12, 0xb8, 0x00, 0xe0, 0x8e, 0xd8, 0x81, 0x3e,
       0x00, 0x00, 0x55, 0xaa, 0x75, 0x05, 0xea, 0x03, 0x00, 0x00, 0xe0, 0xb8,
       0x00, 0xc0, 0x8e, 0xd8, 0x81, 0x3e, 0x00, 0x00, 0x55, 0xaa, 0x75, 0x25,
       0x80, 0x3e, 0x02, 0x00, 0x20, 0x74, 0x1e, 0xea, 0x03, 0x00, 0x00, 0xc0,
       0x33, 0xdb, 0xb9, 0x00, 0x40, 0x33, 0xc0, 0x2e, 0x02, 0x07, 0x43, 0xe2,
       0xfa, 0x0a, 0xc0, 0x75, 0x03, 0xeb, 0x54, 0x90, 0xb0, 0x0d, 0xe9, 0xe0,
       0x15, 0xbb, 0x49, 0x0b, 0x2e, 0x8a, 0x0f, 0x32, 0xed, 0xe3, 0x0f, 0x43,
       0x2e, 0x8b, 0x17, 0x43, 0x43, 0x2e, 0x8a, 0x07, 0xee, 0x43, 0xe2, 0xf9,
       0xeb, 0xea, 0x32, 0xc0, 0xe6, 0x83, 0xe6, 0x81, 0xe6, 0x82, 0xe9, 0x15,
       0x04, 0x00, 0x00, 0x00, 0x00, 0x00, 0x00, 0x01, 0x01, 0x01, 0x80, 0x20,
       0x02, 0xfe, 0xfe, 0x00, 0x00, 0x01, 0x01, 0x01, 0x78, 0x00, 0x0d, 0x1c,
       0x07, 0x22, 0xff, 0xff, 0xff, 0xff, 0x0d, 0x1c, 0x1b, 0x01, 0x0a, 0x0a,
       0x20, 0x07, 0x00, 0xe3, 0xe3, 0x00, 0x00, 0xb0, 0x28, 0xbb, 0x37, 0x02,
       0xe9, 0x4a, 0x0a, 0x0a, 0xc0, 0x74, 0x03, 0xe9, 0xe0, 0x00, 0xba, 0xd8,
       0x03, 0xb0, 0x12, 0xee, 0xb8, 0x00, 0xb8, 0x8e, 0xc0, 0x8e, 0xd8, 0x33,
       0xff, 0xba, 0xdd, 0x03, 0xb8, 0x01, 0x00, 0xef, 0x33, 0xc9, 0x89, 0x0d,
       0x3b, 0x0d, 0x75, 0x13, 0xf7, 0xd1, 0x89, 0x0d, 0x3b, 0x0d, 0x75, 0x0b,
       0xf7, 0xd1, 0x83, 0xf9, 0x01, 0x13, 0xc9, 0x73, 0xe9, 0xeb, 0x05, 0xb0,
       0x02, 0xe9, 0x4d, 0x15, 0xbe, 0xff, 0x00, 0x33, 0xc0, 0x8e, 0xd8, 0x81,
       0x3e, 0x72, 0x04, 0x34, 0x12, 0x74, 0x5f, 0x8c, 0xc0, 0x8e, 0xd8, 0xfc,
       0xb0, 0x0f, 0xee, 0x33, 0xff, 0xb9, 0x00, 0x20, 0x8b, 0xc6, 0x8a, 0xe0,
       0xf3, 0xab, 0xb9, 0x00, 0x40, 0x33, 0xff, 0xbb, 0x08, 0x04, 0x8b, 0xc3,
       0xfe, 0xcc, 0xef, 0x8b, 0xc6, 0x32, 0x05, 0x88, 0x25, 0x32, 0x25, 0x0b,
       0xc0, 0x75, 0xc0, 0xd0, 0xcb, 0xfe, 0xcf, 0x75, 0xe9, 0x47, 0xe2, 0xe3,
       0xf7, 0xd6, 0xfd, 0x8b, 0xcf, 0x4f, 0xbb, 0x01, 0x00, 0x8b, 0xc3, 0xef,
       0x8b, 0xc6, 0x32, 0x05, 0x88, 0x25, 0x32, 0x25, 0x0b, 0xc0, 0x75, 0x9f,
       0xd0, 0xc3, 0xfe, 0xc7, 0x80, 0xff, 0x04, 0x75, 0xe8, 0x4f, 0xe2, 0xe2,
       0xf7, 0xc6, 0xff, 0x00, 0x74, 0xa5, 0xba, 0xda, 0x03, 0x33, 0xc9, 0xec,
       0x8a, 0xe0, 0xec, 0x32, 0xc4, 0x24, 0x01, 0x75, 0x04, 0xe2, 0xf7, 0xeb,
       0x4b, 0x32, 0xdb, 0x33, 0xc9, 0xbe, 0xfe, 0x02, 0xeb, 0x25, 0xb3, 0x08,
       0xb9, 0x60, 0x0c, 0xbe, 0x08, 0x03, 0xeb, 0x1b, 0x81, 0xf9, 0x1c, 0x0b,
       0x77, 0x32, 0x32, 0xdb, 0xb9, 0x00, 0x04, 0xbe, 0x18, 0x03, 0xeb, 0x0b,
       0x81, 0xf9, 0x96, 0x03, 0x77, 0x22, 0xb0, 0x0f, 0xe9, 0x9e, 0x14, 0xec,
       0x24, 0x08, 0x8a, 0xf8, 0xec, 0x24, 0x08, 0x32, 0xf8, 0x8a, 0xf8, 0xf9,
       0x74, 0x0c, 0x32, 0xc3, 0x75, 0x08, 0x33, 0xc0, 0x8e, 0xd8, 0x89, 0x0f,
       0xff, 0xe6, 0xe2, 0xe8, 0xb0, 0x09, 0xe9, 0x7c, 0x14, 0xb0, 0xa0, 0xbf,
       0x4d, 0x03, 0xe9, 0x11, 0xfd, 0xba, 0x08, 0x00, 0xb0, 0x04, 0xee, 0xb9,
       0x08, 0x00, 0xba, 0x00, 0x00, 0xbe, 0x5e, 0x03, 0xeb, 0x13, 0x42, 0xe2,
       0xf8, 0xb9, 0x08, 0x00, 0xba, 0x07, 0x00, 0xbe, 0x6c, 0x03, 0xeb, 0x05,
       0x4a, 0xe2, 0xf8, 0xeb, 0x1c, 0xe6, 0x0c, 0x8a, 0xc2, 0x90, 0xee, 0x90,
       0x90, 0xee, 0x90, 0x90, 0xec, 0x3a, 0xc2, 0x75, 0x07, 0xec, 0x3a, 0xc2,
       0x75, 0x02, 0xff, 0xe6, 0xb0, 0x04, 0xe9, 0x34, 0x14, 0xb0, 0xa2, 0xbf,
       0x95, 0x03, 0xe9, 0xc9, 0xfc, 0x33, 0xc0, 0x8e, 0xd8, 0x32, 0xc0, 0xe6,
       0x61, 0xba, 0x43, 0x00, 0xb0, 0xb0, 0xf8, 0xee, 0x33, 0xdb, 0xba, 0x42,
       0x00, 0x8a, 0xc3, 0xee, 0xeb, 0x00, 0xee, 0x8b, 0x36, 0x00, 0x04, 0xec,
       0x3a, 0xc3, 0x75, 0x3e, 0x90, 0xec, 0x3a, 0xc3, 0x75, 0x38, 0xf7, 0xd3,
       0x0b, 0xdb, 0x75, 0xe2, 0xb0, 0x78, 0xe6, 0x43, 0xba, 0x41, 0x00, 0xb0,
       0x7c, 0xf8, 0xee, 0xb0, 0x2e, 0x90, 0x90, 0xee, 0xb9, 0xa0, 0x05, 0x90,
       0x90, 0x90, 0xb0, 0x48, 0xe6, 0x43, 0xeb, 0x00, 0xec, 0xeb, 0x00, 0xec,
       0x3c, 0x2e, 0x77, 0x04, 0xe2, 0xf0, 0xeb, 0x0a, 0x81, 0xf9, 0x10, 0x05,
       0x77, 0x04, 0x89, 0x0f, 0xeb, 0x0b, 0x89, 0x0f, 0xb0, 0x06, 0xe9, 0xc4,
       0x13, 0x0f, 0x1d, 0x2d, 0x4d, 0xb0, 0xa4, 0xbf, 0x09, 0x04, 0xe9, 0x55,
       0xfc, 0xb0, 0xb0, 0xe6, 0x61, 0xbb, 0xfd, 0x03, 0xb9, 0x04, 0x00, 0xba,
       0x60, 0x00, 0x2e, 0x8a, 0x07, 0xe6, 0x64, 0xec, 0x2e, 0x3a, 0x07, 0x75,
       0x5f, 0xf6, 0xd0, 0xe6, 0x64, 0xec, 0xf6, 0xd0, 0x34, 0x8d, 0x2e, 0x3a,
       0x07, 0x75, 0x51, 0x43, 0xe2, 0xe4, 0xb9, 0x04, 0x00, 0x42, 0x8a, 0xc5,
       0xbf, 0x3e, 0x04, 0xeb, 0x48, 0x90, 0x3a, 0xc5, 0x75, 0x3e, 0xf6, 0xd0,
       0xbf, 0x4a, 0x04, 0xeb, 0x3c, 0x90, 0x34, 0x1f, 0x3a, 0xc5, 0x75, 0x30,
       0xb5, 0x10, 0x0a, 0xc0, 0x74, 0xe0, 0xd0, 0xd8, 0x8a, 0xe8, 0x73, 0xda,
       0xb0, 0x31, 0xee, 0xb0, 0xb0, 0xe6, 0x43, 0xeb, 0x00, 0xe4, 0x62, 0x24,
       0x20, 0x75, 0x15, 0x40, 0xe6, 0x42, 0xeb, 0x00, 0xfe, 0xc8, 0xe6, 0x42,
       0xb9, 0x06, 0x00, 0x90, 0xe2, 0xfe, 0xe4, 0x62, 0x24, 0x20, 0x75, 0x1d,
       0xb0, 0x07, 0xe9, 0x3c, 0x13, 0xe6, 0x65, 0xb0, 0x30, 0xee, 0xe4, 0x62,
       0xd2, 0xd0, 0x24, 0x10, 0x8a, 0xe0, 0xb0, 0x34, 0xee, 0xe4, 0x62, 0x24,
       0x0f, 0x0a, 0xc4, 0xff, 0xe7, 0xb0, 0xa6, 0xbf, 0xa5, 0x04, 0xe9, 0xb9,
       0xfb, 0xba, 0x70, 0x00, 0xb3, 0x7f, 0xbe, 0xaf, 0x04, 0xeb, 0x55, 0xb0,
       0x00, 0xbd, 0xb7, 0x04, 0xeb, 0x7e, 0x90, 0x8e, 0xc0, 0xb3, 0x7f, 0xbe,
       0xc0, 0x04, 0xeb, 0x44, 0xb0, 0x00, 0xbd, 0xc7, 0x04, 0xeb, 0x6d, 0x8c,
       0xc1, 0x3a, 0xc1, 0x74, 0x6d, 0xbd, 0xd2, 0x04, 0xeb, 0x60, 0x8a, 0xc8,
       0x32, 0xed, 0x8a, 0xe5, 0xb0, 0x14, 0xef, 0xbd, 0xe0, 0x04, 0xeb, 0x52,
       0x3a, 0xc5, 0x75, 0x56, 0xf6, 0xd0, 0x8a, 0xe0, 0xb0, 0x14, 0xef, 0xbd,
       0xf0, 0x04, 0xeb, 0x42, 0xf6, 0xd0, 0x3a, 0xc5, 0x75, 0x44, 0x80, 0xfd,
       0x01, 0x12, 0xed, 0x73, 0xd9, 0x8a, 0xe1, 0xb0, 0x14, 0xef, 0xeb, 0x3b,
       0xb0, 0x0a, 0xbd, 0x0c, 0x05, 0xeb, 0x29, 0x90, 0x8a, 0xf8, 0xbf, 0x0a,
       0x00, 0x33, 0xc9, 0xb0, 0x0a, 0xbd, 0x1a, 0x05, 0xeb, 0x1a, 0x32, 0xf8,
       0x80, 0xe7, 0x80, 0x8a, 0xf8, 0x74, 0x06, 0x32, 0xc3, 0x24, 0x80, 0x74,
       0x07, 0xe2, 0xe8, 0x4f, 0x75, 0xe5, 0xeb, 0x0a, 0xff, 0xe6, 0xb0, 0x14,
       0xee, 0x42, 0xec, 0x4a, 0xff, 0xe5, 0xb0, 0x08, 0xe9, 0x82, 0x12, 0xba,
       0xfb, 0x03, 0xb0, 0x9b, 0xee, 0xeb, 0x00, 0xba, 0xf8, 0x03, 0xb0, 0x0c,
       0xee, 0xeb, 0x00, 0x42, 0x32, 0xc0, 0xee, 0xeb, 0x00, 0xba, 0xfb, 0x03,
       0xb0, 0x1b, 0xee, 0xeb, 0x00, 0xba, 0xf9, 0x03, 0xb0, 0x00, 0xee, 0xb9,
       0x62, 0x02, 0xe2, 0xfe, 0x42, 0x42, 0xec, 0xeb, 0x00, 0x90, 0xba, 0xf8,
       0x03, 0xec, 0xb3, 0x41, 0xbe, 0x79, 0x05, 0xeb, 0x05, 0xb3, 0x43, 0xbe,
       0xc2, 0x05, 0x33, 0xc9, 0xba, 0xfd, 0x03, 0xec, 0x24, 0x20, 0x75, 0x05,
       0xe2, 0xf6, 0xeb, 0x31, 0x90, 0xba, 0xf8, 0x03, 0x8a, 0xc3, 0xee, 0xba,
       0xfd, 0x03, 0xb4, 0x04, 0x33, 0xc9, 0xeb, 0x00, 0xec, 0x24, 0x01, 0x75,
       0x08, 0xe2, 0xf9, 0xfe, 0xcc, 0x75, 0xf5, 0xeb, 0x14, 0xba, 0xf8, 0x03,
       0xec, 0x3a, 0xc3, 0x75, 0x0c, 0xeb, 0x00, 0xba, 0xfd, 0x03, 0xec, 0x24,
       0x0e, 0x75, 0x02, 0xff, 0xe6, 0xb0, 0x0b, 0xe9, 0xff, 0x11, 0xb0, 0xa8,
       0xbf, 0xca, 0x05, 0xe9, 0x94, 0xfa, 0xba, 0x7a, 0x03, 0x32, 0xc0, 0xee,
       0xba, 0x78, 0x03, 0x32, 0xed, 0x8a, 0xc5, 0xee, 0x8b, 0x3e, 0x00, 0x04,
       0xec, 0x3a, 0xc5, 0x75, 0x17, 0xf6, 0xd0, 0xee, 0x8b, 0x3e, 0x00, 0x04,
       0xec, 0xf6, 0xd0, 0x3a, 0xc5, 0x75, 0x09, 0x80, 0xfd, 0x01, 0x12, 0xed,
       0x73, 0xdf, 0xeb, 0x05, 0xb0, 0x0a, 0xe9, 0xc4, 0x11, 0xba, 0x78, 0x00,
       0x32, 0xc0, 0xee, 0xec, 0x0a, 0xc0, 0x75, 0x0d, 0x42, 0x42, 0x32, 0xc0,
       0xee, 0xec, 0x0a, 0xc0, 0x75, 0x03, 0xe9, 0xcc, 0xfb, 0xb0, 0x0c, 0xe9,
       0xa7, 0x11, 0xba, 0x79, 0x03, 0xec, 0x33, 0xf6, 0xb2, 0x10, 0x24, 0x07,
       0x74, 0x72, 0xb0, 0xaa, 0xbf, 0x2e, 0x06, 0xe9, 0x30, 0xfa, 0x33, 0xdb,
       0xb9, 0x04, 0x00, 0xb8, 0x00, 0x80, 0x8e, 0xd8, 0x89, 0x07, 0x05, 0x00,
       0x08, 0xe2, 0xf7, 0xb8, 0x00, 0x80, 0xb9, 0x04, 0x00, 0x8e, 0xd8, 0x39,
       0x07, 0x75, 0x05, 0x05, 0x00, 0x08, 0xe2, 0xf5, 0xb1, 0x03, 0xd2, 0xcc,
       0x8a, 0xd4, 0x33, 0xc0, 0x8e, 0xd8, 0x8a, 0xf2, 0x8b, 0xc8, 0x89, 0x0f,
       0x39, 0x0f, 0x75, 0x1e, 0x8b, 0xc1, 0xf7, 0xd0, 0x89, 0x07, 0x39, 0x07,
       0x75, 0x14, 0x83, 0xf9, 0x01, 0x13, 0xc9, 0x73, 0xe9, 0x8c, 0xd8, 0x05,
       0x00, 0x08, 0x8e, 0xd8, 0xfe, 0xce, 0x75, 0xde, 0xeb, 0x05, 0xb0, 0x01,
       0xe9, 0x3a, 0x11, 0x33, 0xc0, 0x8e, 0xd8, 0x8b, 0x2e, 0x72, 0x04, 0x33,
       0xf6, 0x81, 0xfd, 0x34, 0x12, 0x74, 0x01, 0x4e, 0x8a, 0xf2, 0x33, 0xc0,
       0x8e, 0xc0, 0x8e, 0xd8, 0xfc, 0xb9, 0x00, 0x40, 0x33, 0xff, 0x8b, 0xc6,
       0xf3, 0xab, 0x8c, 0xc0, 0x05, 0x00, 0x08, 0x8e, 0xc0, 0xfe, 0xce, 0x75,
       0xec, 0x8a, 0xe2, 0xba, 0x79, 0x03, 0xec, 0x8a, 0xd4, 0x24, 0x07, 0x74,
       0x0a, 0x81, 0xfd, 0x34, 0x12, 0x87, 0x2e, 0x72, 0x04, 0x75, 0x03, 0xe9,
       0x80, 0x00, 0x87, 0x2e, 0x72, 0x04, 0x8a, 0xf2, 0x8b, 0xfe, 0xf7, 0xd7,
       0x33, 0xc0, 0x8e, 0xd0, 0xb9, 0x00, 0x20, 0x33, 0xe4, 0x90, 0x5d, 0x33,
       0xee, 0x57, 0x58, 0x33, 0xc7, 0x0b, 0xe8, 0x58, 0x33, 0xc6, 0x0b, 0xe8,
       0x57, 0x58, 0x33, 0xc7, 0x0b, 0xc5, 0xe1, 0xea, 0x0b, 0xc9, 0x75, 0x86,
       0x8c, 0xd0, 0x05, 0x00, 0x08, 0xfe, 0xce, 0x75, 0xd5, 0x87, 0xf7, 0x8a,
       0xf2, 0x2d, 0x00, 0x08, 0xbb, 0x04, 0x00, 0x8e, 0xd0, 0xbc, 0x02, 0x80,
       0xb9, 0x00, 0x20, 0x90, 0x2b, 0xe3, 0x5d, 0x33, 0xee, 0x57, 0x58, 0x33,
       0xc7, 0x0b, 0xe8, 0x2b, 0xe3, 0x58, 0x33, 0xc6, 0x0b, 0xe8, 0x57, 0x58,
       0x33, 0xc7, 0x0b, 0xc5, 0xe1, 0xe6, 0x0b, 0xc9, 0x75, 0xc4, 0x8c, 0xd0,
       0x2d, 0x00, 0x08, 0xfe, 0xce, 0x75, 0xd0, 0x0b, 0xf6, 0x75, 0x0b, 0xb0,
       0xac, 0xbf, 0x4b, 0x07, 0xe9, 0x13, 0xf9, 0xe9, 0x4a, 0xff, 0xb8, 0x30,
       0x00, 0x8e, 0xd0, 0xbc, 0x00, 0x01, 0x33, 0xc0, 0x8e, 0xc0, 0x8e, 0xd8,
       0x33, 0xc9, 0xe8, 0x3d, 0x00, 0xe8, 0x3a, 0x00, 0x80, 0xfd, 0x01, 0x12,
       0xed, 0x73, 0xf3, 0xfe, 0xc5, 0x33, 0xff, 0xfc, 0xb8, 0x92, 0x07, 0xab,
       0x8c, 0xc8, 0xab, 0xe2, 0xf7, 0xc7, 0x06, 0x20, 0x00, 0x97, 0x07, 0x33,
       0xdb, 0xb0, 0xfe, 0xe6, 0x21, 0xfb, 0xe2, 0xfe, 0xfa, 0xb0, 0xff, 0xe6,
       0x21, 0x80, 0xfb, 0x3b, 0x74, 0x1d, 0xb0, 0x03, 0xe9, 0x2a, 0x10, 0xb3,
       0x3b, 0xb0, 0x60, 0xe6, 0x20, 0xcf, 0x8a, 0xc5, 0xe6, 0x21, 0x8b, 0x1e,
       0x00, 0x04, 0xe4, 0x21, 0x3a, 0xc5, 0x75, 0xe6, 0xf6, 0xd5, 0xc3, 0x8a,
       0xc2, 0x48, 0x48, 0xe6, 0x65, 0xb1, 0x05, 0x98, 0xd3, 0xe0, 0xa3, 0x15,
       0x04, 0x05, 0x40, 0x00, 0xa3, 0x13, 0x04, 0xe8, 0xfe, 0x00, 0xe8, 0x13,
       0x01, 0xbe, 0xf3, 0x3e, 0xbf, 0x00, 0x00, 0x1e, 0x8c, 0xc8, 0x8e, 0xd8,
       0xb9, 0x1f, 0x00, 0xa5, 0xab, 0xe2, 0xfc, 0x33, 0xc0, 0xb9, 0xc2, 0x01,
       0xf3, 0xab, 0x1f, 0x32, 0xdb, 0xc7, 0x06, 0x60, 0x04, 0xff, 0xff, 0x9b,
       0xdb, 0xe3, 0x9b, 0xdd, 0x3e, 0x60, 0x04, 0x9b, 0xff, 0x06, 0x60, 0x04,
       0x74, 0x02, 0x43, 0x43, 0xb0, 0x23, 0xe8, 0x75, 0x04, 0x8a, 0xf8, 0x24,
       0x30, 0x74, 0x0a, 0xb8, 0x03, 0x00, 0xcd, 0x10, 0xb8, 0x07, 0x00, 0xcd,
       0x10, 0x8a, 0xc7, 0x24, 0x70, 0x0a, 0xc3, 0x0c, 0x0d, 0xe6, 0x64, 0xa2,
       0x10, 0x04, 0x24, 0x30, 0x74, 0x0e, 0x3c, 0x20, 0x77, 0x0a, 0xb0, 0x03,
       0x74, 0x02, 0x48, 0x48, 0xb4, 0x00, 0xcd, 0x10, 0xb0, 0xbc, 0xe6, 0x21,
       0xfb, 0xb0, 0x70, 0xe6, 0x61, 0xb0, 0x40, 0xe6, 0x61, 0xb0, 0x80, 0xe6,
       0xa0, 0xb4, 0x00, 0xcd, 0x13, 0x73, 0x0d, 0xba, 0x79, 0x03, 0xec, 0x24,
       0x07, 0x74, 0x4b, 0xb0, 0x05, 0xe9, 0x6d, 0x0f, 0x32, 0xd2, 0xb5, 0x0a,
       0xe8, 0x4b, 0x25, 0x72, 0xea, 0xb0, 0x23, 0xe8, 0x14, 0x04, 0x75, 0x06,
       0xa8, 0x40, 0x74, 0x32, 0x32, 0xc0, 0x9c, 0xb2, 0x01, 0xb5, 0x0a, 0xe8,
       0x34, 0x25, 0x73, 0x0a, 0x9d, 0x75, 0x23, 0x80, 0x26, 0x10, 0x04, 0xbf,
       0xeb, 0x17, 0x9d, 0x74, 0x19, 0xb0, 0x23, 0xe8, 0xf0, 0x03, 0x0c, 0x40,
       0x8a, 0xe0, 0xba, 0x70, 0x00, 0xb0, 0x23, 0xef, 0x80, 0x0e, 0x10, 0x04,
       0x40, 0xa0, 0x10, 0x04, 0xe6, 0x64, 0xe8, 0xae, 0x00, 0xe4, 0x21, 0x24,
       0xbc, 0xe6, 0x21, 0xe8, 0xbf, 0x1d, 0x33, 0xc9, 0x8e, 0xd9, 0x8e, 0xc1,
       0xb0, 0x0a, 0xe2, 0xfe, 0xfe, 0xc8, 0x75, 0xfa, 0xe8, 0xf2, 0x00, 0xe8,
       0x99, 0x01, 0xc7, 0x06, 0x72, 0x04, 0x34, 0x12, 0xcd, 0x19, 0xeb, 0xf6,
       0xfc, 0xb8, 0x1e, 0x00, 0xbf, 0x1a, 0x04, 0xab, 0xab, 0xbf, 0x80, 0x04,
       0xab, 0x05, 0x20, 0x00, 0xab, 0xc3, 0xbc, 0x03, 0x78, 0x03, 0x78, 0x02,
       0xb1, 0x42, 0xc7, 0x06, 0x00, 0x04, 0xf8, 0x03, 0xba, 0xfb, 0x02, 0xb0,
       0xaa, 0xee, 0xeb, 0x00, 0xec, 0x3c, 0xaa, 0x75, 0x12, 0xf6, 0xd0, 0xee,
       0xeb, 0x00, 0xec, 0x3c, 0x55, 0x75, 0x08, 0xc7, 0x06, 0x02, 0x04, 0xf8,
       0x02, 0x41, 0x41, 0x80, 0xe1, 0xbf, 0xbb, 0x08, 0x04, 0xbf, 0xd6, 0x08,
       0x2e, 0x8b, 0x15, 0xb0, 0xaa, 0xee, 0xec, 0x3c, 0xaa, 0x75, 0x0f, 0xf6,
       0xd0, 0xee, 0xec, 0x3c, 0x55, 0x75, 0x07, 0x89, 0x17, 0x43, 0x43, 0x80,
       0xc1, 0x40, 0x47, 0x47, 0x81, 0xff, 0xdc, 0x08, 0x72, 0xde, 0xba, 0x01,
       0x02, 0xec, 0x24, 0x0f, 0x75, 0x03, 0x80, 0xc9, 0x08, 0x88, 0x0e, 0x11,
       0x04, 0xb8, 0x14, 0x14, 0xbf, 0x78, 0x04, 0xab, 0xab, 0xb8, 0x01, 0x01,
       0xab, 0xab, 0xc3, 0xb8, 0x00, 0xc0, 0x8e, 0xd8, 0x05, 0x80, 0x00, 0x81,
       0x3e, 0x00, 0x00, 0x55, 0xaa, 0x75, 0x14, 0x1e, 0x0e, 0xe8, 0x15, 0x00,
       0x1f, 0x8a, 0x36, 0x02, 0x00, 0x32, 0xd2, 0xb1, 0x03, 0xd3, 0xea, 0x8c,
       0xd8, 0x03, 0xc2, 0x3d, 0x00, 0xf0, 0x72, 0xda, 0xc3, 0x1e, 0x8a, 0x16,
       0x02, 0x00, 0x32, 0xf6, 0xb9, 0x00, 0x02, 0x33, 0xdb, 0x02, 0x37, 0x43,
       0xe2, 0xfb, 0x8c, 0xd8, 0x05, 0x20, 0x00, 0x8e, 0xd8, 0xfe, 0xca, 0x75,
       0xeb, 0x1f, 0x0a, 0xf6, 0x74, 0x08, 0x33, 0xdb, 0xb0, 0x07, 0xe8, 0xe3,
       0x0c, 0xcb, 0x1e, 0xbb, 0x03, 0x00, 0x53, 0xb8, 0x40, 0x00, 0x8e, 0xc0,
       0xcb, 0x8b, 0x16, 0x13, 0x04, 0xb0, 0x00, 0xe8, 0xce, 0x0c, 0xb0, 0x14,
       0xe8, 0xbf, 0x02, 0x75, 0x34, 0xa0, 0x10, 0x04, 0x24, 0x30, 0x3c, 0x10,
       0x75, 0x0a, 0xb8, 0x0d, 0x0e, 0xcd, 0x10, 0xb8, 0x0a, 0x0e, 0xcd, 0x10,
       0xb4, 0x02, 0xcd, 0x1a, 0x51, 0xb4, 0x04, 0xcd, 0x1a, 0x87, 0xca, 0x86,
       0xe9, 0x5b, 0xb0, 0x01, 0xe8, 0x56, 0x00, 0x81, 0x3e, 0x72, 0x04, 0x34,
       0x12, 0x75, 0x21, 0xb8, 0x0a, 0x0e, 0xcd, 0x10, 0xc3, 0xb0, 0x03, 0xe8,
       0x8e, 0x0c, 0xb0, 0x0d, 0xe8, 0x7f, 0x02, 0x24, 0x80, 0x75, 0x05, 0xb0,
       0x04, 0xe8, 0x80, 0x0c, 0xb3, 0x00, 0xb8, 0x14, 0x01, 0xcd, 0x15, 0xc3,
       0xb0, 0x0e, 0xe8, 0x69, 0x02, 0x8a, 0xd8, 0xb0, 0x0f, 0xe8, 0x62, 0x02,
       0x8a, 0xf8, 0xb0, 0x13, 0xe8, 0x5b, 0x02, 0x8a, 0xd0, 0xb6, 0x19, 0x3c,
       0x80, 0x73, 0x02, 0xb6, 0x20, 0xb0, 0x11, 0xe8, 0x4c, 0x02, 0x8a, 0xe8,
       0xb0, 0x12, 0xe8, 0x45, 0x02, 0x8a, 0xc8, 0xb0, 0x02, 0x50, 0x8a, 0xe1,
       0x8a, 0xc4, 0xb1, 0x04, 0xd2, 0xc4, 0x25, 0x0f, 0x0f, 0xd5, 0x0a, 0x48,
       0x3c, 0x0c, 0x72, 0x02, 0xb0, 0x00, 0x8a, 0xc8, 0x80, 0xe7, 0x7f, 0x58,
       0xe9, 0x2d, 0x0c, 0xba, 0x79, 0x03, 0xec, 0x24, 0x07, 0x74, 0x6e, 0xb2,
       0x05, 0xfa, 0xff, 0x36, 0x24, 0x00, 0xff, 0x36, 0x26, 0x00, 0xc7, 0x06,
       0x24, 0x00, 0xca, 0x0a, 0x8c, 0x0e, 0x26, 0x00, 0xe4, 0x61, 0x50, 0x24,
       0xbf, 0x0c, 0x80, 0xe6, 0x61, 0xb9, 0x10, 0x27, 0xe2, 0xfe, 0x58, 0xe6,
       0x61, 0xbb, 0x0a, 0x00, 0xfb, 0x0a, 0xff, 0x75, 0x06, 0xe2, 0xfa, 0xfe,
       0xcb, 0x75, 0xf6, 0xfa, 0x8f, 0x06, 0x26, 0x00, 0x8f, 0x06, 0x24, 0x00,
       0xe8, 0x29, 0xfe, 0xc7, 0x06, 0x17, 0x04, 0x00, 0x00, 0xfb, 0x80, 0xff,
       0xaa, 0x74, 0x12, 0x8a, 0xc2, 0x0a, 0xc0, 0x74, 0x05, 0xe8, 0xd0, 0x0b,
       0x32, 0xd2, 0xb8, 0x07, 0x0e, 0xcd, 0x10, 0xeb, 0xa4, 0xb8, 0x0d, 0x0e,
       0xcd, 0x10, 0xb9, 0x50, 0x00, 0xbb, 0x01, 0x00, 0xb8, 0x20, 0x0a, 0xcd,
       0x10, 0xc3, 0x50, 0xe4, 0x60, 0x0a, 0xff, 0xb7, 0xff, 0x75, 0x02, 0x8a,
       0xf8, 0xe4, 0x61, 0x0c, 0x80, 0xe6, 0x61, 0x24, 0x7f, 0xe6, 0x61, 0xb0,
       0x61, 0xe6, 0x20, 0x58, 0xcf, 0x33, 0xc0, 0x8e, 0xd8, 0x8c, 0x0e, 0x7a,
       0x00, 0xc7, 0x06, 0x78, 0x00, 0xc7, 0x2f, 0xb9, 0x0a, 0x00, 0xb4, 0x00,
       0xcd, 0x13, 0x51, 0x33, 0xd2, 0xbb, 0x00, 0x7c, 0x8e, 0xc2, 0xb9, 0x01,
       0x00, 0xb8, 0x01, 0x02, 0xcd, 0x13, 0x59, 0x73, 0x19, 0xd0, 0xc4, 0x72,
       0x1c, 0xf6, 0xc1, 0x01, 0x74, 0x0c, 0x51, 0x33, 0xd2, 0xb9, 0x01, 0x27,
       0xb8, 0x01, 0x04, 0xcd, 0x13, 0x59, 0xe2, 0xd2, 0xeb, 0x07, 0x33, 0xc0,
       0x8e, 0xd8, 0x06, 0x53, 0xcb, 0xb0, 0x06, 0xe8, 0x4e, 0x0b, 0x33, 0xc0,
       0x8e, 0xc0, 0xe8, 0x8b, 0xfd, 0xb4, 0x00, 0xcd, 0x16, 0xb8, 0x0a, 0x0e,
       0xcd, 0x10, 0xb8, 0x0d, 0x0e, 0xcd, 0x10, 0xcd, 0x19, 0x01, 0x61, 0x00,
       0x80, 0x03, 0x43, 0x00, 0x34, 0x74, 0xb0, 0x02, 0x40, 0x00, 0x00, 0x00,
       0x02, 0x41, 0x00, 0x12, 0x00, 0x02, 0x42, 0x00, 0x01, 0x00, 0x01, 0x0f,
       0x00, 0x0f, 0x01, 0x08, 0x00, 0x00, 0x01, 0x0b, 0x00, 0x58, 0x01, 0x0c,
       0x00, 0x00, 0x02, 0x01, 0x00, 0xff, 0xff, 0x01, 0x0a, 0x00, 0x00, 0x01,
       0x20, 0x00, 0x13, 0x03, 0x21, 0x00, 0x08, 0x09, 0xff, 0x01, 0xf2, 0x03,
       0x00, 0x01, 0xfc, 0x03, 0x00, 0x00, 0x00, 0x00, 0x00, 0x00, 0x00, 0x00,
       0x00, 0x00, 0x00, 0x00, 0x00, 0x00, 0x00, 0x00, 0x00, 0x00, 0x00, 0x00,
       0x8b, 0xe5, 0x58, 0x5b, 0x59, 0x5a, 0x1f, 0x07, 0x5d, 0x5f, 0x5e, 0xca,
       0x02, 0x00, 0xfb, 0x57, 0x55, 0x06, 0x1e, 0x52, 0x51, 0x53, 0x50, 0x33,
       0xdb, 0x8e, 0xdb, 0x8b, 0xec, 0x87, 0x76, 0x10, 0xff, 0xd6, 0x8b, 0xe5,
       0x58, 0x5b, 0x59, 0x5a, 0x1f, 0x07, 0x5d, 0x5f, 0x5e, 0xcf, 0x1e, 0x33,
       0xc0, 0x8e, 0xd8, 0xa1, 0x13, 0x04, 0x1f, 0xcf, 0x1e, 0x33, 0xc0, 0x8e,
       0xd8, 0xa1, 0x10, 0x04, 0x1f, 0xcf, 0xe8, 0xc9, 0xff, 0x80, 0xfc, 0x07,
       0xf5, 0x72, 0x0c, 0x02, 0xe4, 0x86, 0xdc, 0x32, 0xff, 0x2e, 0xff, 0x97,
       0xfc, 0x0b, 0xf8, 0x9f, 0x88, 0x66, 0x16, 0xc3, 0x0a, 0x0c, 0x2d, 0x0c,
       0x61, 0x0c, 0xc7, 0x0c, 0xcc, 0x0c, 0xd1, 0x0c, 0x64, 0x18, 0xfa, 0xba,
       0x78, 0x00, 0xe8, 0x0d, 0x00, 0x89, 0x46, 0x04, 0x42, 0x42, 0xe8, 0x05,
       0x00, 0x89, 0x46, 0x06, 0xfb, 0xc3, 0xec, 0x8a, 0xe0, 0xec, 0x3a, 0xc4,
       0x75, 0xf8, 0x98, 0x50, 0x32, 0xc0, 0xee, 0x58, 0xc3, 0x3c, 0x40, 0x72,
       0x05, 0xc6, 0x46, 0x01, 0x01, 0xc3, 0x8a, 0x66, 0x02, 0xba, 0x70, 0x00,
       0xef, 0x3c, 0x14, 0x72, 0x0c, 0x50, 0xbb, 0x47, 0x0c, 0xeb, 0x42, 0x8a,
       0xe1, 0xb0, 0x14, 0xef, 0x58, 0x3c, 0x0e, 0x72, 0x09, 0xe8, 0x6d, 0x00,
       0x2a, 0xe0, 0xb4, 0x02, 0x75, 0x02, 0x32, 0xe4, 0x88, 0x66, 0x01, 0xfb,
       0xc3, 0x3c, 0x40, 0x72, 0x05, 0xc6, 0x46, 0x01, 0x01, 0xc3, 0xe8, 0x09,
       0x00, 0x74, 0x02, 0xb4, 0x02, 0x89, 0x46, 0x00, 0xfb, 0xc3, 0x52, 0x51,
       0x53, 0xe8, 0x04, 0x00, 0x5b, 0x59, 0x5a, 0xc3, 0x5b, 0xfa, 0xba, 0x70,
       0x00, 0xee, 0x42, 0xec, 0x4a, 0x8a, 0xc8, 0x32, 0xe4, 0xb5, 0x3f, 0x8a,
       0xc5, 0xee, 0x42, 0xec, 0x4a, 0x02, 0xe0, 0xfe, 0xcd, 0x80, 0xfd, 0x14,
       0x73, 0xf1, 0x8a, 0xec, 0x2a, 0xe8, 0xb0, 0xaa, 0x2a, 0xc5, 0x86, 0xc1,
       0x80, 0xec, 0xaa, 0xff, 0xe3, 0x52, 0x8a, 0xe0, 0xe8, 0x0b, 0x00, 0x86,
       0xe0, 0xfe, 0xc0, 0xe8, 0x07, 0x00, 0x86, 0xe0, 0x5a, 0xc3, 0xba, 0x70,
       0x00, 0xfa, 0xee, 0x42, 0xec, 0x4a, 0xc3, 0xba, 0xdd, 0x03, 0xee, 0xc3,
       0xba, 0xde, 0x03, 0xee, 0xc3, 0xba, 0xdf, 0x03, 0xee, 0xc3, 0xe8, 0xd5,
       0xfe, 0x80, 0xfc, 0x08, 0x73, 0x0b, 0x02, 0xe4, 0x8a, 0xdc, 0x32, 0xff,
       0x2e, 0xff, 0xa7, 0xea, 0x0c, 0xc3, 0xfa, 0x0c, 0x14, 0x0d, 0xdf, 0x0d,
       0xb2, 0x0d, 0x39, 0x0e, 0xfe, 0x0d, 0x60, 0x0e, 0x86, 0x0e, 0xfa, 0xa1,
       0x6e, 0x04, 0x89, 0x46, 0x04, 0xa1, 0x6c, 0x04, 0x89, 0x46, 0x06, 0x32,
       0xc0, 0x86, 0x06, 0x70, 0x04, 0x24, 0x01, 0x88, 0x46, 0x00, 0xfb, 0xc3,
       0xfa, 0x89, 0x0e, 0x6e, 0x04, 0x89, 0x16, 0x6c, 0x04, 0xc6, 0x06, 0x70,
       0x04, 0x00, 0xfb, 0xc3, 0x1e, 0x52, 0x50, 0x33, 0xc0, 0x8e, 0xd8, 0xfb,
       0xfe, 0x0e, 0x40, 0x04, 0x75, 0x0b, 0xc6, 0x06, 0x3f, 0x04, 0x00, 0xba,
       0xf2, 0x03, 0xb0, 0x0c, 0xee, 0xff, 0x06, 0x6c, 0x04, 0x75, 0x04, 0xff,
       0x06, 0x6e, 0x04, 0x81, 0x3e, 0x6c, 0x04, 0xb0, 0x00, 0x75, 0x14, 0x83,
       0x3e, 0x6e, 0x04, 0x18, 0x75, 0x0d, 0xc6, 0x06, 0x70, 0x04, 0xff, 0x33,
       0xc0, 0xa3, 0x6c, 0x04, 0xa3, 0x6e, 0x04, 0xf6, 0x06, 0x6c, 0x04, 0xff,
       0x75, 0x03, 0xe8, 0x0f, 0x00, 0xb8, 0x40, 0x00, 0x8e, 0xd8, 0xcd, 0x1c,
       0xb0, 0x60, 0xe6, 0x20, 0x58, 0x5a, 0x1f, 0xcf, 0x53, 0xba, 0x70, 0x00,
       0xe8, 0x19, 0x01, 0xb4, 0x02, 0xb3, 0x0e, 0xe8, 0x15, 0x00, 0x80, 0xc4,
       0x02, 0xe8, 0x0f, 0x00, 0x80, 0xc4, 0x02, 0xe8, 0x09, 0x00, 0xfe, 0xc4,
       0x80, 0xfc, 0x0a, 0x72, 0xf6, 0x5b, 0xc3, 0x8a, 0xc4, 0xee, 0x42, 0xec,
       0x8a, 0xf8, 0x4a, 0x8a, 0xc3, 0xee, 0x42, 0x8a, 0xc7, 0xee, 0x4a, 0xfe,
       0xc3, 0xc3, 0xe8, 0x6e, 0x00, 0x8a, 0x66, 0x06, 0x80, 0xe4, 0x01, 0x80,
       0xcc, 0x02, 0x8a, 0xdc, 0xb0, 0x0b, 0xef, 0xb0, 0x04, 0x8a, 0xe5, 0xef,
       0xb0, 0x02, 0x8a, 0xe1, 0xef, 0xb0, 0x00, 0x8a, 0x66, 0x07, 0xef, 0xb8,
       0x0a, 0x20, 0xef, 0xb8, 0x0b, 0x7f, 0x22, 0xe3, 0xef, 0xeb, 0x3a, 0xe8,
       0xba, 0x00, 0x72, 0x39, 0xb0, 0x04, 0xe8, 0xd8, 0xfe, 0x88, 0x46, 0x05,
       0xb0, 0x02, 0xe8, 0xd0, 0xfe, 0x88, 0x46, 0x04, 0xb0, 0x00, 0xe8, 0xc8,
       0xfe, 0x88, 0x46, 0x07, 0xeb, 0x1e, 0xe8, 0x9b, 0x00, 0x72, 0x1a, 0xb0,
       0x09, 0x8a, 0xe1, 0xef, 0xb0, 0x08, 0x8a, 0x66, 0x07, 0xef, 0xb0, 0x07,
       0x8a, 0x66, 0x06, 0xef, 0xb0, 0x06, 0x32, 0xe4, 0xef, 0xe8, 0x60, 0xff,
       0xf8, 0x9f, 0x88, 0x66, 0x16, 0xfb, 0xc3, 0xba, 0x70, 0x00, 0xb0, 0x0b,
       0xe8, 0x96, 0xfe, 0x0c, 0x80, 0x8a, 0xd8, 0x8a, 0xe0, 0xb0, 0x0b, 0xef,
       0xb8, 0x0a, 0x70, 0xef, 0xc3, 0xe8, 0x60, 0x00, 0x72, 0xdf, 0xb0, 0x09,
       0xe8, 0x7e, 0xfe, 0xb4, 0x19, 0x3c, 0x80, 0x73, 0x02, 0xb4, 0x20, 0x89,
       0x46, 0x04, 0xb0, 0x08, 0xe8, 0x6e, 0xfe, 0x88, 0x46, 0x07, 0xb0, 0x07,
       0xe8, 0x66, 0xfe, 0x88, 0x46, 0x06, 0xeb, 0xbc, 0xe8, 0x39, 0x00, 0x72,
       0xb8, 0xb0, 0x0b, 0xe8, 0x57, 0xfe, 0x24, 0x20, 0x74, 0x03, 0xf9, 0xeb,
       0xac, 0xb0, 0x05, 0x8a, 0xe5, 0xef, 0xb0, 0x03, 0x8a, 0xe1, 0xef, 0xb0,
       0x01, 0x8a, 0x66, 0x07, 0xef, 0xbb, 0x20, 0x00, 0xeb, 0x03, 0xbb, 0x00,
       0xdf, 0xba, 0x70, 0x00, 0xb0, 0x0b, 0xe8, 0x30, 0xfe, 0x22, 0xc7, 0x0a,
       0xc3, 0x8a, 0xe0, 0xb0, 0x0b, 0xef, 0xeb, 0x80, 0x51, 0xb9, 0x00, 0x00,
       0xba, 0x70, 0x00, 0xfa, 0xb0, 0x0a, 0xee, 0x42, 0xec, 0x4a, 0xd0, 0xd0,
       0x73, 0x03, 0xe2, 0xf4, 0xf9, 0x59, 0xc3, 0xe8, 0xf8, 0xfc, 0x8b, 0xda,
       0x03, 0xdb, 0x8b, 0x97, 0x08, 0x04, 0x0b, 0xd2, 0x74, 0x16, 0x80, 0xfc,
       0x03, 0x73, 0x0b, 0x02, 0xe4, 0x8a, 0xdc, 0x32, 0xff, 0x2e, 0xff, 0xa7,
       0xd9, 0x0e, 0x80, 0xec, 0x02, 0x88, 0x66, 0x01, 0xc3, 0xdf, 0x0e, 0x14,
       0x0f, 0x2a, 0x0f, 0x8b, 0x5e, 0x06, 0x8a, 0x9f, 0x78, 0x04, 0x03, 0xdb,
       0x03, 0xdb, 0x42, 0xb9, 0xbe, 0xec, 0xec, 0x24, 0x80, 0x75, 0x0d, 0xe2,
       0xf9, 0x4b, 0x75, 0xf3, 0xe8, 0x30, 0x00, 0x80, 0x4e, 0x01, 0x01, 0xc3,
       0x8a, 0x46, 0x00, 0x4a, 0xee, 0x42, 0x42, 0xb0, 0x0d, 0xee, 0x50, 0x50,
       0x58, 0x58, 0xb0, 0x0c, 0xee, 0x4a, 0xeb, 0x17, 0x42, 0x42, 0xb0, 0x08,
       0xee, 0xb0, 0x04, 0xb9, 0x3f, 0xf7, 0xe2, 0xfe, 0xfe, 0xc8, 0x75, 0xf7,
       0xb0, 0x0c, 0xee, 0x4a, 0xeb, 0x01, 0x42, 0xec, 0x24, 0xf8, 0x34, 0x48,
       0x88, 0x46, 0x01, 0xc3, 0xfb, 0x1e, 0x52, 0x51, 0x53, 0x50, 0x33, 0xc0,
       0x8e, 0xd8, 0x80, 0x3e, 0x00, 0x05, 0x01, 0x74, 0x53, 0xc6, 0x06, 0x00,
       0x05, 0x01, 0xb4, 0x0f, 0xcd, 0x10, 0x8a, 0xdc, 0xb4, 0x03, 0xcd, 0x10,
       0x52, 0x32, 0xf6, 0xb0, 0x0d, 0xe8, 0x42, 0x00, 0x75, 0x30, 0xb0, 0x0a,
       0xe8, 0x3b, 0x00, 0x75, 0x29, 0x32, 0xd2, 0xb4, 0x02, 0xcd, 0x10, 0xb4,
       0x08, 0xcd, 0x10, 0x0a, 0xc0, 0x75, 0x02, 0xb0, 0x20, 0xe8, 0x26, 0x00,
       0x75, 0x14, 0xfe, 0xc2, 0x3a, 0xd3, 0x72, 0xe7, 0xfe, 0xc6, 0x80, 0xfe,
       0x19, 0x72, 0xd0, 0xc6, 0x06, 0x00, 0x05, 0x00, 0xeb, 0x05, 0xc6, 0x06,
       0x00, 0x05, 0xff, 0x5a, 0xb4, 0x02, 0xcd, 0x10, 0x58, 0x5b, 0x59, 0x5a,
       0x1f, 0xcf, 0x8b, 0xca, 0x33, 0xd2, 0xb4, 0x00, 0xcd, 0x17, 0xf6, 0xc4,
       0x01, 0x8b, 0xd1, 0xc3, 0xe8, 0xff, 0xfb, 0x8b, 0xda, 0x03, 0xdb, 0x8b,
       0x97, 0x00, 0x04, 0x0b, 0xd2, 0x74, 0x16, 0x80, 0xfc, 0x04, 0x73, 0x0b,
       0x02, 0xe4, 0x8a, 0xdc, 0x32, 0xff, 0x2e, 0xff, 0xa7, 0xd2, 0x0f, 0x80,
       0xec, 0x03, 0x88, 0x66, 0x01, 0xc3, 0xda, 0x0f, 0x47, 0x10, 0x89, 0x10,
       0x2a, 0x10, 0x24, 0x1f, 0x8a, 0xc8, 0x0c, 0x80, 0x83, 0xc2, 0x03, 0xee,
       0x8a, 0x46, 0x00, 0x24, 0xe0, 0xd0, 0xc0, 0xd0, 0xc0, 0xd0, 0xc0, 0x32,
       0xe4, 0x03, 0xc0, 0x8b, 0xd8, 0x2e, 0x8a, 0x87, 0x37, 0x10, 0x83, 0xea,
       0x03, 0xee, 0x42, 0x2e, 0x8a, 0x87, 0x38, 0x10, 0xee, 0xeb, 0x00, 0x42,
       0x42, 0x8a, 0xc1, 0xee, 0x42, 0xe8, 0xc6, 0x00, 0x73, 0x05, 0xb0, 0x02,
       0xee, 0xeb, 0x00, 0x42, 0xec, 0xeb, 0x00, 0x42, 0xec, 0xeb, 0x00, 0x83,
       0xea, 0x06, 0xec, 0xeb, 0x00, 0x42, 0x32, 0xc0, 0xee, 0x4a, 0x83, 0xc2,
       0x06, 0xec, 0x88, 0x46, 0x00, 0x4a, 0xec, 0x88, 0x46, 0x01, 0xc3, 0x17,
       0x04, 0x00, 0x03, 0x80, 0x01, 0xc0, 0x00, 0x60, 0x00, 0x30, 0x00, 0x18,
       0x00, 0x0c, 0x00, 0x83, 0xc2, 0x04, 0xe8, 0x89, 0x00, 0xb8, 0x02, 0x10,
       0x72, 0x03, 0x0d, 0x01, 0x20, 0xee, 0x42, 0x42, 0xe8, 0x86, 0x00, 0xec,
       0x22, 0xc4, 0x3a, 0xc4, 0x74, 0x07, 0xe2, 0xf7, 0x4b, 0x75, 0xf4, 0xeb,
       0x0d, 0x4a, 0xec, 0x24, 0x20, 0x90, 0x75, 0x0e, 0xe2, 0xf8, 0x4b, 0x75,
       0xf5, 0x42, 0xe8, 0xb9, 0xff, 0x80, 0x4e, 0x01, 0x80, 0xc3, 0x8a, 0x46,
       0x00, 0x52, 0x83, 0xea, 0x05, 0xee, 0x5a, 0xeb, 0xa9, 0x83, 0xc2, 0x04,
       0xec, 0xeb, 0x00, 0x0c, 0x01, 0xee, 0x42, 0x42, 0xe8, 0x4a, 0x00, 0xec,
       0x24, 0x20, 0x90, 0x75, 0x07, 0xe2, 0xf8, 0x4b, 0x75, 0xf5, 0xeb, 0x0d,
       0x4a, 0xec, 0x24, 0x01, 0x90, 0x75, 0x0e, 0xe2, 0xf8, 0x4b, 0x75, 0xf5,
       0x42, 0xe8, 0x7e, 0xff, 0x80, 0x4e, 0x01, 0x80, 0xc3, 0x4a, 0xe8, 0x19,
       0x00, 0x73, 0x05, 0xb0, 0x02, 0xee, 0xeb, 0x00, 0x83, 0xea, 0x04, 0xec,
       0x88, 0x46, 0x00, 0x83, 0xc2, 0x05, 0xe8, 0x61, 0xff, 0x80, 0x66, 0x01,
       0x1e, 0xc3, 0x52, 0xb0, 0x23, 0xe8, 0xe2, 0xfb, 0xfb, 0x5a, 0xd0, 0xd0,
       0xc3, 0x8b, 0x5e, 0x06, 0x8a, 0x9f, 0x7c, 0x04, 0x32, 0xff, 0x8b, 0xcb,
       0xd1, 0xe3, 0x03, 0xd9, 0x33, 0xc9, 0xc3, 0x00, 0x00, 0x00, 0x00, 0x00,
       0x00, 0x00, 0x00, 0x00, 0x00, 0x00, 0x00, 0x00, 0xe8, 0xab, 0xfa, 0x80,
       0xfc, 0x03, 0x72, 0x07, 0x80, 0xec, 0x02, 0x88, 0x66, 0x01, 0xc3, 0x8a,
       0xdc, 0x32, 0xff, 0x03, 0xdb, 0x2e, 0xff, 0xa7, 0x1a, 0x11, 0x20, 0x11,
       0x38, 0x11, 0x56, 0x11, 0xfb, 0xe8, 0x1b, 0x00, 0x74, 0xfa, 0x43, 0x43,
       0x3b, 0x1e, 0x82, 0x04, 0x72, 0x04, 0x8b, 0x1e, 0x80, 0x04, 0x89, 0x1e,
       0x1a, 0x04, 0xfb, 0xc3, 0xe8, 0x04, 0x00, 0xfb, 0xe9, 0x61, 0xfa, 0xfa,
       0x8b, 0x1e, 0x1a, 0x04, 0x3b, 0x1e, 0x1c, 0x04, 0x74, 0x0b, 0xb8, 0x40,
       0x00, 0x8e, 0xc0, 0x26, 0x8b, 0x07, 0x89, 0x46, 0x00, 0xc3, 0xa0, 0x17,
       0x04, 0x32, 0xe4, 0x89, 0x46, 0x00, 0xc3, 0x1e, 0x52, 0x51, 0x53, 0x50,
       0xe4, 0x60, 0x8a, 0xe0, 0xe4, 0x61, 0x0c, 0x80, 0xe6, 0x61, 0x24, 0x7f,
       0xe6, 0x61, 0x8a, 0xd4, 0x33, 0xc0, 0x8e, 0xd8, 0xe8, 0x0a, 0x00, 0xb0,
       0x61, 0xe6, 0x20, 0x58, 0x5b, 0x59, 0x5a, 0x1f, 0xcf, 0x8a, 0xc2, 0x24,
       0x7f, 0x3c, 0x54, 0x72, 0x4f, 0xf6, 0xc2, 0x80, 0x75, 0x07, 0xf6, 0x06,
       0x18, 0x04, 0x08, 0x75, 0x11, 0xbb, 0xc1, 0x13, 0xb9, 0x0a, 0x00, 0x90,
       0x2e, 0x3a, 0x07, 0x74, 0x0b, 0x43, 0x43, 0x43, 0xe2, 0xf6, 0x80, 0x26,
       0x18, 0x04, 0xf7, 0xc3, 0x2e, 0x8b, 0x47, 0x01, 0xf6, 0xc4, 0xff, 0x75,
       0x05, 0xe8, 0xf1, 0xfa, 0xeb, 0x0a, 0x8a, 0xda, 0x80, 0xe3, 0x7f, 0x80,
       0xfb, 0x7d, 0x73, 0x08, 0xf6, 0xc2, 0x80, 0x75, 0xe2, 0xe9, 0x84, 0x00,
       0x80, 0xe2, 0x80, 0x0a, 0xc2, 0xcd, 0x06, 0x73, 0xd6, 0xeb, 0x79, 0x90,
       0x8a, 0xd8, 0xa0, 0x17, 0x04, 0x8a, 0xc8, 0x24, 0xbf, 0xa8, 0x03, 0x74,
       0x05, 0x80, 0xf1, 0x40, 0x34, 0x60, 0x80, 0xfb, 0x47, 0x72, 0x04, 0x24,
       0x2c, 0xeb, 0x02, 0x24, 0x4c, 0x74, 0x12, 0x8a, 0xe0, 0xb0, 0x02, 0xf6,
       0xc4, 0x08, 0x75, 0x09, 0xd0, 0xe0, 0xf6, 0xc4, 0x04, 0x75, 0x02, 0x40,
       0x40, 0x32, 0xff, 0x03, 0xdb, 0x03, 0xdb, 0x03, 0xdb, 0x32, 0xe4, 0x03,
       0xd8, 0x2e, 0x8b, 0x9f, 0xdf, 0x13, 0x80, 0xff, 0xf0, 0x72, 0x0c, 0x8a,
       0xe7, 0x32, 0xff, 0xf6, 0xc2, 0x80, 0x2e, 0xff, 0xa7, 0xa5, 0x13, 0xf6,
       0xc2, 0x80, 0x75, 0x1f, 0x8b, 0xc3, 0xf6, 0x06, 0x18, 0x04, 0x08, 0x75,
       0x11, 0xf6, 0xc1, 0x40, 0x74, 0x12, 0x3c, 0x61, 0x72, 0x0e, 0x3c, 0x7a,
       0x77, 0x0a, 0x2c, 0x20, 0xeb, 0x06, 0x80, 0x26, 0x18, 0x04, 0xf7, 0xc3,
       0x40, 0x74, 0x2c, 0x48, 0x8b, 0x1e, 0x1c, 0x04, 0x53, 0x43, 0x43, 0x3b,
       0x1e, 0x82, 0x04, 0x72, 0x04, 0x8b, 0x1e, 0x80, 0x04, 0x3b, 0x1e, 0x1a,
       0x04, 0x74, 0x10, 0x89, 0x1e, 0x1c, 0x04, 0x5b, 0x06, 0xb9, 0x40, 0x00,
       0x8e, 0xc1, 0x26, 0x89, 0x07, 0x07, 0xc3, 0x5b, 0xe9, 0xa3, 0x1e, 0xc6,
       0x06, 0x19, 0x04, 0x00, 0xc3, 0x75, 0x1c, 0xf6, 0x06, 0x18, 0x04, 0x08,
       0x75, 0x76, 0xa0, 0x19, 0x04, 0x02, 0xc0, 0x8a, 0xd8, 0x02, 0xc0, 0x02,
       0xc0, 0x02, 0xc3, 0x80, 0xe4, 0x0f, 0x02, 0xc4, 0xa2, 0x19, 0x04, 0xc3,
       0x75, 0xfd, 0xf6, 0x06, 0x18, 0x04, 0x08, 0x75, 0x57, 0xa1, 0x80, 0x04,
       0xa3, 0x1c, 0x04, 0xa3, 0x1a, 0x04, 0xc6, 0x06, 0x71, 0x04, 0x80, 0x1e,
       0xb8, 0x40, 0x00, 0x8e, 0xd8, 0xcd, 0x1b, 0x1f, 0xb8, 0x00, 0x00, 0xeb,
       0x87, 0x75, 0x5f, 0xf6, 0x06, 0x17, 0x04, 0x04, 0x74, 0x58, 0x33, 0xc0,
       0x8e, 0xd8, 0xc7, 0x06, 0x72, 0x04, 0x34, 0x12, 0xe9, 0xe6, 0xed, 0x75,
       0x49, 0xf6, 0x06, 0x18, 0x04, 0x08, 0x75, 0x1c, 0xe8, 0x02, 0x00, 0xcd,
       0x05, 0x80, 0x3e, 0x49, 0x04, 0x07, 0x74, 0x0b, 0x8b, 0x16, 0x63, 0x04,
       0x83, 0xc2, 0x04, 0xa0, 0x65, 0x04, 0xee, 0xb0, 0x61, 0xe6, 0x20, 0xc3,
       0x80, 0x26, 0x18, 0x04, 0xf7, 0xc3, 0x75, 0x49, 0xe8, 0x46, 0x00, 0xf6,
       0x06, 0x18, 0x04, 0x08, 0x75, 0x14, 0x80, 0x0e, 0x18, 0x04, 0x08, 0xe8,
       0xcf, 0xff, 0xfb, 0xf6, 0x06, 0x18, 0x04, 0x08, 0x75, 0xf9, 0x58, 0xe9,
       0x51, 0xfe, 0xc3, 0xa8, 0x80, 0x75, 0x08, 0x02, 0xc0, 0x04, 0x1d, 0xe8,
       0x73, 0xf9, 0xf9, 0xca, 0x02, 0x00, 0xb4, 0x80, 0x75, 0x19, 0x84, 0x26,
       0x18, 0x04, 0x75, 0x5c, 0xe8, 0x10, 0x00, 0xb8, 0x00, 0x52, 0xe9, 0x03,
       0xff, 0xb4, 0x10, 0xeb, 0x06, 0xb4, 0x40, 0xeb, 0x02, 0xb4, 0x20, 0x75,
       0x0f, 0x84, 0x26, 0x18, 0x04, 0x75, 0x08, 0x08, 0x26, 0x18, 0x04, 0x30,
       0x26, 0x17, 0x04, 0xc3, 0xf6, 0xd4, 0x20, 0x26, 0x18, 0x04, 0xc3, 0x9c,
       0xb4, 0x08, 0xe8, 0x1e, 0x00, 0xa0, 0x19, 0x04, 0xc6, 0x06, 0x19, 0x04,
       0x00, 0x9d, 0x74, 0xaa, 0x0a, 0xc0, 0x74, 0xa6, 0x32, 0xe4, 0xe9, 0xc7,
       0xfe, 0xb4, 0x04, 0xeb, 0x06, 0xb4, 0x02, 0xeb, 0x02, 0xb4, 0x01, 0x75,
       0x05, 0x08, 0x26, 0x17, 0x04, 0xc3, 0xf6, 0xd4, 0x20, 0x26, 0x17, 0x04,
       0xc3, 0x89, 0x12, 0x0e, 0x13, 0xa8, 0x12, 0xcd, 0x12, 0xe3, 0x12, 0x3e,
       0x13, 0x51, 0x13, 0x55, 0x13, 0x59, 0x13, 0x91, 0x13, 0x95, 0x13, 0x73,
       0x13, 0x8d, 0x13, 0x83, 0x12, 0x74, 0x15, 0x00, 0x70, 0x17, 0x00, 0x77,
       0x1b, 0x00, 0x78, 0x19, 0x00, 0x79, 0x00, 0x4d, 0x7a, 0x00, 0x4b, 0x7b,
       0x00, 0x50, 0x7c, 0x00, 0x48, 0x7e, 0x00, 0x01, 0x7d, 0x01, 0x01, 0x1a,
       0xf0, 0x1a, 0xf0, 0x1a, 0xf0, 0x1a, 0xf0, 0x1b, 0x01, 0x1a, 0xf0, 0x1b,
       0x01, 0x1b, 0x01, 0x31, 0x02, 0x00, 0x78, 0x1a, 0xf0, 0x21, 0x02, 0x32,
       0x03, 0x00, 0x79, 0x00, 0x03, 0x40, 0x03, 0x33, 0x04, 0x00, 0x7a, 0x1a,
       0xf0, 0x23, 0x04, 0x34, 0x05, 0x00, 0x7b, 0x1a, 0xf0, 0x24, 0x05, 0x35,
       0x06, 0x00, 0x7c, 0x1a, 0xf0, 0x25, 0x06, 0x36, 0x07, 0x00, 0x7d, 0x1e,
       0x07, 0x5e, 0x07, 0x37, 0x08, 0x00, 0x7e, 0x1a, 0xf0, 0x26, 0x08, 0x38,
       0x09, 0x00, 0x7f, 0x1a, 0xf0, 0x2a, 0x09, 0x39, 0x0a, 0x00, 0x80, 0x1a,
       0xf0, 0x28, 0x0a, 0x30, 0x0b, 0x00, 0x81, 0x1a, 0xf0, 0x29, 0x0b, 0x2d,
       0x0c, 0x00, 0x82, 0x1f, 0x0c, 0x5f, 0x0c, 0x3d, 0x0d, 0x00, 0x83, 0x1a,
       0xf0, 0x2b, 0x0d, 0x08, 0x0e, 0x1a, 0xf0, 0x7f, 0x0e, 0x08, 0x0e, 0x09,
       0x0f, 0x1a, 0xf0, 0x1a, 0xf0, 0x00, 0x0f, 0x71, 0x10, 0x00, 0x10, 0x11,
       0x10, 0x71, 0x10, 0x77, 0x11, 0x00, 0x11, 0x17, 0x11, 0x77, 0x11, 0x65,
       0x12, 0x00, 0x12, 0x05, 0x12, 0x65, 0x12, 0x72, 0x13, 0x00, 0x13, 0x12,
       0x13, 0x72, 0x13, 0x74, 0x14, 0x00, 0x14, 0x14, 0x14, 0x74, 0x14, 0x79,
       0x15, 0x00, 0x15, 0x19, 0x15, 0x79, 0x15, 0x75, 0x16, 0x00, 0x16, 0x15,
       0x16, 0x75, 0x16, 0x69, 0x17, 0x00, 0x17, 0x09, 0x17, 0x69, 0x17, 0x6f,
       0x18, 0x00, 0x18, 0x0f, 0x18, 0x6f, 0x18, 0x70, 0x19, 0x00, 0x19, 0x10,
       0x19, 0x70, 0x19, 0x5b, 0x1a, 0x1a, 0xf0, 0x1b, 0x1a, 0x7b, 0x1a, 0x5d,
       0x1b, 0x1a, 0xf0, 0x1d, 0x1b, 0x7d, 0x1b, 0x0d, 0x1c, 0x1a, 0xf0, 0x0a,
       0x1c, 0x0d, 0x1c, 0x18, 0xf0, 0x18, 0xf0, 0x18, 0xf0, 0x18, 0xf0, 0x61,
       0x1e, 0x00, 0x1e, 0x01, 0x1e, 0x61, 0x1e, 0x73, 0x1f, 0x00, 0x1f, 0x13,
       /* 0x14E4: string: " d f!" */
       0x1f, 0x73, 0x1f, 0x64, 0x20, 0x00, 0x20, 0x04, 0x20, 0x64, 0x20, 0x66,
       /* 0x14EC: string: "!f!g"" */
       0x21, 0x00, 0x21, 0x06, 0x21, 0x66, 0x21, 0x67, 0x22, 0x00, 0x22, 0x07,
       /* 0x14F4: string: ""g"h#" */
       /* 0x14FC: string: "#h#j$" */
       0x22, 0x67, 0x22, 0x68, 0x23, 0x00, 0x23, 0x08, 0x23, 0x68, 0x23, 0x6a,
       /* 0x1504: string: "$j$k%" */
       0x24, 0x00, 0x24, 0x0a, 0x24, 0x6a, 0x24, 0x6b, 0x25, 0x00, 0x25, 0x0b,
       /* 0x150C: string: "%k%l&" */
       0x25, 0x6b, 0x25, 0x6c, 0x26, 0x00, 0x26, 0x0c, 0x26, 0x6c, 0x26, 0x3b,
       0x27, 0x1a, 0xf0, 0x1a, 0xf0, 0x3a, 0x27, 0x27, 0x28, 0x1a, 0xf0, 0x1a,
       0xf0, 0x22, 0x28, 0x60, 0x29, 0x1a, 0xf0, 0x1a, 0xf0, 0x7e, 0x29, 0x12,
       0xf0, 0x12, 0xf0, 0x12, 0xf0, 0x12, 0xf0, 0x5c, 0x2b, 0x1a, 0xf0, 0x1c,
       /* 0x153C: string: "+|+z," */
       /* 0x1544: string: ",z,x-" */
       0x2b, 0x7c, 0x2b, 0x7a, 0x2c, 0x00, 0x2c, 0x1a, 0x2c, 0x7a, 0x2c, 0x78,
       /* 0x154C: string: "-x-c." */
       0x2d, 0x00, 0x2d, 0x18, 0x2d, 0x78, 0x2d, 0x63, 0x2e, 0x00, 0x2e, 0x03,
       /* 0x1554: string: ".c.v/" */
       /* 0x155C: string: "/v/b0" */
       0x2e, 0x63, 0x2e, 0x76, 0x2f, 0x00, 0x2f, 0x16, 0x2f, 0x76, 0x2f, 0x62,
       /* 0x1564: string: "0b0n1" */
       0x30, 0x00, 0x30, 0x02, 0x30, 0x62, 0x30, 0x6e, 0x31, 0x00, 0x31, 0x0e,
       /* 0x156C: string: "1n1m2" */
       0x31, 0x6e, 0x31, 0x6d, 0x32, 0x00, 0x32, 0x0d, 0x32, 0x6d, 0x32, 0x2c,
       0x33, 0x1a, 0xf0, 0x1a, 0xf0, 0x3c, 0x33, 0x2e, 0x34, 0x1a, 0xf0, 0x1a,
       0xf0, 0x3e, 0x34, 0x2f, 0x35, 0x1a, 0xf0, 0x1a, 0xf0, 0x3f, 0x35, 0x14,
       0xf0, 0x14, 0xf0, 0x14, 0xf0, 0x14, 0xf0, 0x2a, 0x37, 0x1a, 0xf0, 0x00,
       0x72, 0x08, 0xf0, 0x16, 0xf0, 0x16, 0xf0, 0x16, 0xf0, 0x16, 0xf0, 0x20,
       0x39, 0x20, 0x39, 0x20, 0x39, 0x20, 0x39, 0x0e, 0xf0, 0x0e, 0xf0, 0x0e,
       0xf0, 0x0e, 0xf0, 0x00, 0x3b, 0x00, 0x68, 0x00, 0x5e, 0x00, 0x54, 0x00,
       0x3c, 0x00, 0x69, 0x00, 0x5f, 0x00, 0x55, 0x00, 0x3d, 0x00, 0x6a, 0x00,
       0x60, 0x00, 0x56, 0x00, 0x3e, 0x00, 0x6b, 0x00, 0x61, 0x00, 0x57, 0x00,
       0x3f, 0x00, 0x6c, 0x00, 0x62, 0x00, 0x58, 0x00, 0x40, 0x00, 0x6d, 0x00,
       0x63, 0x00, 0x59, 0x00, 0x41, 0x00, 0x6e, 0x00, 0x64, 0x00, 0x5a, 0x00,
       0x42, 0x00, 0x6f, 0x00, 0x65, 0x00, 0x5b, 0x00, 0x43, 0x00, 0x70, 0x00,
       0x66, 0x00, 0x5c, 0x00, 0x44, 0x00, 0x71, 0x00, 0x67, 0x00, 0x5d, 0x10,
       0xf0, 0x10, 0xf0, 0x02, 0xf0, 0x10, 0xf0, 0x0c, 0xf0, 0x0c, 0xf0, 0x04,
       0xf0, 0x0c, 0xf0, 0x00, 0x47, 0x00, 0xf7, 0x00, 0x77, 0x37, 0x47, 0x00,
       0x48, 0x00, 0xf8, 0x1a, 0xf0, 0x38, 0x48, 0x00, 0x49, 0x00, 0xf9, 0x00,
       0x84, 0x39, 0x49, 0x2d, 0x4a, 0x1a, 0xf0, 0x1a, 0xf0, 0x2d, 0x4a, 0x00,
       0x4b, 0x00, 0xf4, 0x00, 0x73, 0x34, 0x4b, 0x1a, 0xf0, 0x00, 0xf5, 0x1a,
       0xf0, 0x35, 0x4c, 0x00, 0x4d, 0x00, 0xf6, 0x00, 0x74, 0x36, 0x4d, 0x2b,
       0x4e, 0x1a, 0xf0, 0x1a, 0xf0, 0x2b, 0x4e, 0x00, 0x4f, 0x00, 0xf1, 0x00,
       0x75, 0x31, 0x4f, 0x00, 0x50, 0x00, 0xf2, 0x1a, 0xf0, 0x32, 0x50, 0x00,
       0x51, 0x00, 0xf3, 0x00, 0x76, 0x33, 0x51, 0x0a, 0xf0, 0x00, 0xf0, 0x1a,
       0xf0, 0x30, 0x52, 0x00, 0x53, 0x06, 0xf0, 0x1a, 0xf0, 0x2e, 0x53, 0x00,
       0xe8, 0x1c, 0x01, 0x56, 0x8b, 0xf0, 0xfc, 0x2e, 0xac, 0x0a, 0xc0, 0x74,
       0x07, 0x51, 0xe8, 0x05, 0x00, 0x59, 0xeb, 0xf3, 0x5e, 0xc3, 0x79, 0x04,
       0x24, 0x7f, 0xeb, 0xe4, 0x3c, 0x20, 0x73, 0x26, 0x3c, 0x02, 0x75, 0x16,
       0x2e, 0xac, 0x8a, 0xc8, 0x56, 0x32, 0xed, 0xbe, 0xc8, 0x22, 0xe3, 0xd6,
       0x2e, 0xac, 0x0a, 0xc0, 0x75, 0xfa, 0xe2, 0xf8, 0xeb, 0xcc, 0x3c, 0x07,
       0x74, 0x13, 0x3c, 0x1b, 0x75, 0x1b, 0x2e, 0xac, 0xeb, 0x0b, 0x3c, 0x5c,
       0x75, 0x07, 0xb0, 0x0d, 0xe8, 0xc7, 0x00, 0xb0, 0x0a, 0xe8, 0xc2, 0x00,
       0x3c, 0x07, 0x75, 0x04, 0x33, 0xc9, 0xe2, 0xfe, 0xc3, 0x3c, 0x0f, 0x75,
       0x1c, 0xb0, 0x09, 0x90, 0xe8, 0xb8, 0x00, 0x32, 0xed, 0xe3, 0x98, 0x53,
       0x8b, 0xd8, 0x2e, 0x8a, 0x2f, 0x43, 0x0a, 0xed, 0x75, 0xf8, 0xe2, 0xf6,
       0x8b, 0xc3, 0x5b, 0xeb, 0x86, 0x3c, 0x15, 0x74, 0x22, 0x3c, 0x10, 0x74,
       0x4e, 0xb1, 0x03, 0x3c, 0x14, 0x74, 0x64, 0x32, 0xc9, 0x3c, 0x12, 0x8a,
       0xc3, 0x74, 0x63, 0x8a, 0xc7, 0x72, 0x5f, 0x8a, 0xc5, 0xeb, 0x5b, 0x10,
       0x27, 0xe8, 0x03, 0x64, 0x00, 0x0a, 0x00, 0x56, 0x8b, 0xda, 0xbe, 0x1b,
       0x17, 0xb9, 0x04, 0x00, 0xfc, 0x2e, 0xad, 0x33, 0xd2, 0x93, 0xf7, 0xf3,
       0x8b, 0xda, 0x0a, 0xc0, 0x74, 0x04, 0xb5, 0x30, 0xeb, 0x04, 0x0a, 0xed,
       0x74, 0x05, 0x02, 0xc5, 0xe8, 0x4f, 0x00, 0xfe, 0xc9, 0x75, 0xe2, 0x8a,
       0xc3, 0x04, 0x30, 0x5e, 0xeb, 0x44, 0x90, 0x52, 0x8c, 0xda, 0xb1, 0x04,
       0xd3, 0xc2, 0x8a, 0xc2, 0x80, 0xe2, 0xf0, 0x03, 0xd3, 0x73, 0x02, 0xfe,
       0xc0, 0x32, 0xc9, 0xe8, 0x17, 0x00, 0xe8, 0x02, 0x00, 0x5a, 0xc3, 0x8a,
       0xc6, 0xe8, 0x02, 0x00, 0x8a, 0xc2, 0x50, 0x51, 0xb1, 0x04, 0xd2, 0xc0,
       0x59, 0xe8, 0x01, 0x00, 0x58, 0x24, 0x0f, 0x04, 0x90, 0x27, 0x14, 0x40,
       0x27, 0x3c, 0x30, 0x75, 0x07, 0x0a, 0xc9, 0x74, 0x03, 0xfe, 0xc9, 0xc3,
       0x32, 0xc9, 0x53, 0xb4, 0x0e, 0x33, 0xdb, 0xcd, 0x10, 0x5b, 0xc3, 0x53,
       0x52, 0x32, 0xe4, 0x50, 0xba, 0x79, 0x03, 0xec, 0x25, 0x07, 0x00, 0xd1,
       0xe0, 0x8b, 0xd8, 0x2e, 0x8b, 0x9f, 0x2e, 0x27, 0x58, 0x5a, 0xd1, 0xe0,
       0x03, 0xd8, 0x2e, 0x8b, 0x07, 0x5b, 0xc3, 0xb0, 0x0e, 0xfa, 0x8b, 0xe8,
       0xbb, 0xca, 0x17, 0xe9, 0xe8, 0x19, 0x33, 0xff, 0xb8, 0x00, 0xb0, 0x8e,
       0xc0, 0xba, 0x79, 0x03, 0xec, 0x25, 0x07, 0x00, 0xd1, 0xe0, 0x8b, 0xd8,
       0x8c, 0xc8, 0x8e, 0xd8, 0x8b, 0x9f, 0x2e, 0x27, 0x8b, 0xc5, 0x3c, 0x0f,
       0xba, 0x45, 0x03, 0x74, 0x0c, 0xb0, 0x00, 0xba, 0xf4, 0x17, 0xeb, 0x05,
       0x8b, 0xc5, 0xba, 0x62, 0x18, 0x8b, 0x77, 0x10, 0xfc, 0x8b, 0xc8, 0x32,
       0xed, 0xe3, 0x07, 0xac, 0x0a, 0xc0, 0x75, 0xfb, 0xe2, 0xf9, 0xac, 0x3c,
       0x1b, 0x75, 0x03, 0xac, 0xeb, 0x1f, 0x0a, 0xc0, 0x78, 0x26, 0x75, 0x02,
       0xff, 0xe2, 0x3c, 0x02, 0x75, 0x13, 0xac, 0x8a, 0xe0, 0x8b, 0xce, 0xbe,
       0xc8, 0x22, 0xac, 0x0a, 0xc0, 0x75, 0xfb, 0xfe, 0xcc, 0x75, 0xf7, 0xeb,
       0x18, 0x26, 0x88, 0x05, 0x81, 0xf7, 0x00, 0x80, 0xaa, 0x47, 0xeb, 0xce,
       0x25, 0x7f, 0x00, 0xd1, 0xe0, 0x8b, 0xc8, 0x87, 0xf1, 0x03, 0xf3, 0x8b,
       0x34, 0xac, 0x0a, 0xc0, 0x87, 0xf1, 0x74, 0xba, 0x87, 0xf1, 0x3c, 0x1b,
       0x75, 0x01, 0xac, 0x26, 0x88, 0x05, 0x81, 0xf7, 0x00, 0x80, 0xaa, 0x47,
       0xeb, 0xe7, 0xeb, 0xfe, 0xc7, 0x46, 0x02, 0x01, 0x03, 0xc3, 0x8a, 0x02,
       0x03, 0x00, 0x5c, 0x53, 0x49, 0x44, 0x53, 0x54, 0x20, 0x42, 0x45, 0x4e,
       0x59, 0x54, 0x54, 0x45, 0x54, 0x3a, 0x20, 0x8a, 0x5c, 0x07, 0x00, 0x02,
       0x03, 0x5c, 0x49, 0x6e, 0x64, 0x73, 0x74, 0x69, 0x6c, 0x20, 0x44, 0x61,
       0x74, 0x6f, 0x20, 0x6f, 0x67, 0x20, 0x4b, 0x6c, 0x6f, 0x6b, 0x6b, 0x65,
       0x73, 0x6c, 0x65, 0x74, 0x5c, 0x4a, 0x75, 0x73, 0x74, 0x65, 0x72, 0x27,
       0x20, 0x6f, 0x70, 0x73, 0x74, 0x61, 0x72, 0x74, 0x73, 0x76, 0x1b, 0x91,
       0x72, 0x64, 0x69, 0x65, 0x72, 0x6e, 0x65, 0x20, 0x28, 0x4b, 0x75, 0x6e,
       0x20, 0x68, 0x76, 0x69, 0x73, 0x20, 0x6e, 0x1b, 0x9b, 0x64, 0x76, 0x65,
       /* 0x18D7: string: "Monter venligst nye batterier\" */
       0x6e, 0x64, 0x69, 0x67, 0x74, 0x29, 0x5c, 0x07, 0x07, 0x07, 0x00, 0x4d,
       0x6f, 0x6e, 0x74, 0x65, 0x72, 0x20, 0x76, 0x65, 0x6e, 0x6c, 0x69, 0x67,
       0x73, 0x74, 0x20, 0x6e, 0x79, 0x65, 0x20, 0x62, 0x61, 0x74, 0x74, 0x65,
       /* 0x18F6: string: "\Check Tastaturet og Musen" */
       0x72, 0x69, 0x65, 0x72, 0x5c, 0x00, 0x5c, 0x43, 0x68, 0x65, 0x63, 0x6b,
       0x20, 0x54, 0x61, 0x73, 0x74, 0x61, 0x74, 0x75, 0x72, 0x65, 0x74, 0x20,
       0x6f, 0x67, 0x20, 0x4d, 0x75, 0x73, 0x65, 0x6e, 0x00, 0x5c, 0x49, 0x6e,
       0x64, 0x73, 0x1b, 0x91, 0x74, 0x20, 0x76, 0x65, 0x6e, 0x6c, 0x69, 0x67,
       0x73, 0x74, 0x20, 0x65, 0x6e, 0x20, 0x02, 0x16, 0x20, 0x64, 0x69, 0x73,
       0x6b, 0x65, 0x74, 0x74, 0x65, 0x20, 0x69, 0x20, 0x44, 0x52, 0x45, 0x56,
       0x20, 0x41, 0x5c, 0x6f, 0x67, 0x20, 0x74, 0x72, 0x79, 0x6b, 0x20, 0x70,
       /* 0x1946: string: " en tast" */
       0x1b, 0x86, 0x20, 0x65, 0x6e, 0x20, 0x74, 0x61, 0x73, 0x74, 0x00, 0x5c,
       0x46, 0x45, 0x4a, 0x4c, 0x3a, 0x02, 0x1b, 0x02, 0x1d, 0x3a, 0x5c, 0x52,
       0x4f, 0x4d, 0x20, 0x61, 0x64, 0x72, 0x65, 0x73, 0x73, 0x65, 0x20, 0x3d,
       /* 0x196C: string: "FEJL: " */
       0x20, 0x10, 0x5c, 0x00, 0x46, 0x45, 0x4a, 0x4c, 0x3a, 0x20, 0x00, 0x8b,
       /* 0x1976: string: " RAM" */
       /* 0x197D: string: " RAM" */
       0x02, 0x16, 0x20, 0x52, 0x41, 0x4d, 0x00, 0x8b, 0x8d, 0x20, 0x52, 0x41,
       0x4d, 0x00, 0x8b, 0x02, 0x20, 0x8c, 0x00, 0x46, 0x65, 0x6a, 0x6c, 0x20,
       0x6c, 0x61, 0x67, 0x65, 0x72, 0x8c, 0x00, 0x8b, 0x02, 0x1c, 0x6b, 0x6f,
       0x6e, 0x74, 0x72, 0x6f, 0x6c, 0x20, 0x65, 0x6c, 0x6c, 0x65, 0x72, 0x20,
       /* 0x19A6: string: "drev" */
       0x02, 0x1c, 0x64, 0x72, 0x65, 0x76, 0x00, 0x8b, 0x02, 0x11, 0x20, 0x02,
       0x12, 0x00, 0x8b, 0x02, 0x16, 0x20, 0x02, 0x14, 0x20, 0x02, 0x15, 0x00,
       /* 0x19BF: string: "tids ur" */
       0x8b, 0x02, 0x17, 0x74, 0x69, 0x64, 0x73, 0x20, 0x75, 0x72, 0x00, 0x8b,
       /* 0x19D1: string: "-port" */
       0x8d, 0x8c, 0x00, 0x8b, 0x02, 0x16, 0x20, 0x02, 0x18, 0x2d, 0x70, 0x6f,
       /* 0x19DC: string: "-port" */
       0x72, 0x74, 0x00, 0x8b, 0x02, 0x16, 0x02, 0x19, 0x2d, 0x70, 0x6f, 0x72,
       /* 0x19E5: string: " til mus" */
       0x74, 0x00, 0x8b, 0x02, 0x15, 0x20, 0x74, 0x69, 0x6c, 0x20, 0x6d, 0x75,
       0x73, 0x00, 0x43, 0x68, 0x65, 0x63, 0x6b, 0x73, 0x75, 0x6d, 0x66, 0x65,
       /* 0x19FF: string: " ROM" */
       0x6a, 0x6c, 0x20, 0x69, 0x20, 0x02, 0x16, 0x20, 0x52, 0x4f, 0x4d, 0x00,
       /* 0x1A05: string: "lager (paritets fejl)" */
       0x8b, 0x6c, 0x61, 0x67, 0x65, 0x72, 0x20, 0x28, 0x70, 0x61, 0x72, 0x69,
       /* 0x1A1B: string: "Vent et ojeblik !" */
       0x74, 0x65, 0x74, 0x73, 0x20, 0x66, 0x65, 0x6a, 0x6c, 0x29, 0x00, 0x56,
       0x65, 0x6e, 0x74, 0x20, 0x65, 0x74, 0x20, 0x6f, 0x6a, 0x65, 0x62, 0x6c,
       /* 0x1A33: string: "Marts" */
       0x69, 0x6b, 0x20, 0x21, 0x00, 0x02, 0x04, 0x00, 0x02, 0x05, 0x00, 0x4d,
       0x61, 0x72, 0x74, 0x73, 0x00, 0x02, 0x09, 0x00, 0x4d, 0x61, 0x6a, 0x00,
       0x02, 0x06, 0x00, 0x02, 0x07, 0x00, 0x02, 0x0a, 0x00, 0x02, 0x0b, 0x00,
       0x02, 0x0c, 0x00, 0x02, 0x0d, 0x00, 0x02, 0x0e, 0x00, 0x11, 0x3a, 0x12,
       /* 0x1A63: string: " kontrol enhed" */
       0x20, 0x64, 0x65, 0x6e, 0x20, 0x13, 0x20, 0x0f, 0x20, 0x14, 0x00, 0x20,
       0x6b, 0x6f, 0x6e, 0x74, 0x72, 0x6f, 0x6c, 0x20, 0x65, 0x6e, 0x68, 0x65,
       /* 0x1A72: string: "Fejl i " */
       /* 0x1A7A: string: "skaerm" */
       0x64, 0x00, 0x46, 0x65, 0x6a, 0x6c, 0x20, 0x69, 0x20, 0x00, 0x73, 0x6b,
       0x61, 0x65, 0x72, 0x6d, 0x00, 0x8a, 0x02, 0x03, 0x00, 0x5c, 0x44, 0x65,
       0x72, 0x6e, 0x69, 0x65, 0x72, 0x20, 0x61, 0x72, 0x72, 0x1b, 0x88, 0x74,
       0x20, 0x1b, 0x85, 0x20, 0x8a, 0x5c, 0x07, 0x00, 0x02, 0x03, 0x5c, 0x56,
       0x65, 0x75, 0x69, 0x6c, 0x6c, 0x65, 0x7a, 0x20, 0x64, 0x6f, 0x6e, 0x6e,
       0x65, 0x72, 0x20, 0x6c, 0x61, 0x20, 0x64, 0x61, 0x74, 0x65, 0x20, 0x65,
       0x74, 0x20, 0x6c, 0x27, 0x68, 0x65, 0x75, 0x72, 0x65, 0x5c, 0x53, 0x69,
       0x20, 0x6e, 0x1b, 0x82, 0x63, 0x65, 0x73, 0x73, 0x61, 0x69, 0x72, 0x65,
       0x20, 0x72, 0x65, 0x64, 0x1b, 0x82, 0x66, 0x69, 0x6e, 0x69, 0x73, 0x73,
       0x65, 0x7a, 0x20, 0x6c, 0x65, 0x73, 0x20, 0x6f, 0x70, 0x74, 0x69, 0x6f,
       /* 0x1AEF: string: "Veuillez mettre des piles neuves\" */
       0x6e, 0x73, 0x5c, 0x07, 0x07, 0x07, 0x00, 0x56, 0x65, 0x75, 0x69, 0x6c,
       0x6c, 0x65, 0x7a, 0x20, 0x6d, 0x65, 0x74, 0x74, 0x72, 0x65, 0x20, 0x64,
       0x65, 0x73, 0x20, 0x70, 0x69, 0x6c, 0x65, 0x73, 0x20, 0x6e, 0x65, 0x75,
       /* 0x1B15: string: "rifiez le clavier et la souris" */
       0x76, 0x65, 0x73, 0x5c, 0x00, 0x5c, 0x56, 0x1b, 0x82, 0x72, 0x69, 0x66,
       0x69, 0x65, 0x7a, 0x20, 0x6c, 0x65, 0x20, 0x63, 0x6c, 0x61, 0x76, 0x69,
       0x65, 0x72, 0x20, 0x65, 0x74, 0x20, 0x6c, 0x61, 0x20, 0x73, 0x6f, 0x75,
       0x72, 0x69, 0x73, 0x00, 0x5c, 0x4d, 0x65, 0x74, 0x74, 0x65, 0x7a, 0x20,
       0x75, 0x6e, 0x65, 0x20, 0x64, 0x69, 0x73, 0x71, 0x75, 0x65, 0x74, 0x74,
       /* 0x1B50: string: "me dans le Drive A\Puis tapez une touche quelconque" */
       0x65, 0x20, 0x53, 0x79, 0x73, 0x74, 0x1b, 0x8a, 0x6d, 0x65, 0x20, 0x64,
       0x61, 0x6e, 0x73, 0x20, 0x6c, 0x65, 0x20, 0x44, 0x72, 0x69, 0x76, 0x65,
       0x20, 0x41, 0x5c, 0x50, 0x75, 0x69, 0x73, 0x20, 0x74, 0x61, 0x70, 0x65,
       0x7a, 0x20, 0x75, 0x6e, 0x65, 0x20, 0x74, 0x6f, 0x75, 0x63, 0x68, 0x65,
       0x20, 0x71, 0x75, 0x65, 0x6c, 0x63, 0x6f, 0x6e, 0x71, 0x75, 0x65, 0x00,
       0x5c, 0x45, 0x72, 0x72, 0x65, 0x75, 0x72, 0x20, 0x3a, 0x20, 0x74, 0x6f,
       0x74, 0x61, 0x6c, 0x20, 0x69, 0x6e, 0x63, 0x6f, 0x72, 0x72, 0x65, 0x63,
       0x74, 0x20, 0x64, 0x61, 0x6e, 0x73, 0x20, 0x6c, 0x61, 0x20, 0x52, 0x4f,
       0x4d, 0x20, 0x65, 0x78, 0x74, 0x65, 0x72, 0x6e, 0x65, 0x20, 0x3a, 0x5c,
       0x61, 0x64, 0x72, 0x65, 0x73, 0x73, 0x65, 0x20, 0x65, 0x6e, 0x20, 0x52,
       /* 0x1BC8: string: "Erreur : Defaillance " */
       0x4f, 0x4d, 0x20, 0x3d, 0x20, 0x10, 0x5c, 0x00, 0x45, 0x72, 0x72, 0x65,
       0x75, 0x72, 0x20, 0x3a, 0x20, 0x44, 0x65, 0x66, 0x61, 0x69, 0x6c, 0x6c,
       0x61, 0x6e, 0x63, 0x65, 0x20, 0x00, 0x8c, 0x02, 0x16, 0x45, 0x00, 0x8c,
       /* 0x1BE9: string: "d'interruptions" */
       0x56, 0x44, 0x55, 0x00, 0x8b, 0x64, 0x27, 0x69, 0x6e, 0x74, 0x65, 0x72,
       0x72, 0x75, 0x70, 0x74, 0x69, 0x6f, 0x6e, 0x73, 0x00, 0x8b, 0x44, 0x4d,
       /* 0x1BFF: string: "ou du lecteur" */
       0x41, 0x00, 0x8b, 0x6f, 0x75, 0x20, 0x64, 0x75, 0x20, 0x6c, 0x65, 0x63,
       /* 0x1C0D: string: "du chronometre" */
       0x74, 0x65, 0x75, 0x72, 0x00, 0x64, 0x75, 0x20, 0x63, 0x68, 0x72, 0x6f,
       /* 0x1C1C: string: "du registre d'etat du systeme" */
       0x6e, 0x6f, 0x6d, 0x65, 0x74, 0x72, 0x65, 0x00, 0x64, 0x75, 0x20, 0x72,
       0x65, 0x67, 0x69, 0x73, 0x74, 0x72, 0x65, 0x20, 0x64, 0x27, 0x65, 0x74,
       0x61, 0x74, 0x20, 0x64, 0x75, 0x20, 0x73, 0x79, 0x73, 0x74, 0x65, 0x6d,
       /* 0x1C3A: string: "de l'horloge" */
       0x65, 0x00, 0x64, 0x65, 0x20, 0x6c, 0x27, 0x68, 0x6f, 0x72, 0x6c, 0x6f,
       /* 0x1C47: string: "du controleur VDU" */
       0x67, 0x65, 0x00, 0x64, 0x75, 0x20, 0x63, 0x6f, 0x6e, 0x74, 0x72, 0x6f,
       /* 0x1C5A: string: "d'imprimante" */
       0x6c, 0x65, 0x75, 0x72, 0x20, 0x56, 0x44, 0x55, 0x00, 0x8d, 0x64, 0x27,
       0x69, 0x6d, 0x70, 0x72, 0x69, 0x6d, 0x61, 0x6e, 0x74, 0x65, 0x00, 0x8d,
       /* 0x1C68: string: "serie" */
       /* 0x1C6E: string: "des registres coordonnees souris" */
       0x73, 0x65, 0x72, 0x69, 0x65, 0x00, 0x64, 0x65, 0x73, 0x20, 0x72, 0x65,
       0x67, 0x69, 0x73, 0x74, 0x72, 0x65, 0x73, 0x20, 0x63, 0x6f, 0x6f, 0x72,
       0x64, 0x6f, 0x6e, 0x6e, 0x65, 0x65, 0x73, 0x20, 0x73, 0x6f, 0x75, 0x72,
       /* 0x1C8F: string: "des totalisations ROS" */
       0x69, 0x73, 0x00, 0x64, 0x65, 0x73, 0x20, 0x74, 0x6f, 0x74, 0x61, 0x6c,
       0x69, 0x73, 0x61, 0x74, 0x69, 0x6f, 0x6e, 0x73, 0x20, 0x52, 0x4f, 0x53,
       /* 0x1CA5: string: "Memoire (erreur de parite)" */
       0x00, 0x4d, 0x65, 0x6d, 0x6f, 0x69, 0x72, 0x65, 0x20, 0x28, 0x65, 0x72,
       0x72, 0x65, 0x75, 0x72, 0x20, 0x64, 0x65, 0x20, 0x70, 0x61, 0x72, 0x69,
       /* 0x1CC0: string: "Patientez" */
       0x74, 0x65, 0x29, 0x00, 0x50, 0x61, 0x74, 0x69, 0x65, 0x6e, 0x74, 0x65,
       /* 0x1CCA: string: "Janvier" */
       0x7a, 0x00, 0x4a, 0x61, 0x6e, 0x76, 0x69, 0x65, 0x72, 0x00, 0x46, 0x1b,
       /* 0x1CD5: string: "vrier" */
       /* 0x1CDB: string: "Mars" */
       0x82, 0x76, 0x72, 0x69, 0x65, 0x72, 0x00, 0x4d, 0x61, 0x72, 0x73, 0x00,
       /* 0x1CE0: string: "Avril" */
       /* 0x1CEA: string: "Juin" */
       0x41, 0x76, 0x72, 0x69, 0x6c, 0x00, 0x4d, 0x61, 0x69, 0x00, 0x4a, 0x75,
       /* 0x1CEF: string: "Juillet" */
       0x69, 0x6e, 0x00, 0x4a, 0x75, 0x69, 0x6c, 0x6c, 0x65, 0x74, 0x00, 0x41,
       /* 0x1CFD: string: "Septembre" */
       0x6f, 0x1b, 0x96, 0x74, 0x00, 0x53, 0x65, 0x70, 0x74, 0x65, 0x6d, 0x62,
       /* 0x1D07: string: "Octobre" */
       /* 0x1D0F: string: "Novembre" */
       0x72, 0x65, 0x00, 0x4f, 0x63, 0x74, 0x6f, 0x62, 0x72, 0x65, 0x00, 0x4e,
       /* 0x1D1B: string: "cembre" */
       0x6f, 0x76, 0x65, 0x6d, 0x62, 0x72, 0x65, 0x00, 0x44, 0x1b, 0x82, 0x63,
       0x65, 0x6d, 0x62, 0x72, 0x65, 0x00, 0x11, 0x3a, 0x12, 0x20, 0x6c, 0x65,
       /* 0x1D2F: string: "du controleur " */
       0x20, 0x13, 0x20, 0x0f, 0x20, 0x14, 0x00, 0x64, 0x75, 0x20, 0x63, 0x6f,
       /* 0x1D3E: string: "de la RAM " */
       0x6e, 0x74, 0x72, 0x6f, 0x6c, 0x65, 0x75, 0x72, 0x20, 0x00, 0x64, 0x65,
       /* 0x1D49: string: "de la sortie " */
       0x20, 0x6c, 0x61, 0x20, 0x52, 0x41, 0x4d, 0x20, 0x00, 0x64, 0x65, 0x20,
       0x6c, 0x61, 0x20, 0x73, 0x6f, 0x72, 0x74, 0x69, 0x65, 0x20, 0x00, 0x8a,
       0x02, 0x03, 0x00, 0x5c, 0x55, 0x6c, 0x74, 0x69, 0x6d, 0x6f, 0x20, 0x75,
       0x73, 0x6f, 0x20, 0x61, 0x6c, 0x6c, 0x65, 0x20, 0x8a, 0x5c, 0x07, 0x00,
       0x02, 0x03, 0x5c, 0x41, 0x67, 0x67, 0x69, 0x6f, 0x72, 0x6e, 0x61, 0x72,
       0x65, 0x20, 0x6c, 0x61, 0x20, 0x64, 0x61, 0x74, 0x61, 0x20, 0x65, 0x20,
       0x6c, 0x27, 0x6f, 0x72, 0x61, 0x5c, 0x44, 0x65, 0x66, 0x69, 0x6e, 0x69,
       0x72, 0x65, 0x20, 0x6c, 0x65, 0x20, 0x4f, 0x70, 0x7a, 0x69, 0x6f, 0x6e,
       0x69, 0x20, 0x55, 0x74, 0x65, 0x6e, 0x74, 0x65, 0x20, 0x28, 0x53, 0x65,
       0x20, 0x72, 0x69, 0x63, 0x68, 0x69, 0x65, 0x73, 0x74, 0x6f, 0x29, 0x5c,
       /* 0x1DBC: string: "Batterie da sostituire\" */
       0x07, 0x07, 0x07, 0x00, 0x42, 0x61, 0x74, 0x74, 0x65, 0x72, 0x69, 0x65,
       0x20, 0x64, 0x61, 0x20, 0x73, 0x6f, 0x73, 0x74, 0x69, 0x74, 0x75, 0x69,
       /* 0x1DD4: string: "\Provare la tastiera e il mouse" */
       0x72, 0x65, 0x5c, 0x00, 0x5c, 0x50, 0x72, 0x6f, 0x76, 0x61, 0x72, 0x65,
       0x20, 0x6c, 0x61, 0x20, 0x74, 0x61, 0x73, 0x74, 0x69, 0x65, 0x72, 0x61,
       0x20, 0x65, 0x20, 0x69, 0x6c, 0x20, 0x6d, 0x6f, 0x75, 0x73, 0x65, 0x00,
       /* 0x1DF4: string: "\Inserire un disco di SISTEMA nel Drive A\Poi premere un tasto" */
       0x5c, 0x49, 0x6e, 0x73, 0x65, 0x72, 0x69, 0x72, 0x65, 0x20, 0x75, 0x6e,
       0x20, 0x64, 0x69, 0x73, 0x63, 0x6f, 0x20, 0x64, 0x69, 0x20, 0x53, 0x49,
       0x53, 0x54, 0x45, 0x4d, 0x41, 0x20, 0x6e, 0x65, 0x6c, 0x20, 0x44, 0x72,
       0x69, 0x76, 0x65, 0x20, 0x41, 0x5c, 0x50, 0x6f, 0x69, 0x20, 0x70, 0x72,
       0x65, 0x6d, 0x65, 0x72, 0x65, 0x20, 0x75, 0x6e, 0x20, 0x74, 0x61, 0x73,
       0x74, 0x6f, 0x00, 0x5c, 0x45, 0x72, 0x72, 0x6f, 0x72, 0x65, 0x3a, 0x20,
       0x73, 0x65, 0x67, 0x6e, 0x61, 0x6c, 0x65, 0x20, 0x65, 0x72, 0x72, 0x61,
       0x74, 0x6f, 0x20, 0x64, 0x61, 0x6c, 0x6c, 0x61, 0x20, 0x52, 0x4f, 0x4d,
       0x20, 0x45, 0x73, 0x74, 0x65, 0x72, 0x6e, 0x61, 0x3a, 0x5c, 0x69, 0x6e,
       0x64, 0x69, 0x72, 0x69, 0x7a, 0x7a, 0x6f, 0x20, 0x52, 0x4f, 0x4d, 0x20,
       /* 0x1E71: string: "Errore: " */
       0x3d, 0x20, 0x10, 0x5c, 0x00, 0x45, 0x72, 0x72, 0x6f, 0x72, 0x65, 0x3a,
       0x20, 0x00, 0x52, 0x41, 0x4d, 0x8d, 0x8c, 0x61, 0x00, 0x52, 0x41, 0x4d,
       0x20, 0x76, 0x69, 0x64, 0x65, 0x6f, 0x8c, 0x61, 0x00, 0x8b, 0x69, 0x6e,
       0x74, 0x65, 0x72, 0x72, 0x75, 0x7a, 0x69, 0x6f, 0x6e, 0x69, 0x8c, 0x6f,
       0x00, 0x8b, 0x64, 0x69, 0x20, 0x61, 0x63, 0x63, 0x65, 0x73, 0x73, 0x6f,
       0x20, 0x64, 0x69, 0x72, 0x65, 0x74, 0x74, 0x6f, 0x20, 0x61, 0x6c, 0x6c,
       0x61, 0x20, 0x6d, 0x65, 0x6d, 0x6f, 0x72, 0x69, 0x61, 0x8c, 0x6f, 0x00,
       0x8b, 0x64, 0x65, 0x6c, 0x20, 0x64, 0x69, 0x73, 0x63, 0x6f, 0x20, 0x6f,
       0x20, 0x64, 0x72, 0x69, 0x76, 0x65, 0x8c, 0x6f, 0x00, 0x74, 0x65, 0x6d,
       0x70, 0x6f, 0x72, 0x69, 0x7a, 0x7a, 0x61, 0x74, 0x6f, 0x72, 0x65, 0x8c,
       0x6f, 0x00, 0x72, 0x65, 0x67, 0x69, 0x73, 0x74, 0x72, 0x6f, 0x20, 0x64,
       0x69, 0x20, 0x73, 0x74, 0x61, 0x74, 0x6f, 0x20, 0x64, 0x65, 0x6c, 0x20,
       0x53, 0x49, 0x53, 0x54, 0x45, 0x4d, 0x41, 0x8c, 0x6f, 0x00, 0x63, 0x6c,
       0x6f, 0x63, 0x6b, 0x20, 0x69, 0x6e, 0x20, 0x74, 0x65, 0x6d, 0x70, 0x6f,
       0x20, 0x72, 0x65, 0x61, 0x6c, 0x65, 0x8c, 0x6f, 0x00, 0x8b, 0x64, 0x65,
       0x6c, 0x20, 0x76, 0x69, 0x64, 0x65, 0x6f, 0x8c, 0x6f, 0x00, 0x70, 0x6f,
       0x72, 0x74, 0x61, 0x20, 0x73, 0x74, 0x61, 0x6d, 0x70, 0x61, 0x6e, 0x74,
       0x65, 0x8d, 0x8c, 0x61, 0x00, 0x70, 0x6f, 0x72, 0x74, 0x61, 0x20, 0x73,
       0x65, 0x72, 0x69, 0x61, 0x6c, 0x65, 0x8d, 0x8c, 0x61, 0x00, 0x72, 0x65,
       0x67, 0x69, 0x73, 0x74, 0x72, 0x69, 0x20, 0x63, 0x6f, 0x6f, 0x72, 0x64,
       0x69, 0x6e, 0x61, 0x74, 0x65, 0x20, 0x6d, 0x6f, 0x75, 0x73, 0x65, 0x8c,
       /* 0x1F6A: string: "verifica lettura della ROS fallita" */
       0x69, 0x00, 0x76, 0x65, 0x72, 0x69, 0x66, 0x69, 0x63, 0x61, 0x20, 0x6c,
       0x65, 0x74, 0x74, 0x75, 0x72, 0x61, 0x20, 0x64, 0x65, 0x6c, 0x6c, 0x61,
       0x20, 0x52, 0x4f, 0x53, 0x20, 0x66, 0x61, 0x6c, 0x6c, 0x69, 0x74, 0x61,
       /* 0x1F95: string: "a (errore di parita)" */
       0x00, 0x6d, 0x65, 0x6d, 0x6f, 0x72, 0x69, 0x61, 0x8c, 0x61, 0x20, 0x28,
       0x65, 0x72, 0x72, 0x6f, 0x72, 0x65, 0x20, 0x64, 0x69, 0x20, 0x70, 0x61,
       /* 0x1FAA: string: "Prego attendere" */
       0x72, 0x69, 0x74, 0x61, 0x29, 0x00, 0x50, 0x72, 0x65, 0x67, 0x6f, 0x20,
       /* 0x1FBA: string: "Gennaio" */
       0x61, 0x74, 0x74, 0x65, 0x6e, 0x64, 0x65, 0x72, 0x65, 0x00, 0x47, 0x65,
       /* 0x1FC2: string: "Febbraio" */
       0x6e, 0x6e, 0x61, 0x69, 0x6f, 0x00, 0x46, 0x65, 0x62, 0x62, 0x72, 0x61,
       /* 0x1FCB: string: "Marzo" */
       0x69, 0x6f, 0x00, 0x4d, 0x61, 0x72, 0x7a, 0x6f, 0x00, 0x02, 0x09, 0x65,
       /* 0x1FD5: string: "Maggio" */
       /* 0x1FDC: string: "Giugno" */
       0x00, 0x4d, 0x61, 0x67, 0x67, 0x69, 0x6f, 0x00, 0x47, 0x69, 0x75, 0x67,
       /* 0x1FE3: string: "Luglio" */
       /* 0x1FEA: string: "Agosto" */
       0x6e, 0x6f, 0x00, 0x4c, 0x75, 0x67, 0x6c, 0x69, 0x6f, 0x00, 0x41, 0x67,
       /* 0x1FF1: string: "Settembre" */
       0x6f, 0x73, 0x74, 0x6f, 0x00, 0x53, 0x65, 0x74, 0x74, 0x65, 0x6d, 0x62,
       /* 0x1FFB: string: "Ottobre" */
       /* 0x2003: string: "Novembre" */
       0x72, 0x65, 0x00, 0x4f, 0x74, 0x74, 0x6f, 0x62, 0x72, 0x65, 0x00, 0x4e,
       /* 0x200C: string: "Dicembre" */
       0x6f, 0x76, 0x65, 0x6d, 0x62, 0x72, 0x65, 0x00, 0x44, 0x69, 0x63, 0x65,
       0x6d, 0x62, 0x72, 0x65, 0x00, 0x11, 0x3a, 0x12, 0x20, 0x64, 0x65, 0x6c,
       /* 0x2023: string: "controllore " */
       0x20, 0x13, 0x20, 0x0f, 0x20, 0x14, 0x00, 0x63, 0x6f, 0x6e, 0x74, 0x72,
       /* 0x2030: string: " difettos" */
       0x6f, 0x6c, 0x6c, 0x6f, 0x72, 0x65, 0x20, 0x00, 0x20, 0x64, 0x69, 0x66,
       /* 0x203A: string: " di SISTEMA" */
       0x65, 0x74, 0x74, 0x6f, 0x73, 0x00, 0x20, 0x64, 0x69, 0x20, 0x53, 0x49,
       0x53, 0x54, 0x45, 0x4d, 0x41, 0x00, 0x49, 0x42, 0x4d, 0x55, 0x53, 0x20,
       0x4e, 0x4f, 0x4e, 0x20, 0x43, 0x41, 0x52, 0x42, 0x4f, 0x52, 0x55, 0x4e,
       0x44, 0x55, 0x4d, 0xea, 0xc9, 0x00, 0x00, 0xfc, 0x8a, 0x02, 0x03, 0x00,
       0x5c, 0x53, 0x65, 0x6e, 0x61, 0x73, 0x74, 0x20, 0x61, 0x6e, 0x76, 0x1b,
       0x84, 0x6e, 0x64, 0x20, 0x8a, 0x5c, 0x07, 0x00, 0x02, 0x03, 0x5c, 0x56,
       0x2e, 0x67, 0x2e, 0x20, 0x73, 0x1b, 0x84, 0x74, 0x74, 0x20, 0x64, 0x61,
       0x74, 0x75, 0x6d, 0x20, 0x6f, 0x63, 0x68, 0x20, 0x74, 0x69, 0x64, 0x5c,
       0x56, 0x2e, 0x67, 0x2e, 0x20, 0x73, 0x74, 0x1b, 0x84, 0x6c, 0x6c, 0x20,
       0x69, 0x6e, 0x20, 0x61, 0x6e, 0x76, 0x1b, 0x84, 0x6e, 0x64, 0x61, 0x72,
       0x76, 0x1b, 0x84, 0x72, 0x64, 0x65, 0x6e, 0x20, 0x28, 0x76, 0x69, 0x64,
       0x20, 0x62, 0x65, 0x68, 0x6f, 0x76, 0x29, 0x5c, 0x07, 0x07, 0x07, 0x00,
       /* 0x20C4: string: "V.g. anslut nya batterier\" */
       0x56, 0x2e, 0x67, 0x2e, 0x20, 0x61, 0x6e, 0x73, 0x6c, 0x75, 0x74, 0x20,
       0x6e, 0x79, 0x61, 0x20, 0x62, 0x61, 0x74, 0x74, 0x65, 0x72, 0x69, 0x65,
       /* 0x20DF: string: "\Kontrollera tangentbord och mus" */
       0x72, 0x5c, 0x00, 0x5c, 0x4b, 0x6f, 0x6e, 0x74, 0x72, 0x6f, 0x6c, 0x6c,
       0x65, 0x72, 0x61, 0x20, 0x74, 0x61, 0x6e, 0x67, 0x65, 0x6e, 0x74, 0x62,
       0x6f, 0x72, 0x64, 0x20, 0x6f, 0x63, 0x68, 0x20, 0x6d, 0x75, 0x73, 0x00,
       0x5c, 0x53, 0x1b, 0x84, 0x74, 0x74, 0x20, 0x69, 0x20, 0x65, 0x6e, 0x20,
       0x53, 0x59, 0x53, 0x54, 0x45, 0x4d, 0x44, 0x49, 0x53, 0x4b, 0x45, 0x54,
       0x54, 0x20, 0x69, 0x20, 0x65, 0x6e, 0x68, 0x65, 0x74, 0x20, 0x41, 0x5c,
       /* 0x212D: string: "refter ner en tangent" */
       0x54, 0x72, 0x79, 0x63, 0x6b, 0x20, 0x64, 0x1b, 0x84, 0x72, 0x65, 0x66,
       0x74, 0x65, 0x72, 0x20, 0x6e, 0x65, 0x72, 0x20, 0x65, 0x6e, 0x20, 0x74,
       0x61, 0x6e, 0x67, 0x65, 0x6e, 0x74, 0x00, 0x5c, 0x46, 0x65, 0x6c, 0x3a,
       0x02, 0x1b, 0x20, 0x52, 0x4f, 0x4d, 0x20, 0x8b, 0x73, 0x75, 0x6d, 0x6d,
       0x61, 0x20, 0x66, 0x65, 0x6c, 0x61, 0x6b, 0x74, 0x69, 0x67, 0x3a, 0x5c,
       0x52, 0x4f, 0x4d, 0x20, 0x61, 0x64, 0x72, 0x65, 0x73, 0x73, 0x20, 0x3d,
       /* 0x2170: string: "Fel: Felaktig" */
       0x20, 0x10, 0x5c, 0x00, 0x46, 0x65, 0x6c, 0x3a, 0x20, 0x46, 0x65, 0x6c,
       /* 0x2181: string: " RAM" */
       0x61, 0x6b, 0x74, 0x69, 0x67, 0x00, 0x20, 0x02, 0x16, 0x20, 0x52, 0x41,
       /* 0x2186: string: " VDU RAM" */
       0x4d, 0x00, 0x20, 0x56, 0x44, 0x55, 0x20, 0x52, 0x41, 0x4d, 0x00, 0x20,
       0x61, 0x76, 0x62, 0x72, 0x6f, 0x74, 0x74, 0x73, 0x8b, 0x00, 0x20, 0x8b,
       /* 0x219C: string: " av direktminnesatkomst" */
       0x20, 0x61, 0x76, 0x20, 0x64, 0x69, 0x72, 0x65, 0x6b, 0x74, 0x6d, 0x69,
       0x6e, 0x6e, 0x65, 0x73, 0x61, 0x74, 0x6b, 0x6f, 0x6d, 0x73, 0x74, 0x00,
       /* 0x21BA: string: " eller skivenhet" */
       0x20, 0x64, 0x69, 0x73, 0x6b, 0x8b, 0x20, 0x65, 0x6c, 0x6c, 0x65, 0x72,
       0x20, 0x73, 0x6b, 0x69, 0x76, 0x65, 0x6e, 0x68, 0x65, 0x74, 0x00, 0x20,
       0x02, 0x11, 0x6c, 0x02, 0x12, 0x00, 0x02, 0x13, 0x02, 0x14, 0x02, 0x15,
       /* 0x21DC: string: "tidsklocka" */
       0x00, 0x20, 0x02, 0x17, 0x74, 0x69, 0x64, 0x73, 0x6b, 0x6c, 0x6f, 0x63,
       0x6b, 0x61, 0x00, 0x20, 0x56, 0x44, 0x55, 0x20, 0x8b, 0x00, 0x02, 0x13,
       /* 0x21F2: string: "port" */
       /* 0x21F9: string: "seriellport" */
       0x02, 0x18, 0x70, 0x6f, 0x72, 0x74, 0x00, 0x02, 0x13, 0x73, 0x65, 0x72,
       0x69, 0x65, 0x6c, 0x6c, 0x70, 0x6f, 0x72, 0x74, 0x00, 0x74, 0x20, 0x6d,
       0x75, 0x73, 0x6b, 0x6f, 0x6f, 0x72, 0x64, 0x69, 0x6e, 0x61, 0x74, 0x02,
       /* 0x221C: string: "summa" */
       0x15, 0x00, 0x20, 0x52, 0x4f, 0x53, 0x20, 0x8b, 0x73, 0x75, 0x6d, 0x6d,
       /* 0x2222: string: "t minne (paritetsfel)" */
       0x61, 0x00, 0x74, 0x20, 0x6d, 0x69, 0x6e, 0x6e, 0x65, 0x20, 0x28, 0x70,
       0x61, 0x72, 0x69, 0x74, 0x65, 0x74, 0x73, 0x66, 0x65, 0x6c, 0x29, 0x00,
       /* 0x2238: string: "V.g. vanta" */
       /* 0x2243: string: "januari" */
       0x56, 0x2e, 0x67, 0x2e, 0x20, 0x76, 0x61, 0x6e, 0x74, 0x61, 0x00, 0x6a,
       /* 0x224B: string: "februari" */
       0x61, 0x6e, 0x75, 0x61, 0x72, 0x69, 0x00, 0x66, 0x65, 0x62, 0x72, 0x75,
       /* 0x2254: string: "mars" */
       /* 0x2259: string: "april" */
       0x61, 0x72, 0x69, 0x00, 0x6d, 0x61, 0x72, 0x73, 0x00, 0x61, 0x70, 0x72,
       /* 0x2263: string: "juni" */
       0x69, 0x6c, 0x00, 0x6d, 0x61, 0x6a, 0x00, 0x6a, 0x75, 0x6e, 0x69, 0x00,
       /* 0x2268: string: "juli" */
       /* 0x226D: string: "augusti" */
       0x6a, 0x75, 0x6c, 0x69, 0x00, 0x61, 0x75, 0x67, 0x75, 0x73, 0x74, 0x69,
       /* 0x2275: string: "september" */
       /* 0x227F: string: "oktober" */
       0x00, 0x73, 0x65, 0x70, 0x74, 0x65, 0x6d, 0x62, 0x65, 0x72, 0x00, 0x6f,
       /* 0x2287: string: "november" */
       0x6b, 0x74, 0x6f, 0x62, 0x65, 0x72, 0x00, 0x6e, 0x6f, 0x76, 0x65, 0x6d,
       /* 0x2290: string: "december" */
       0x62, 0x65, 0x72, 0x00, 0x64, 0x65, 0x63, 0x65, 0x6d, 0x62, 0x65, 0x72,
       0x00, 0x11, 0x3a, 0x12, 0x20, 0x64, 0x65, 0x6e, 0x20, 0x13, 0x20, 0x0f,
       /* 0x22A7: string: "kontroll" */
       0x20, 0x14, 0x00, 0x6b, 0x6f, 0x6e, 0x74, 0x72, 0x6f, 0x6c, 0x6c, 0x00,
       0x00, 0x00, 0x00, 0x00, 0x00, 0x00, 0x00, 0x00, 0x00, 0x00, 0x00, 0x00,
       0x00, 0x00, 0x00, 0x00, 0x00, 0x00, 0x00, 0xea, 0xbf, 0x17, 0x00, 0xfc,
       0x02, 0x01, 0x56, 0x02, 0x02, 0x00, 0x41, 0x6d, 0x73, 0x74, 0x72, 0x61,
       0x64, 0x20, 0x50, 0x43, 0x20, 0x15, 0x4b, 0x20, 0x28, 0x00, 0x33, 0x2e,
       /* 0x22E5: string: "\(c)1988 Amstrad plc\" */
       0x31, 0x29, 0x20, 0x20, 0x00, 0x5c, 0x28, 0x63, 0x29, 0x31, 0x39, 0x38,
       0x38, 0x20, 0x41, 0x6d, 0x73, 0x74, 0x72, 0x61, 0x64, 0x20, 0x70, 0x6c,
       /* 0x22FB: string: "Januar" */
       /* 0x2302: string: "Februar" */
       0x63, 0x5c, 0x00, 0x4a, 0x61, 0x6e, 0x75, 0x61, 0x72, 0x00, 0x46, 0x65,
       /* 0x230A: string: "Juni" */
       /* 0x230F: string: "Juli" */
       0x62, 0x72, 0x75, 0x61, 0x72, 0x00, 0x4a, 0x75, 0x6e, 0x69, 0x00, 0x4a,
       /* 0x2314: string: "Oktober" */
       0x75, 0x6c, 0x69, 0x00, 0x4f, 0x6b, 0x74, 0x6f, 0x62, 0x65, 0x72, 0x00,
       /* 0x231C: string: "April" */
       /* 0x2322: string: "August" */
       0x41, 0x70, 0x72, 0x69, 0x6c, 0x00, 0x41, 0x75, 0x67, 0x75, 0x73, 0x74,
       /* 0x2330: string: "Oktober" */
       0x00, 0x53, 0x65, 0x70, 0x74, 0x02, 0x0f, 0x00, 0x4f, 0x6b, 0x74, 0x6f,
       0x62, 0x65, 0x72, 0x00, 0x4e, 0x6f, 0x76, 0x02, 0x0f, 0x00, 0x44, 0x65,
       /* 0x2344: string: "ember" */
       /* 0x234A: string: "Error" */
       0x63, 0x02, 0x0f, 0x00, 0x65, 0x6d, 0x62, 0x65, 0x72, 0x00, 0x45, 0x72,
       /* 0x2350: string: "interval" */
       0x72, 0x6f, 0x72, 0x00, 0x69, 0x6e, 0x74, 0x65, 0x72, 0x76, 0x61, 0x6c,
       /* 0x2359: string: "timer" */
       /* 0x235F: string: " system" */
       0x00, 0x74, 0x69, 0x6d, 0x65, 0x72, 0x00, 0x20, 0x73, 0x79, 0x73, 0x74,
       /* 0x2367: string: "status" */
       /* 0x236E: string: "register" */
       0x65, 0x6d, 0x00, 0x73, 0x74, 0x61, 0x74, 0x75, 0x73, 0x00, 0x72, 0x65,
       /* 0x2377: string: "SYSTEM" */
       0x67, 0x69, 0x73, 0x74, 0x65, 0x72, 0x00, 0x53, 0x59, 0x53, 0x54, 0x45,
       /* 0x237E: string: "real" */
       /* 0x2383: string: "printer" */
       0x4d, 0x00, 0x72, 0x65, 0x61, 0x6c, 0x00, 0x70, 0x72, 0x69, 0x6e, 0x74,
       /* 0x238B: string: " seriel" */
       /* 0x2393: string: " port" */
       0x65, 0x72, 0x00, 0x20, 0x73, 0x65, 0x72, 0x69, 0x65, 0x6c, 0x00, 0x20,
       /* 0x2399: string: " Extern" */
       0x70, 0x6f, 0x72, 0x74, 0x00, 0x20, 0x45, 0x78, 0x74, 0x65, 0x72, 0x6e,
       /* 0x23A1: string: "disk " */
       /* 0x23A7: string: " ROM checksum" */
       0x00, 0x64, 0x69, 0x73, 0x6b, 0x20, 0x00, 0x20, 0x52, 0x4f, 0x4d, 0x20,
       /* 0x23B5: string: "Direct Memory Access" */
       0x63, 0x68, 0x65, 0x63, 0x6b, 0x73, 0x75, 0x6d, 0x00, 0x44, 0x69, 0x72,
       0x65, 0x63, 0x74, 0x20, 0x4d, 0x65, 0x6d, 0x6f, 0x72, 0x79, 0x20, 0x41,
       /* 0x23CA: string: " Controller" */
       0x63, 0x63, 0x65, 0x73, 0x73, 0x00, 0x20, 0x43, 0x6f, 0x6e, 0x74, 0x72,
       /* 0x23D6: string: "Interrupt" */
       0x6f, 0x6c, 0x6c, 0x65, 0x72, 0x00, 0x49, 0x6e, 0x74, 0x65, 0x72, 0x72,
       0x75, 0x70, 0x74, 0x00, 0x02, 0x01, 0x73, 0x02, 0x02, 0x00, 0x11, 0x3a,
       0x12, 0x20, 0x20, 0x13, 0x20, 0x0f, 0x20, 0x14, 0x02, 0x03, 0x00, 0x5c,
       0x55, 0x74, 0x69, 0x6c, 0x69, 0x7a, 0x61, 0x64, 0x6f, 0x20, 0x70, 0x6f,
       0x72, 0x20, 0x1b, 0xa3, 0x6c, 0x74, 0x69, 0x6d, 0x61, 0x20, 0x76, 0x65,
       0x7a, 0x20, 0x61, 0x20, 0x6c, 0x61, 0x73, 0x20, 0x11, 0x3a, 0x12, 0x20,
       0x65, 0x6c, 0x20, 0x13, 0x20, 0x0f, 0x20, 0x14, 0x5c, 0x07, 0x00, 0x02,
       0x03, 0x5c, 0x92, 0x93, 0x66, 0x65, 0x63, 0x68, 0x61, 0x20, 0x79, 0x20,
       0x68, 0x6f, 0x72, 0x61, 0x5c, 0x92, 0x93, 0x6f, 0x70, 0x63, 0x69, 0x6f,
       0x6e, 0x65, 0x73, 0x8e, 0x75, 0x73, 0x75, 0x61, 0x72, 0x69, 0x6f, 0x20,
       0x28, 0x73, 0x69, 0x20, 0x65, 0x73, 0x20, 0x6e, 0x65, 0x63, 0x65, 0x73,
       /* 0x245F: string: "ponga piles nuevas\" */
       0x61, 0x72, 0x69, 0x6f, 0x29, 0x5c, 0x07, 0x07, 0x07, 0x00, 0x92, 0x70,
       0x6f, 0x6e, 0x67, 0x61, 0x20, 0x70, 0x69, 0x6c, 0x65, 0x73, 0x20, 0x6e,
       0x75, 0x65, 0x76, 0x61, 0x73, 0x5c, 0x00, 0x5c, 0x43, 0x6f, 0x6d, 0x70,
       0x72, 0x75, 0x65, 0x62, 0x65, 0x20, 0x65, 0x6c, 0x20, 0x74, 0x65, 0x63,
       0x6c, 0x61, 0x64, 0x6f, 0x20, 0x79, 0x20, 0x65, 0x6c, 0x20, 0x72, 0x61,
       0x74, 0x1b, 0xa2, 0x6e, 0x00, 0x5c, 0x49, 0x6e, 0x74, 0x72, 0x6f, 0x64,
       0x75, 0x7a, 0x63, 0x61, 0x20, 0x75, 0x6e, 0x20, 0x64, 0x69, 0x73, 0x63,
       /* 0x24B3: string: "unidad A\y luego pulse una tecla" */
       0x6f, 0x8e, 0x73, 0x69, 0x73, 0x74, 0x65, 0x6d, 0x61, 0x20, 0x8c, 0x75,
       0x6e, 0x69, 0x64, 0x61, 0x64, 0x20, 0x41, 0x5c, 0x79, 0x20, 0x6c, 0x75,
       0x65, 0x67, 0x6f, 0x20, 0x70, 0x75, 0x6c, 0x73, 0x65, 0x20, 0x75, 0x6e,
       0x61, 0x20, 0x74, 0x65, 0x63, 0x6c, 0x61, 0x00, 0x5c, 0x02, 0x10, 0x3a,
       0x20, 0x73, 0x75, 0x6d, 0x61, 0x8e, 0x63, 0x6f, 0x6d, 0x70, 0x72, 0x6f,
       0x62, 0x61, 0x63, 0x69, 0x6f, 0x6e, 0x20, 0x69, 0x6e, 0x63, 0x6f, 0x72,
       0x72, 0x65, 0x63, 0x74, 0x61, 0x20, 0x65, 0x6e, 0x20, 0x52, 0x4f, 0x4d,
       0x20, 0x65, 0x78, 0x74, 0x65, 0x72, 0x6e, 0x61, 0x3b, 0x20, 0x64, 0x69,
       0x72, 0x65, 0x63, 0x63, 0x69, 0x6f, 0x6e, 0x8e, 0x52, 0x4f, 0x4d, 0x20,
       /* 0x251B: string: ": fallo " */
       0x3d, 0x20, 0x10, 0x5c, 0x00, 0x02, 0x10, 0x3a, 0x20, 0x66, 0x61, 0x6c,
       0x6c, 0x6f, 0x20, 0x00, 0x8c, 0x52, 0x41, 0x4d, 0x8f, 0x00, 0x8c, 0x52,
       /* 0x2536: string: "interrupciones" */
       0x41, 0x4d, 0x8e, 0x8d, 0x56, 0x44, 0x55, 0x00, 0x8b, 0x91, 0x69, 0x6e,
       0x74, 0x65, 0x72, 0x72, 0x75, 0x70, 0x63, 0x69, 0x6f, 0x6e, 0x65, 0x73,
       0x00, 0x8b, 0x91, 0x61, 0x63, 0x63, 0x65, 0x73, 0x6f, 0x20, 0x64, 0x69,
       /* 0x2559: string: "memoria" */
       0x72, 0x65, 0x63, 0x74, 0x6f, 0x20, 0x61, 0x20, 0x8d, 0x6d, 0x65, 0x6d,
       0x6f, 0x72, 0x69, 0x61, 0x00, 0x8b, 0x91, 0x64, 0x69, 0x73, 0x63, 0x6f,
       0x20, 0x66, 0x6c, 0x65, 0x78, 0x69, 0x62, 0x6c, 0x65, 0x20, 0x6f, 0x20,
       /* 0x257C: string: "disco" */
       0x8c, 0x75, 0x6e, 0x69, 0x64, 0x61, 0x64, 0x8e, 0x64, 0x69, 0x73, 0x63,
       /* 0x2583: string: "temporizador programable" */
       0x6f, 0x00, 0x8b, 0x74, 0x65, 0x6d, 0x70, 0x6f, 0x72, 0x69, 0x7a, 0x61,
       0x64, 0x6f, 0x72, 0x20, 0x70, 0x72, 0x6f, 0x67, 0x72, 0x61, 0x6d, 0x61,
       0x62, 0x6c, 0x65, 0x00, 0x8b, 0x72, 0x65, 0x67, 0x69, 0x73, 0x74, 0x72,
       0x6f, 0x8e, 0x65, 0x73, 0x74, 0x61, 0x64, 0x6f, 0x8f, 0x00, 0x8b, 0x72,
       /* 0x25B5: string: "tiempo real" */
       0x65, 0x6c, 0x6f, 0x6a, 0x8e, 0x74, 0x69, 0x65, 0x6d, 0x70, 0x6f, 0x20,
       0x72, 0x65, 0x61, 0x6c, 0x00, 0x8b, 0x91, 0x8d, 0x56, 0x44, 0x55, 0x00,
       0x8c, 0x70, 0x75, 0x65, 0x72, 0x74, 0x61, 0x8e, 0x69, 0x6d, 0x70, 0x72,
       0x65, 0x73, 0x6f, 0x72, 0x61, 0x8f, 0x00, 0x8c, 0x70, 0x75, 0x65, 0x72,
       0x74, 0x61, 0x20, 0x73, 0x65, 0x72, 0x69, 0x65, 0x8f, 0x00, 0x65, 0x6e,
       0x20, 0x6c, 0x6f, 0x73, 0x20, 0x72, 0x65, 0x67, 0x69, 0x73, 0x74, 0x72,
       /* 0x25FB: string: "coordenadas del raton" */
       0x6f, 0x73, 0x8e, 0x63, 0x6f, 0x6f, 0x72, 0x64, 0x65, 0x6e, 0x61, 0x64,
       0x61, 0x73, 0x20, 0x64, 0x65, 0x6c, 0x20, 0x72, 0x61, 0x74, 0x6f, 0x6e,
       0x00, 0x64, 0x69, 0x20, 0x73, 0x75, 0x6d, 0x61, 0x20, 0x64, 0x69, 0x20,
       0x63, 0x6f, 0x6d, 0x70, 0x72, 0x6f, 0x62, 0x61, 0x63, 0x69, 0x6f, 0x6e,
       0x20, 0x8b, 0x52, 0x4f, 0x53, 0x20, 0x64, 0x65, 0x90, 0x00, 0x8c, 0x6d,
       0x65, 0x6d, 0x6f, 0x72, 0x69, 0x61, 0x20, 0x52, 0x41, 0x4d, 0x20, 0x28,
       /* 0x2646: string: "paridad)" */
       0x65, 0x72, 0x72, 0x6f, 0x72, 0x8e, 0x70, 0x61, 0x72, 0x69, 0x64, 0x61,
       /* 0x2650: string: "espere" */
       0x64, 0x29, 0x00, 0x92, 0x65, 0x73, 0x70, 0x65, 0x72, 0x65, 0x00, 0x00,
       0x00, 0x00, 0x00, 0x00, 0x00, 0x00, 0x00, 0x00, 0x12, 0x45, 0x04, 0x07,
       0x0a, 0x0e, 0x1f, 0xb8, 0x26, 0x02, 0xcd, 0x15, 0x32, 0xe4, 0x33, 0xd2,
       0xcd, 0x14, 0xb8, 0x27, 0x02, 0xcd, 0x15, 0x32, 0xe4, 0x42, 0xcd, 0x14,
       0xb4, 0x02, 0xcd, 0x1a, 0x8a, 0xc6, 0xe8, 0x28, 0x00, 0xf6, 0x26, 0x60,
       0x26, 0x8b, 0xd8, 0x8a, 0xc1, 0xe8, 0x1d, 0x00, 0xf7, 0x26, 0x61, 0x26,
       0x03, 0xd8, 0x8a, 0xc5, 0xe8, 0x12, 0x00, 0x8b, 0xc8, 0xf6, 0x26, 0x63,
       0x26, 0x03, 0xd8, 0x83, 0xd1, 0x00, 0x8b, 0xd3, 0xb4, 0x01, 0xcd, 0x1a,
       0xc3, 0x53, 0x51, 0x8a, 0xd8, 0x80, 0xe3, 0x0f, 0xb1, 0x04, 0xd2, 0xe8,
       0xf6, 0x26, 0x64, 0x26, 0x02, 0xc3, 0x59, 0x5b, 0xc3, 0x00, 0x00, 0x00,
       0x00, 0x00, 0x00, 0x00, 0x00, 0x00, 0x00, 0x00, 0x00, 0x00, 0x00, 0x00,
       0x00, 0x00, 0x00, 0x00, 0x00, 0x00, 0x00, 0x00, 0x00, 0x00, 0x00, 0x00,
       0x00, 0x00, 0x00, 0x00, 0x00, 0x00, 0x00, 0x00, 0x00, 0x00, 0x00, 0x00,
       0x00, 0x00, 0x00, 0x00, 0x00, 0x00, 0x00, 0x00, 0x00, 0x00, 0xea, 0xe5,
       0x0a, 0x00, 0xfc, 0x2e, 0xad, 0x8a, 0xd4, 0xee, 0xc3, 0xbf, 0x01, 0x00,
       0xeb, 0x07, 0x2e, 0xac, 0x8a, 0xd0, 0xec, 0x33, 0xff, 0x2e, 0xac, 0x98,
       0x8b, 0xc8, 0x2e, 0xad, 0x8a, 0xd0, 0x8a, 0xc4, 0xee, 0xfe, 0xc4, 0x03,
       0xd7, 0x2e, 0xac, 0xee, 0x2b, 0xd7, 0xe2, 0xf2, 0x33, 0xff, 0xc3, 0x00,
       0x00, 0x00, 0x00, 0x00, 0x00, 0xea, 0xac, 0x0f, 0x00, 0xfc, 0x3e, 0x27,
       0x78, 0x27, 0x94, 0x27, 0xac, 0x27, 0xe4, 0x27, 0xc8, 0x27, 0x5e, 0x27,
       0x3e, 0x27, 0xc8, 0x22, 0x52, 0x38, 0x56, 0x38, 0x68, 0x38, 0x98, 0x38,
       0xac, 0x38, 0xc6, 0x38, 0xf1, 0x38, 0x18, 0x39, 0xb2, 0x39, 0xe5, 0x39,
       0xf2, 0x39, 0xf9, 0x39, 0x01, 0x3a, 0x07, 0x3a, 0x0e, 0x3a, 0xc8, 0x22,
       0x8c, 0x29, 0x90, 0x29, 0xa8, 0x29, 0x01, 0x2a, 0x1c, 0x2a, 0x3c, 0x2a,
       0x88, 0x2a, 0xc7, 0x2a, 0xf5, 0x2b, 0x20, 0x2c, 0x32, 0x2c, 0x2d, 0x2c,
       0xc8, 0x22, 0x57, 0x1d, 0x5b, 0x1d, 0x70, 0x1d, 0xbc, 0x1d, 0xd4, 0x1d,
       0xf4, 0x1d, 0x33, 0x1e, 0x71, 0x1e, 0xba, 0x1f, 0x15, 0x20, 0x23, 0x20,
       0x30, 0x20, 0x3a, 0x20, 0xc8, 0x22, 0x60, 0x20, 0x64, 0x20, 0x78, 0x20,
       0xc4, 0x20, 0xdf, 0x20, 0x00, 0x21, 0x43, 0x21, 0x70, 0x21, 0x43, 0x22,
       0x99, 0x22, 0xa7, 0x22, 0xc8, 0x22, 0x6a, 0x18, 0x6e, 0x18, 0x83, 0x18,
       0xd7, 0x18, 0xf6, 0x18, 0x11, 0x19, 0x4f, 0x19, 0x6c, 0x19, 0x2d, 0x1a,
       0x55, 0x1a, 0x72, 0x1a, 0x63, 0x1a, 0x7a, 0x1a, 0xc8, 0x22, 0x81, 0x1a,
       0x85, 0x1a, 0x9c, 0x1a, 0xef, 0x1a, 0x11, 0x1b, 0x34, 0x1b, 0x84, 0x1b,
       0xc8, 0x1b, 0xca, 0x1c, 0x22, 0x1d, 0x2f, 0x1d, 0x3e, 0x1d, 0x49, 0x1d,
       0xe0, 0x23, 0xe6, 0x23, 0xf3, 0x23, 0x23, 0x24, 0x5e, 0x24, 0x73, 0x24,
       0x95, 0x24, 0xd4, 0x24, 0x19, 0x25, 0x42, 0x28, 0x9a, 0x28, 0xa7, 0x28,
       0xae, 0x28, 0xb1, 0x28, 0xb5, 0x28, 0xba, 0x28, 0xbe, 0x28, 0xc7, 0x28,
       0xd7, 0x28, 0xe3, 0x28, 0x00, 0x00, 0x00, 0x00, 0x00, 0x00, 0x00, 0x00,
       0x00, 0x00, 0x00, 0x00, 0x00, 0x00, 0x00, 0x00, 0x00, 0x00, 0x00, 0x00,
       0x00, 0x00, 0x00, 0x00, 0x00, 0x00, 0x00, 0x00, 0x00, 0x00, 0x00, 0x00,
       0x00, 0x00, 0xea, 0x00, 0x11, 0x00, 0xfc, 0xea, 0x72, 0x11, 0x00, 0xfc,
       /* 0x2842: string: "enero" */
       0xea, 0x22, 0x31, 0x00, 0xfc, 0xea, 0xd6, 0x12, 0x00, 0xfc, 0x65, 0x6e,
       /* 0x2848: string: "febrero" */
       0x65, 0x72, 0x6f, 0x00, 0x66, 0x65, 0x62, 0x72, 0x65, 0x72, 0x6f, 0x00,
       /* 0x2850: string: "marzo" */
       /* 0x2856: string: "abril" */
       0x6d, 0x61, 0x72, 0x7a, 0x6f, 0x00, 0x61, 0x62, 0x72, 0x69, 0x6c, 0x00,
       /* 0x285C: string: "mayo" */
       /* 0x2861: string: "junio" */
       /* 0x2867: string: "julio" */
       0x6d, 0x61, 0x79, 0x6f, 0x00, 0x6a, 0x75, 0x6e, 0x69, 0x6f, 0x00, 0x6a,
       /* 0x286D: string: "agosto" */
       0x75, 0x6c, 0x69, 0x6f, 0x00, 0x61, 0x67, 0x6f, 0x73, 0x74, 0x6f, 0x00,
       /* 0x2874: string: "setiembre" */
       /* 0x287E: string: "octubre" */
       0x73, 0x65, 0x74, 0x69, 0x65, 0x6d, 0x62, 0x72, 0x65, 0x00, 0x6f, 0x63,
       /* 0x2886: string: "noviembre" */
       0x74, 0x75, 0x62, 0x72, 0x65, 0x00, 0x6e, 0x6f, 0x76, 0x69, 0x65, 0x6d,
       /* 0x2890: string: "diciembre" */
       0x62, 0x72, 0x65, 0x00, 0x64, 0x69, 0x63, 0x69, 0x65, 0x6d, 0x62, 0x72,
       0x65, 0x00, 0x11, 0x3a, 0x12, 0x20, 0x65, 0x6c, 0x20, 0x13, 0x20, 0x0f,
       /* 0x28A7: string: "en el " */
       /* 0x28AE: string: "en la " */
       0x20, 0x14, 0x00, 0x65, 0x6e, 0x20, 0x65, 0x6c, 0x20, 0x00, 0x65, 0x6e,
       /* 0x28B5: string: " de " */
       /* 0x28BA: string: " del sistema" */
       0x20, 0x6c, 0x61, 0x20, 0x00, 0x20, 0x64, 0x65, 0x20, 0x00, 0x20, 0x64,
       /* 0x28C7: string: "controlador de " */
       0x65, 0x6c, 0x20, 0x73, 0x69, 0x73, 0x74, 0x65, 0x6d, 0x61, 0x00, 0x63,
       0x6f, 0x6e, 0x74, 0x72, 0x6f, 0x6c, 0x61, 0x64, 0x6f, 0x72, 0x20, 0x64,
       /* 0x28D7: string: "Por favor, " */
       0x65, 0x20, 0x00, 0x50, 0x6f, 0x72, 0x20, 0x66, 0x61, 0x76, 0x6f, 0x72,
       /* 0x28E3: string: "establezca " */
       0x2c, 0x20, 0x00, 0x65, 0x73, 0x74, 0x61, 0x62, 0x6c, 0x65, 0x7a, 0x63,
       0x61, 0x20, 0x00, 0x00, 0x00, 0x00, 0x00, 0x00, 0x00, 0x00, 0x00, 0x00,
       0x00, 0x00, 0x00, 0x00, 0x00, 0x00, 0x00, 0x00, 0x00, 0x00, 0x00, 0x00,
       0x00, 0x00, 0x00, 0x00, 0x00, 0x00, 0x00, 0x00, 0x00, 0x00, 0x00, 0x00,
       0x00, 0x00, 0x00, 0x00, 0x00, 0x00, 0x00, 0x00, 0x00, 0x00, 0x00, 0x00,
       0x00, 0x00, 0x00, 0x00, 0x00, 0x00, 0x00, 0x00, 0x00, 0x00, 0x00, 0x00,
       0x00, 0x00, 0x00, 0x00, 0x00, 0x00, 0x00, 0x00, 0x00, 0x00, 0x00, 0x00,
       0x00, 0x00, 0x00, 0x00, 0x00, 0x00, 0x00, 0x00, 0x00, 0x00, 0x00, 0x00,
       0x00, 0x00, 0x00, 0x00, 0x00, 0x00, 0x00, 0x00, 0x00, 0x00, 0x00, 0x00,
       0x00, 0x00, 0x00, 0x00, 0x00, 0x00, 0x00, 0x00, 0x00, 0x00, 0x00, 0x00,
       0x00, 0x00, 0x00, 0x00, 0x00, 0x00, 0x00, 0x00, 0x00, 0x00, 0x00, 0x00,
       0x00, 0x00, 0x00, 0x00, 0x00, 0x00, 0x00, 0x00, 0x00, 0x00, 0x00, 0x00,
       0x00, 0x00, 0x00, 0x00, 0x00, 0x00, 0x00, 0x00, 0x00, 0x00, 0x00, 0x00,
       0x00, 0x00, 0x00, 0x00, 0x00, 0x00, 0x00, 0x00, 0x00, 0x00, 0x00, 0xea,
       0x5f, 0x11, 0x00, 0xfc, 0x8a, 0x02, 0x03, 0x00, 0x5c, 0x5a, 0x75, 0x6c,
       0x65, 0x74, 0x7a, 0x74, 0x20, 0x62, 0x65, 0x6e, 0x75, 0x74, 0x7a, 0x74,
       0x20, 0x75, 0x6d, 0x20, 0x8a, 0x5c, 0x07, 0x00, 0x02, 0x03, 0x5c, 0x8b,
       0x44, 0x61, 0x74, 0x75, 0x6d, 0x20, 0x75, 0x6e, 0x64, 0x20, 0x55, 0x68,
       0x72, 0x7a, 0x65, 0x69, 0x74, 0x20, 0x65, 0x69, 0x6e, 0x73, 0x74, 0x65,
       0x6c, 0x6c, 0x65, 0x6e, 0x5c, 0x8b, 0x64, 0x69, 0x65, 0x20, 0x53, 0x74,
       0x61, 0x6e, 0x64, 0x61, 0x72, 0x64, 0x2d, 0x45, 0x69, 0x6e, 0x73, 0x74,
       0x65, 0x6c, 0x6c, 0x75, 0x6e, 0x67, 0x20, 0x1b, 0x84, 0x6e, 0x64, 0x65,
       0x72, 0x6e, 0x20, 0x28, 0x77, 0x65, 0x6e, 0x6e, 0x20, 0x67, 0x65, 0x77,
       0x1b, 0x81, 0x6e, 0x73, 0x63, 0x68, 0x74, 0x29, 0x5c, 0x07, 0x07, 0x07,
       /* 0x2A02: string: "neue Batterien einsetzen\" */
       0x00, 0x8b, 0x6e, 0x65, 0x75, 0x65, 0x20, 0x42, 0x61, 0x74, 0x74, 0x65,
       0x72, 0x69, 0x65, 0x6e, 0x20, 0x65, 0x69, 0x6e, 0x73, 0x65, 0x74, 0x7a,
       0x65, 0x6e, 0x5c, 0x00, 0x5c, 0x54, 0x61, 0x73, 0x74, 0x61, 0x74, 0x75,
       0x72, 0x20, 0x75, 0x6e, 0x64, 0x20, 0x4d, 0x61, 0x75, 0x73, 0x20, 0x1b,
       0x81, 0x62, 0x65, 0x72, 0x70, 0x72, 0x1b, 0x81, 0x66, 0x65, 0x6e, 0x00,
       0x5c, 0x4c, 0x65, 0x67, 0x65, 0x6e, 0x20, 0x53, 0x69, 0x65, 0x20, 0x65,
       0x69, 0x6e, 0x65, 0x20, 0x53, 0x59, 0x53, 0x54, 0x45, 0x4d, 0x2d, 0x44,
       0x69, 0x73, 0x6b, 0x65, 0x74, 0x74, 0x65, 0x20, 0x69, 0x6e, 0x20, 0x4c,
       0x61, 0x75, 0x66, 0x77, 0x65, 0x72, 0x6b, 0x20, 0x41, 0x5c, 0x44, 0x61,
       0x6e, 0x6e, 0x20, 0x62, 0x65, 0x6c, 0x69, 0x65, 0x62, 0x69, 0x67, 0x65,
       /* 0x2A83: string: "cken" */
       0x20, 0x54, 0x61, 0x73, 0x74, 0x65, 0x20, 0x64, 0x72, 0x1b, 0x81, 0x63,
       0x6b, 0x65, 0x6e, 0x00, 0x5c, 0x46, 0x65, 0x68, 0x6c, 0x65, 0x72, 0x3a,
       0x20, 0x46, 0x61, 0x6c, 0x73, 0x63, 0x68, 0x65, 0x20, 0x50, 0x72, 0x75,
       0x65, 0x66, 0x73, 0x75, 0x6d, 0x6d, 0x65, 0x20, 0x62, 0x65, 0x69, 0x20,
       0x65, 0x78, 0x74, 0x65, 0x72, 0x6e, 0x65, 0x6d, 0x20, 0x52, 0x4f, 0x4d,
       0x3a, 0x5c, 0x52, 0x4f, 0x4d, 0x2d, 0x41, 0x64, 0x72, 0x65, 0x73, 0x73,
       /* 0x2AC7: string: "Fehler" */
       0x65, 0x20, 0x3d, 0x20, 0x10, 0x5c, 0x00, 0x46, 0x65, 0x68, 0x6c, 0x65,
       /* 0x2AD1: string: " RAM" */
       /* 0x2AD7: string: "VDU RAM" */
       0x72, 0x00, 0x8c, 0x02, 0x16, 0x20, 0x52, 0x41, 0x4d, 0x00, 0x8c, 0x56,
       0x44, 0x55, 0x20, 0x52, 0x41, 0x4d, 0x00, 0x8c, 0x02, 0x20, 0x02, 0x1f,
       0x00, 0x8c, 0x44, 0x4d, 0x41, 0x02, 0x1f, 0x00, 0x8c, 0x46, 0x6c, 0x6f,
       0x70, 0x70, 0x79, 0x2d, 0x44, 0x69, 0x73, 0x6b, 0x2d, 0x43, 0x6f, 0x6e,
       0x74, 0x72, 0x6f, 0x6c, 0x6c, 0x65, 0x72, 0x20, 0x6f, 0x64, 0x65, 0x72,
       /* 0x2B09: string: "Laufwerk" */
       /* 0x2B13: string: "Zeitgeber" */
       0x8c, 0x4c, 0x61, 0x75, 0x66, 0x77, 0x65, 0x72, 0x6b, 0x00, 0x8c, 0x5a,
       0x65, 0x69, 0x74, 0x67, 0x65, 0x62, 0x65, 0x72, 0x00, 0x8c, 0x02, 0x16,
       /* 0x2B20: string: " Status-Register" */
       0x20, 0x53, 0x74, 0x61, 0x74, 0x75, 0x73, 0x2d, 0x52, 0x65, 0x67, 0x69,
       /* 0x2B31: string: " in der Echtzeit-Uhr" */
       0x73, 0x74, 0x65, 0x72, 0x00, 0x20, 0x69, 0x6e, 0x20, 0x64, 0x65, 0x72,
       0x20, 0x45, 0x63, 0x68, 0x74, 0x7a, 0x65, 0x69, 0x74, 0x2d, 0x55, 0x68,
       /* 0x2B4D: string: " am Ausgang fuer den System-Drucker" */
       0x72, 0x00, 0x8c, 0x56, 0x44, 0x55, 0x02, 0x1f, 0x00, 0x20, 0x61, 0x6d,
       0x20, 0x41, 0x75, 0x73, 0x67, 0x61, 0x6e, 0x67, 0x20, 0x66, 0x75, 0x65,
       0x72, 0x20, 0x64, 0x65, 0x6e, 0x20, 0x53, 0x79, 0x73, 0x74, 0x65, 0x6d,
       /* 0x2B71: string: " am seriellen System-Ausgang" */
       0x2d, 0x44, 0x72, 0x75, 0x63, 0x6b, 0x65, 0x72, 0x00, 0x20, 0x61, 0x6d,
       0x20, 0x73, 0x65, 0x72, 0x69, 0x65, 0x6c, 0x6c, 0x65, 0x6e, 0x20, 0x53,
       0x79, 0x73, 0x74, 0x65, 0x6d, 0x2d, 0x41, 0x75, 0x73, 0x67, 0x61, 0x6e,
       /* 0x2B8E: string: " in den Steuer-Registern fuer die Maus" */
       0x67, 0x00, 0x20, 0x69, 0x6e, 0x20, 0x64, 0x65, 0x6e, 0x20, 0x53, 0x74,
       0x65, 0x75, 0x65, 0x72, 0x2d, 0x52, 0x65, 0x67, 0x69, 0x73, 0x74, 0x65,
       0x72, 0x6e, 0x20, 0x66, 0x75, 0x65, 0x72, 0x20, 0x64, 0x69, 0x65, 0x20,
       /* 0x2BB5: string: ": Falsche ROS-Pruefsumme" */
       0x4d, 0x61, 0x75, 0x73, 0x00, 0x3a, 0x20, 0x46, 0x61, 0x6c, 0x73, 0x63,
       0x68, 0x65, 0x20, 0x52, 0x4f, 0x53, 0x2d, 0x50, 0x72, 0x75, 0x65, 0x66,
       /* 0x2BCF: string: "Hauptspeicher (Parity-Fehler)" */
       0x73, 0x75, 0x6d, 0x6d, 0x65, 0x00, 0x8c, 0x48, 0x61, 0x75, 0x70, 0x74,
       0x73, 0x70, 0x65, 0x69, 0x63, 0x68, 0x65, 0x72, 0x20, 0x28, 0x50, 0x61,
       0x72, 0x69, 0x74, 0x79, 0x2d, 0x46, 0x65, 0x68, 0x6c, 0x65, 0x72, 0x29,
       /* 0x2BEE: string: "warten" */
       0x00, 0x8b, 0x77, 0x61, 0x72, 0x74, 0x65, 0x6e, 0x00, 0x02, 0x04, 0x00,
       0x02, 0x05, 0x00, 0x4d, 0x1b, 0x84, 0x72, 0x7a, 0x00, 0x02, 0x09, 0x00,
       0x4d, 0x61, 0x69, 0x00, 0x02, 0x06, 0x00, 0x02, 0x07, 0x00, 0x02, 0x0a,
       0x00, 0x02, 0x0b, 0x00, 0x02, 0x08, 0x00, 0x02, 0x0d, 0x00, 0x44, 0x65,
       0x7a, 0x02, 0x0f, 0x00, 0x11, 0x3a, 0x12, 0x20, 0x61, 0x6d, 0x20, 0x13,
       /* 0x2C2D: string: " im " */
       /* 0x2C32: string: "Bitte " */
       0x20, 0x0f, 0x20, 0x14, 0x00, 0x20, 0x69, 0x6d, 0x20, 0x00, 0x42, 0x69,
       0x74, 0x74, 0x65, 0x20, 0x00, 0x00, 0x00, 0x00, 0x00, 0x00, 0x00, 0x00,
       0x00, 0x00, 0x00, 0x00, 0x00, 0x00, 0x00, 0x00, 0x00, 0x00, 0x00, 0x00,
       0x00, 0x00, 0x00, 0x00, 0x00, 0x00, 0x00, 0x00, 0x00, 0x00, 0x00, 0x00,
       0x00, 0xea, 0x5e, 0x2c, 0x00, 0xfc, 0xe8, 0x4d, 0xdf, 0x80, 0xfc, 0x02,
       0x72, 0x15, 0x80, 0xfc, 0x06, 0x73, 0x05, 0x80, 0xfa, 0x02, 0x72, 0x05,
       0xb4, 0x01, 0xe9, 0xd7, 0x00, 0xe8, 0xf1, 0x02, 0xe8, 0xa8, 0x01, 0x8a,
       0x5e, 0x01, 0x02, 0xdb, 0x32, 0xff, 0x2e, 0xff, 0x97, 0x8a, 0x2c, 0xe9,
       0xc4, 0x00, 0x67, 0x2d, 0xa0, 0x2d, 0xe4, 0x2c, 0x96, 0x2c, 0xe8, 0x2c,
       0xa2, 0x2c, 0xb6, 0x4a, 0xe8, 0x1c, 0x01, 0xb4, 0xc5, 0xe8, 0x4f, 0x00,
       0xeb, 0x3a, 0xb0, 0x04, 0xe8, 0x73, 0x02, 0x8a, 0xdc, 0xd0, 0xe3, 0xd0,
       0xe3, 0x32, 0xff, 0xb6, 0x4a, 0xe8, 0x27, 0x01, 0xb4, 0x4d, 0xe8, 0x40,
       0x02, 0x8a, 0x66, 0x07, 0xd0, 0xc4, 0xd0, 0xc4, 0x02, 0x66, 0x06, 0xe8,
       0x33, 0x02, 0xb0, 0x03, 0xe8, 0x2b, 0x02, 0xe8, 0x23, 0x02, 0x43, 0x43,
       0xe8, 0x1e, 0x02, 0x26, 0x8a, 0x27, 0xe8, 0x4c, 0x00, 0x8a, 0x46, 0x00,
       0x9c, 0xb9, 0x1b, 0x03, 0xe2, 0xfe, 0x9d, 0xc3, 0xb6, 0x46, 0xeb, 0x02,
       0xb6, 0x42, 0xe8, 0xca, 0x00, 0xb4, 0xe6, 0xe8, 0x07, 0x02, 0x8a, 0x66,
       0x07, 0xd0, 0xc4, 0xd0, 0xc4, 0x02, 0x66, 0x06, 0xe8, 0xfa, 0x01, 0x8a,
       0x66, 0x05, 0xe8, 0xf4, 0x01, 0x8a, 0x66, 0x07, 0xe8, 0xee, 0x01, 0x8a,
       0x66, 0x04, 0xe8, 0xe8, 0x01, 0xb0, 0x03, 0xe8, 0xe0, 0x01, 0x26, 0x8a,
       0x27, 0xe8, 0xdd, 0x01, 0x26, 0x8a, 0x27, 0xe8, 0xd7, 0x01, 0x26, 0x8a,
       0x27, 0xe8, 0x51, 0x01, 0xe8, 0x73, 0x01, 0x75, 0x01, 0xc3, 0xb9, 0x07,
       0x00, 0x8a, 0x26, 0x43, 0x04, 0xd0, 0xdc, 0x72, 0x02, 0xe2, 0xfa, 0xbb,
       0x44, 0x2d, 0x03, 0xd9, 0x2e, 0x8a, 0x27, 0xc3, 0x20, 0x20, 0x10, 0x08,
       0x20, 0x04, 0x03, 0x02, 0x32, 0xc0, 0x89, 0x46, 0x00, 0x88, 0x26, 0x41,
       0x04, 0x80, 0xfc, 0x01, 0xf5, 0x9c, 0xb0, 0x02, 0xe8, 0xbb, 0x01, 0x88,
       0x26, 0x40, 0x04, 0x9d, 0xe9, 0x39, 0xde, 0xc6, 0x06, 0x3e, 0x04, 0x00,
       0xba, 0xf2, 0x03, 0xb0, 0x08, 0xee, 0xb9, 0x1e, 0x00, 0xe2, 0xfe, 0xc6,
       0x06, 0x3f, 0x04, 0x00, 0xc7, 0x06, 0x40, 0x04, 0x00, 0x00, 0xb0, 0x0c,
       0xee, 0xe8, 0xf9, 0x00, 0xe8, 0xe6, 0x00, 0xb4, 0x03, 0xe8, 0x69, 0x01,
       0xb0, 0x00, 0xe8, 0x61, 0x01, 0xb0, 0x01, 0xe8, 0x5c, 0x01, 0x33, 0xc0,
       0x8a, 0x46, 0x00, 0xc3, 0xa0, 0x41, 0x04, 0x8a, 0xe0, 0xc3, 0x9c, 0x0e,
       0xe8, 0x01, 0x00, 0xc3, 0xe8, 0xff, 0xdd, 0xe8, 0xb7, 0x01, 0xe8, 0x6e,
       0x00, 0xeb, 0x97, 0x52, 0xb0, 0x03, 0xe8, 0x5d, 0x01, 0x75, 0x0b, 0xb0,
       0x06, 0xe8, 0x56, 0x01, 0x8a, 0xc4, 0x32, 0xe4, 0xeb, 0x07, 0x8a, 0xcc,
       0xb8, 0x80, 0x00, 0xd3, 0xc0, 0x8a, 0x5e, 0x00, 0xb7, 0x00, 0xf7, 0xe3,
       0x8b, 0xd8, 0x5a, 0x8b, 0x46, 0x0a, 0xb1, 0x04, 0xd3, 0xc0, 0x8a, 0xd0,
       0x80, 0xe2, 0x0f, 0x24, 0xf0, 0x03, 0x46, 0x02, 0x73, 0x02, 0xfe, 0xc2,
       0x8b, 0xc8, 0x03, 0xc3, 0x74, 0x02, 0x72, 0x26, 0xb0, 0x06, 0xe6, 0x0a,
       0xfa, 0xe6, 0x0c, 0x8a, 0xc1, 0xe6, 0x04, 0x8a, 0xc5, 0xe6, 0x04, 0x8a,
       0xc2, 0xe6, 0x81, 0x4b, 0x8a, 0xc3, 0xe6, 0x05, 0x8a, 0xc7, 0xe6, 0x05,
       0xfb, 0x8a, 0xc6, 0xe6, 0x0b, 0xb0, 0x02, 0xe6, 0x0a, 0xc3, 0xb4, 0x09,
       0xe9, 0x29, 0xff, 0x8a, 0x3e, 0x3f, 0x04, 0x84, 0x3e, 0x3e, 0x04, 0x75,
       0x10, 0x53, 0xe8, 0x25, 0x00, 0x74, 0x05, 0xe8, 0x20, 0x00, 0x75, 0x19,
       0x5b, 0x08, 0x3e, 0x3e, 0x04, 0xb4, 0x0f, 0xe8, 0xb7, 0x00, 0x8a, 0x66,
       0x06, 0xe8, 0xb1, 0x00, 0x8a, 0x66, 0x05, 0xe8, 0x10, 0x00, 0x72, 0x01,
       0xc3, 0xb4, 0x40, 0xe9, 0xf6, 0xfe, 0xb4, 0x07, 0xe8, 0x9e, 0x00, 0x8a,
       0x66, 0x06, 0xe8, 0x18, 0x00, 0xb0, 0x09, 0xe8, 0xb4, 0x00, 0x74, 0x09,
       0xb9, 0xc6, 0x01, 0xe2, 0xfe, 0xfe, 0xcc, 0x75, 0xf7, 0xb4, 0x08, 0xe8,
       0x83, 0x00, 0xeb, 0x26, 0x90, 0x80, 0x26, 0x3e, 0x04, 0x7f, 0xe8, 0x78,
       0x00, 0xb9, 0x00, 0x00, 0xb0, 0x05, 0xf6, 0x06, 0x3e, 0x04, 0x80, 0x75,
       0x0b, 0xe2, 0xf7, 0xfe, 0xc8, 0x75, 0xf3, 0xb4, 0x80, 0xe9, 0xb4, 0xfe,
       0x80, 0x26, 0x3e, 0x04, 0x7f, 0xc3, 0xfc, 0xba, 0xf4, 0x03, 0x8d, 0x1e,
       0x42, 0x04, 0xb4, 0x07, 0xb9, 0x00, 0x00, 0xec, 0xd0, 0xd0, 0x72, 0x07,
       0xe2, 0xf9, 0xb4, 0x20, 0xe9, 0x95, 0xfe, 0xd0, 0xd0, 0x73, 0x13, 0x0a,
       0xe4, 0x74, 0xf3, 0x42, 0xec, 0x4a, 0x88, 0x07, 0x43, 0xfe, 0xcc, 0xb9,
       0x0c, 0x00, 0xe2, 0xfe, 0xeb, 0xdd, 0xa0, 0x46, 0x04, 0x3a, 0x46, 0x07,
       0xa0, 0x47, 0x04, 0x74, 0x0b, 0xb0, 0x04, 0xe8, 0x3c, 0x00, 0x8a, 0xc4,
       0x02, 0x06, 0x47, 0x04, 0x2a, 0x46, 0x04, 0x8a, 0x26, 0x42, 0x04, 0xf6,
       0xc4, 0xc0, 0xb4, 0x00, 0xc3, 0x26, 0x8a, 0x27, 0xeb, 0x03, 0xe8, 0x21,
       0x00, 0xba, 0xf4, 0x03, 0xb9, 0x00, 0x00, 0xec, 0xd0, 0xd0, 0x72, 0x07,
       0xe2, 0xf9, 0xb4, 0x20, 0xe9, 0x41, 0xfe, 0xd0, 0xd0, 0x72, 0xf7, 0x8a,
       0xc4, 0x42, 0xee, 0xb9, 0x08, 0x00, 0xe2, 0xfe, 0x43, 0xc3, 0xc4, 0x1e,
       0x78, 0x00, 0x98, 0x03, 0xd8, 0x26, 0x8a, 0x27, 0x0a, 0xe4, 0xc3, 0x00,
       0x00, 0x00, 0x00, 0x00, 0x00, 0x00, 0x00, 0x00, 0x00, 0x00, 0x00, 0x00,
       0x00, 0x00, 0x00, 0x00, 0x00, 0x00, 0x00, 0x00, 0x00, 0x00, 0x00, 0x00,
       0x00, 0x00, 0x00, 0x00, 0x00, 0x00, 0x00, 0x00, 0x00, 0x00, 0x00, 0x00,
       0x00, 0x00, 0x00, 0x00, 0x00, 0x00, 0x00, 0x00, 0x00, 0x00, 0x00, 0x1e,
       0x50, 0x33, 0xc0, 0x8e, 0xd8, 0x80, 0x0e, 0x3e, 0x04, 0x80, 0xb0, 0x66,
       0xe6, 0x20, 0x58, 0x1f, 0xcf, 0xc6, 0x06, 0x40, 0x04, 0xff, 0x8a, 0x4e,
       0x06, 0xb0, 0x80, 0xfe, 0xc1, 0xd2, 0xc0, 0x84, 0x06, 0x3f, 0x04, 0x75,
       0x2b, 0xa2, 0x3f, 0x04, 0xb1, 0x04, 0xd2, 0xc0, 0x0a, 0x46, 0x06, 0x0c,
       0x0c, 0xba, 0xf2, 0x03, 0xee, 0xb0, 0x0a, 0xe8, 0x88, 0xff, 0x80, 0xfc,
       0x04, 0x73, 0x02, 0xb4, 0x04, 0xb0, 0x7d, 0xb9, 0xc6, 0x01, 0xe2, 0xfe,
       0xfe, 0xc8, 0x75, 0xf7, 0xfe, 0xcc, 0x75, 0xf1, 0xc3, 0x00, 0x00, 0x00,
       0x00, 0x00, 0x00, 0x00, 0x00, 0x00, 0x00, 0x00, 0x00, 0x00, 0x00, 0x00,
       0x00, 0x00, 0x00, 0x00, 0x00, 0x00, 0x00, 0x00, 0x00, 0x00, 0x00, 0x00,
       0x00, 0x00, 0x00, 0xdf, 0x02, 0x64, 0x02, 0x09, 0x2a, 0xff, 0x50, 0xf6,
       0x0f, 0x04, 0xea, 0xb3, 0x0e, 0x00, 0xfc, 0x05, 0xc4, 0x00, 0x01, 0x00,
       0x04, 0x00, 0x07, 0xa6, 0xc2, 0x00, 0xba, 0x01, 0xc4, 0x00, 0x03, 0x19,
       0xb4, 0x00, 0x60, 0x4f, 0x56, 0x3a, 0x51, 0x60, 0x70, 0x1f, 0x00, 0x0d,
       0x0b, 0x0d, 0x00, 0x00, 0x00, 0x00, 0x5e, 0x2e, 0x5d, 0x28, 0x0d, 0x5e,
       0x6e, 0xa3, 0xff, 0x00, 0xcc, 0x01, 0xca, 0x09, 0xce, 0x00, 0x00, 0x00,
       0x00, 0x00, 0x00, 0x00, 0x08, 0x00, 0xff, 0xba, 0x14, 0xc0, 0x00, 0x00,
       0x08, 0x08, 0x08, 0x08, 0x08, 0x08, 0x08, 0x10, 0x18, 0x18, 0x18, 0x18,
       0x18, 0x18, 0x18, 0x0e, 0x00, 0x0f, 0x08, 0x00, 0xb0, 0x03, 0xc4, 0x02,
       0x03, 0x00, 0x03, 0x02, 0xce, 0x05, 0x10, 0x0a, 0x00, 0x08, 0x03, 0x00,
       0x00, 0x00, 0x00, 0x00, 0x00, 0x00, 0x00, 0x00, 0x00, 0x55, 0x31, 0x18,
       0x33, 0x31, 0x33, 0xd8, 0x33, 0x7d, 0x37, 0x96, 0x32, 0xfc, 0x33, 0xed,
       0x33, 0xe9, 0x34, 0x03, 0x35, 0x16, 0x35, 0xd9, 0x32, 0x94, 0x36, 0x6f,
       0x37, 0x27, 0x35, 0x0b, 0x33, 0xea, 0x6a, 0x30, 0x00, 0xfc, 0xe8, 0x41,
       0xdb, 0x80, 0xfc, 0x10, 0x73, 0x1f, 0x8a, 0x1e, 0x10, 0x04, 0x80, 0xe3,
       0x30, 0x80, 0xfb, 0x30, 0xbb, 0x00, 0xb8, 0x75, 0x03, 0xbb, 0x00, 0xb0,
       0x8e, 0xc3, 0x8a, 0xdc, 0x32, 0xff, 0x03, 0xdb, 0x2e, 0xff, 0xa7, 0x45,
       0x30, 0xc3, 0x00, 0x00, 0x00, 0x00, 0x00, 0x00, 0x00, 0x00, 0x00, 0x00,
       0x00, 0x00, 0x00, 0x00, 0x00, 0x00, 0x00, 0x00, 0x38, 0x28, 0x2d, 0x0a,
       0x1f, 0x06, 0x19, 0x1c, 0x02, 0x07, 0x06, 0x07, 0x00, 0x00, 0x00, 0x00,
       0x71, 0x50, 0x5a, 0x0a, 0x1f, 0x06, 0x19, 0x1c, 0x02, 0x07, 0x06, 0x07,
       0x00, 0x00, 0x00, 0x00, 0x38, 0x28, 0x2d, 0x0a, 0x7f, 0x06, 0x64, 0x70,
       0x02, 0x01, 0x06, 0x07, 0x00, 0x00, 0x00, 0x00, 0x61, 0x50, 0x52, 0x0f,
       0x19, 0x06, 0x19, 0x19, 0x02, 0x0d, 0x0b, 0x0c, 0x00, 0x00, 0x00, 0x00,
       0xe8, 0x1d, 0x00, 0x8b, 0x16, 0x63, 0x04, 0x83, 0xc2, 0x04, 0xa0, 0x65,
       0x04, 0xee, 0xc3, 0xe8, 0x0e, 0x00, 0x8b, 0x16, 0x63, 0x04, 0x83, 0xc2,
       0x04, 0xa0, 0x65, 0x04, 0x24, 0xf7, 0xee, 0xc3, 0x8b, 0x16, 0x63, 0x04,
       0x81, 0xfa, 0xb4, 0x03, 0x74, 0x13, 0x83, 0xc2, 0x06, 0x33, 0xc9, 0xec,
       0x24, 0x08, 0x74, 0x02, 0xe2, 0xf9, 0xec, 0x24, 0x08, 0x75, 0x02, 0xe2,
       0xf9, 0xc3, 0xe8, 0x01, 0x00, 0xcb, 0xbb, 0xe8, 0x03, 0xb9, 0x2e, 0x22,
       0x7a, 0x06, 0xbb, 0xd0, 0x07, 0xb9, 0xb8, 0x88, 0xb0, 0xb6, 0xe6, 0x43,
       0x8a, 0xc3, 0xe6, 0x42, 0x8a, 0xc7, 0xe6, 0x42, 0xe4, 0x61, 0x0c, 0x03,
       0xe6, 0x61, 0xb4, 0x02, 0x51, 0xe2, 0xfe, 0x59, 0xfe, 0xcc, 0x75, 0xf8,
       0x24, 0xfe, 0xe6, 0x61, 0xc3, 0xbf, 0x4e, 0x04, 0xb9, 0x15, 0x00, 0x33,
       0xc0, 0x8e, 0xc0, 0xfc, 0xf3, 0xaa, 0xa0, 0x10, 0x04, 0x24, 0x30, 0x3c,
       0x30, 0xb3, 0x07, 0x74, 0x03, 0x8a, 0x5e, 0x00, 0x88, 0x1e, 0x49, 0x04,
       0xc4, 0x3e, 0x74, 0x00, 0xb0, 0x24, 0xe8, 0xf9, 0xda, 0x74, 0x02, 0xb0,
       0x07, 0x8a, 0xe8, 0xbe, 0x88, 0x31, 0xeb, 0x69, 0x83, 0xea, 0x05, 0x89,
       0x16, 0x63, 0x04, 0xa3, 0x65, 0x04, 0xf6, 0xc3, 0x02, 0xb8, 0x28, 0x00,
       0x74, 0x02, 0xd1, 0xe0, 0xa3, 0x4a, 0x04, 0x03, 0xdb, 0x2e, 0x8b, 0x87,
       0x08, 0x38, 0xa3, 0x4c, 0x04, 0xc7, 0x06, 0x60, 0x04, 0x07, 0x06, 0xe9,
       0x32, 0xff, 0x8e, 0xdb, 0xb0, 0x23, 0xbb, 0xbc, 0x31, 0xe9, 0xc5, 0xda,
       0x24, 0x30, 0x75, 0x06, 0xbe, 0xd1, 0x31, 0xe9, 0xc8, 0xce, 0xbe, 0xcd,
       0x31, 0xb0, 0x03, 0xeb, 0x0f, 0x4a, 0xee, 0xb0, 0x07, 0xbe, 0xd6, 0x31,
       0xeb, 0x06, 0x4a, 0xee, 0x8c, 0xd8, 0xff, 0xe0, 0x8b, 0xf8, 0xb0, 0x24,
       0xbb, 0xe6, 0x31, 0xe9, 0x9b, 0xda, 0x8a, 0xe8, 0x8b, 0xdf, 0x8c, 0xc8,
       0x8e, 0xc0, 0xbf, 0xa4, 0x30, 0xba, 0xd9, 0x03, 0x33, 0xc0, 0x80, 0xfb,
       0x07, 0x75, 0x04, 0xb2, 0xb9, 0xfe, 0xc4, 0xee, 0x4a, 0x8a, 0xc4, 0xee,
       0x80, 0xea, 0x04, 0x8a, 0xfd, 0x8a, 0xc3, 0x3c, 0x06, 0x75, 0x02, 0xfe,
       0xc8, 0x24, 0xfe, 0x32, 0xe4, 0xb1, 0x03, 0xd3, 0xe0, 0x03, 0xf8, 0xb9,
       0x10, 0x00, 0x33, 0xc0, 0x26, 0x8a, 0x25, 0xef, 0x47, 0xfe, 0xc0, 0xe2,
       0xf7, 0xfc, 0x80, 0xc2, 0x04, 0x80, 0xfb, 0x07, 0x74, 0x11, 0xb0, 0x12,
       0xee, 0xb8, 0x00, 0xb8, 0x8e, 0xc0, 0xb9, 0x00, 0x20, 0x33, 0xc0, 0x33,
       0xff, 0xf3, 0xab, 0x8a, 0xef, 0x32, 0xff, 0x2e, 0x8a, 0x87, 0x18, 0x38,
       0x24, 0xf7, 0xee, 0x8a, 0xe5, 0xbf, 0x00, 0xb0, 0xb9, 0x00, 0x08, 0x80,
       0xfb, 0x07, 0x74, 0x0b, 0xf6, 0xc3, 0x04, 0x75, 0x10, 0xbf, 0x00, 0xb8,
       0xb9, 0x00, 0x20, 0xb0, 0x20, 0x8e, 0xc7, 0x33, 0xff, 0xf3, 0xab, 0x8a,
       0xfc, 0xb0, 0x10, 0x80, 0xfb, 0x05, 0x74, 0x11, 0x8a, 0xc7, 0xb1, 0x04,
       0xd2, 0xc8, 0x24, 0x07, 0x0c, 0x30, 0x80, 0xfb, 0x06, 0x75, 0x02, 0x0c,
       0x07, 0x42, 0xee, 0x8a, 0xe0, 0x32, 0xff, 0x2e, 0x8a, 0x87, 0x18, 0x38,
       0xff, 0xe6, 0x80, 0x3e, 0x49, 0x04, 0x03, 0x77, 0x3b, 0x8a, 0x5e, 0x00,
       0x80, 0xfb, 0x04, 0x72, 0x0c, 0x80, 0xfb, 0x08, 0x73, 0x2e, 0x80, 0x3e,
       0x49, 0x04, 0x01, 0x77, 0x27, 0x88, 0x1e, 0x62, 0x04, 0xa1, 0x4c, 0x04,
       0x32, 0xff, 0x53, 0xf7, 0xe3, 0xa3, 0x4e, 0x04, 0xd1, 0xe8, 0x8b, 0xd8,
       0xe8, 0x3d, 0xfe, 0xb4, 0x0c, 0xe8, 0x84, 0x00, 0x5b, 0x03, 0xdb, 0x8b,
       0x8f, 0x50, 0x04, 0xd1, 0xeb, 0xeb, 0x70, 0x90, 0xc3, 0xe8, 0x28, 0xfe,
       0x8b, 0x46, 0x02, 0x0a, 0xe4, 0x8a, 0x26, 0x66, 0x04, 0x75, 0x07, 0x80,
       0xe4, 0x20, 0x0a, 0xc4, 0xeb, 0x11, 0x86, 0xc4, 0x24, 0xdf, 0x80, 0x3e,
       0x49, 0x04, 0x05, 0x74, 0x06, 0x0a, 0xe4, 0x74, 0x02, 0x0c, 0x20, 0xa2,
       0x66, 0x04, 0x8b, 0x16, 0x63, 0x04, 0x83, 0xc2, 0x05, 0xee, 0xc3, 0xa1,
       0x49, 0x04, 0x89, 0x46, 0x00, 0xa0, 0x62, 0x04, 0x88, 0x46, 0x03, 0xc3,
       0x89, 0x0e, 0x60, 0x04, 0x80, 0x3e, 0x49, 0x04, 0x07, 0x74, 0x08, 0x80,
       0xfd, 0x20, 0x72, 0x03, 0xb9, 0x1e, 0x1e, 0xb4, 0x0a, 0x8b, 0xd9, 0xeb,
       0x1f, 0x8a, 0x5e, 0x03, 0x32, 0xff, 0xd1, 0xe3, 0x89, 0x97, 0x50, 0x04,
       0xd1, 0xeb, 0x8b, 0xca, 0x3a, 0x1e, 0x62, 0x04, 0x74, 0x01, 0xc3, 0xe8,
       0x47, 0x00, 0x8b, 0xdf, 0xd1, 0xeb, 0xb4, 0x0e, 0x8b, 0x16, 0x63, 0x04,
       0x8a, 0xc4, 0xee, 0x42, 0x8a, 0xc7, 0xee, 0x4a, 0x8a, 0xc4, 0x40, 0xee,
       0x8a, 0xc3, 0x42, 0xee, 0x4a, 0xc3, 0xa0, 0x49, 0x04, 0x3c, 0x07, 0x74,
       0x0a, 0xa8, 0x04, 0x74, 0x06, 0x8b, 0x0e, 0x50, 0x04, 0xeb, 0x43, 0x8a,
       0x5e, 0x03, 0x32, 0xff, 0xd0, 0xe3, 0x8b, 0x8f, 0x50, 0x04, 0xd0, 0xeb,
       0xeb, 0x0b, 0xa0, 0x49, 0x04, 0x3c, 0x07, 0x74, 0x04, 0xa8, 0x04, 0x75,
       0x29, 0xa1, 0x4a, 0x04, 0xd1, 0xe0, 0xf6, 0xe5, 0x8b, 0xf9, 0x81, 0xe7,
       0xff, 0x00, 0xd1, 0xe7, 0x03, 0xf8, 0xa1, 0x4c, 0x04, 0x81, 0xe3, 0xff,
       0x00, 0x74, 0x09, 0x52, 0xa1, 0x4c, 0x04, 0xf7, 0xe3, 0x03, 0xf8, 0x5a,
       0xf8, 0xc3, 0x8b, 0x0e, 0x50, 0x04, 0xb8, 0x50, 0x00, 0xf6, 0xe5, 0xd1,
       0xe0, 0xd1, 0xe0, 0x8b, 0xf9, 0x81, 0xe7, 0xff, 0x00, 0x03, 0xc7, 0x80,
       0x3e, 0x49, 0x04, 0x06, 0x74, 0x02, 0x03, 0xc7, 0x8b, 0xf8, 0xf9, 0xc3,
       0x8a, 0x5e, 0x03, 0x02, 0xdb, 0x32, 0xff, 0x8b, 0x87, 0x50, 0x04, 0x89,
       0x46, 0x06, 0xa1, 0x60, 0x04, 0x89, 0x46, 0x04, 0xc3, 0x8b, 0xca, 0x2a,
       0xe8, 0x8b, 0x1e, 0x4a, 0x04, 0xd1, 0xe3, 0xf7, 0xdb, 0xfd, 0xeb, 0x0b,
       0x8b, 0xd1, 0x02, 0xe8, 0x8b, 0x1e, 0x4a, 0x04, 0xd1, 0xe3, 0xfc, 0x53,
       0x8a, 0x1e, 0x62, 0x04, 0xe8, 0x77, 0xff, 0x8b, 0xf7, 0x8b, 0xca, 0xe8,
       0x70, 0xff, 0xe8, 0xeb, 0xfc, 0x5a, 0x8a, 0x4e, 0x06, 0x2a, 0x4e, 0x04,
       0xfe, 0xc1, 0x32, 0xed, 0x8a, 0x7e, 0x03, 0x8a, 0x5e, 0x07, 0x2a, 0x5e,
       0x05, 0x8a, 0x46, 0x00, 0x2a, 0xd8, 0xfe, 0xc3, 0xe8, 0x2f, 0x00, 0x72,
       0x3d, 0x0a, 0xc0, 0x74, 0x18, 0x06, 0x1f, 0x56, 0x57, 0x51, 0xf3, 0xa5,
       0x59, 0x5f, 0x5e, 0x03, 0xf2, 0x03, 0xfa, 0xfe, 0xcb, 0x75, 0xf0, 0x8a,
       0xd8, 0x33, 0xc0, 0x8e, 0xd8, 0x8a, 0xe7, 0xb0, 0x20, 0x57, 0x51, 0xf3,
       0xab, 0x59, 0x5f, 0x03, 0xfa, 0xfe, 0xcb, 0x75, 0xf4, 0xc3, 0x80, 0x3e,
       0x49, 0x04, 0x07, 0x74, 0x08, 0xf6, 0x06, 0x49, 0x04, 0x04, 0x74, 0x01,
       0xf9, 0xc3, 0x50, 0x80, 0x3e, 0x49, 0x04, 0x06, 0x74, 0x0a, 0x03, 0xc9,
       0x0a, 0xf6, 0x79, 0x17, 0x47, 0x46, 0xeb, 0x0b, 0x8b, 0xc2, 0xd1, 0xe8,
       0x98, 0x8b, 0xd0, 0x0a, 0xf6, 0x79, 0x08, 0x81, 0xc7, 0xf0, 0x00, 0x81,
       0xc6, 0xf0, 0x00, 0x58, 0x0a, 0xc0, 0x74, 0x2c, 0xd0, 0xe3, 0xd0, 0xe3,
       0x06, 0x1f, 0x56, 0x57, 0x51, 0xf3, 0xa4, 0x59, 0x5f, 0x5e, 0x56, 0x57,
       0x51, 0x81, 0xc7, 0x00, 0x20, 0x81, 0xc6, 0x00, 0x20, 0xf3, 0xa4, 0x59,
       0x5f, 0x5e, 0x03, 0xfa, 0x03, 0xf2, 0xfe, 0xcb, 0x75, 0xe0, 0x33, 0xf6,
       0x8e, 0xde, 0x8a, 0xd8, 0x8a, 0xc7, 0xd0, 0xe3, 0xd0, 0xe3, 0x57, 0x51,
       0xf3, 0xaa, 0x59, 0x5f, 0x57, 0x51, 0x81, 0xc7, 0x00, 0x20, 0xf3, 0xaa,
       0x59, 0x5f, 0x03, 0xfa, 0xfe, 0xcb, 0x75, 0xea, 0xc3, 0xe8, 0x7a, 0xfe,
       0x73, 0x03, 0xe9, 0xfe, 0x01, 0x26, 0x8b, 0x05, 0x89, 0x46, 0x00, 0xc3,
       0xe8, 0x66, 0x01, 0x53, 0xe8, 0xec, 0x00, 0x5b, 0xe2, 0xf9, 0xc3, 0xe8,
       0x60, 0xfe, 0x8b, 0x4e, 0x04, 0x72, 0xed, 0x8a, 0x46, 0x00, 0x8a, 0x66,
       0x02, 0xfc, 0xab, 0xe2, 0xfd, 0xc3, 0xe8, 0x4d, 0xfe, 0x8b, 0x4e, 0x04,
       0x72, 0xda, 0xfc, 0x8a, 0x46, 0x00, 0xaa, 0x47, 0xe2, 0xf9, 0xc3, 0x8a,
       0x1e, 0x62, 0x04, 0xd0, 0xe3, 0x32, 0xff, 0x8b, 0x8f, 0x50, 0x04, 0x33,
       0xd2, 0x86, 0xd1, 0xd0, 0xeb, 0xe8, 0x4a, 0xfe, 0x1a, 0xe4, 0x8a, 0x46,
       0x00, 0x3c, 0x20, 0x73, 0x22, 0x3c, 0x07, 0x75, 0x03, 0xe9, 0xe2, 0xfb,
       0x3c, 0x0a, 0x74, 0x44, 0x3c, 0x08, 0x75, 0x0a, 0x0a, 0xd2, 0x75, 0x01,
       0xc3, 0xfe, 0xca, 0xeb, 0x79, 0x90, 0x3c, 0x0d, 0x75, 0x05, 0xb2, 0x00,
       0xeb, 0x70, 0x90, 0x57, 0x03, 0xfa, 0x03, 0xfa, 0x0a, 0xe4, 0x75, 0x06,
       0x8a, 0x46, 0x00, 0xaa, 0xeb, 0x13, 0x52, 0x51, 0x80, 0x3e, 0x49, 0x04,
       0x06, 0x75, 0x02, 0x2b, 0xfa, 0xe8, 0xdd, 0x00, 0xe8, 0x64, 0x00, 0x59,
       0x5a, 0x5f, 0xfe, 0xc2, 0x3a, 0x16, 0x4a, 0x04, 0x72, 0x44, 0x32, 0xd2,
       0x80, 0xfd, 0x18, 0x72, 0x33, 0x26, 0x8a, 0x7d, 0x01, 0xe8, 0xc6, 0xfe,
       0x73, 0x02, 0x32, 0xff, 0x53, 0xe8, 0x2e, 0x00, 0xe8, 0x59, 0xfb, 0x8a,
       0x1e, 0x62, 0x04, 0xb9, 0x00, 0x01, 0xe8, 0xd1, 0xfd, 0x8b, 0xf7, 0x8b,
       0x3e, 0x4e, 0x04, 0x8b, 0x0e, 0x4a, 0x04, 0x8b, 0xd1, 0x03, 0xd2, 0xfc,
       0x5b, 0xb3, 0x18, 0xb0, 0x01, 0xe9, 0x68, 0xfe, 0x8b, 0x1e, 0x4a, 0x04,
       0x03, 0xdb, 0x03, 0xfb, 0xfe, 0xc5, 0x8a, 0x1e, 0x62, 0x04, 0x8a, 0xca,
       0x32, 0xff, 0x03, 0xdb, 0x89, 0x8f, 0x50, 0x04, 0x03, 0xfa, 0x03, 0xfa,
       0xe9, 0x5f, 0xfd, 0x51, 0x57, 0xb9, 0x08, 0x00, 0x80, 0x3e, 0x49, 0x04,
       0x06, 0x74, 0x44, 0x8a, 0x46, 0x02, 0x24, 0x03, 0x32, 0xe4, 0x8b, 0xf0,
       0x56, 0x33, 0xc0, 0x1e, 0x8e, 0xda, 0x8a, 0x2f, 0x43, 0x1f, 0xd0, 0xed,
       0x73, 0x02, 0x0b, 0xc6, 0xd1, 0xe6, 0xd1, 0xe6, 0x0a, 0xed, 0x75, 0xf2,
       0x86, 0xe0, 0xf6, 0x46, 0x02, 0x80, 0x74, 0x03, 0x26, 0x33, 0x05, 0x26,
       0x89, 0x05, 0xb8, 0x00, 0x20, 0xf6, 0xc1, 0x01, 0x74, 0x03, 0xb8, 0x50,
       0xe0, 0x03, 0xf8, 0x5e, 0xe2, 0xca, 0x5f, 0x47, 0x47, 0x59, 0xc3, 0x1e,
       0x8e, 0xda, 0x8a, 0x07, 0xf6, 0x46, 0x02, 0x80, 0x74, 0x03, 0x26, 0x32,
       0x05, 0x26, 0x88, 0x05, 0x43, 0xb8, 0x00, 0x20, 0xf6, 0xc1, 0x01, 0x74,
       0x03, 0xb8, 0x50, 0xe0, 0x03, 0xf8, 0xe2, 0xe2, 0x1f, 0x5f, 0x47, 0x59,
       0xc3, 0x8a, 0x66, 0x00, 0x80, 0xfc, 0x80, 0x72, 0x0a, 0x80, 0xe4, 0x7f,
       0xe8, 0x16, 0x00, 0x75, 0x07, 0xb4, 0x20, 0x8c, 0xca, 0xbb, 0x6e, 0x3a,
       0x8a, 0xc4, 0x32, 0xe4, 0x03, 0xc0, 0x03, 0xc0, 0x03, 0xc0, 0x03, 0xd8,
       0xc3, 0x50, 0x8b, 0x1e, 0x7c, 0x00, 0x8b, 0x16, 0x7e, 0x00, 0x8b, 0xc2,
       0x0b, 0xc3, 0x58, 0xc3, 0xe8, 0x1d, 0x00, 0x8a, 0x46, 0x00, 0xd2, 0xc8,
       0x22, 0xc4, 0xf6, 0x46, 0x00, 0x80, 0x74, 0x07, 0x26, 0x32, 0x05, 0x26,
       0x88, 0x05, 0xc3, 0xf6, 0xd4, 0x26, 0x20, 0x25, 0x26, 0x08, 0x05, 0xc3,
       0xb0, 0x50, 0xd1, 0xca, 0xf6, 0xe2, 0xf6, 0xc6, 0x80, 0x74, 0x03, 0x05,
       0x00, 0x20, 0x8b, 0xd1, 0xd1, 0xea, 0xd1, 0xea, 0x80, 0x3e, 0x49, 0x04,
       0x06, 0x75, 0x10, 0xd1, 0xea, 0x03, 0xc2, 0x8b, 0xf8, 0x80, 0xe1, 0x07,
       0xfe, 0xc1, 0xb4, 0x01, 0xd2, 0xcc, 0xc3, 0x03, 0xc2, 0x8b, 0xf8, 0x80,
       0xe1, 0x03, 0xfe, 0xc1, 0x02, 0xc9, 0xb4, 0x03, 0xd2, 0xcc, 0xc3, 0x8c,
       0xca, 0xbb, 0x6e, 0x3a, 0xe8, 0x12, 0x00, 0x72, 0x0c, 0xe8, 0x89, 0xff,
       0x74, 0x07, 0xe8, 0x08, 0x00, 0x73, 0x02, 0x0c, 0x80, 0x88, 0x46, 0x00,
       0xc3, 0x53, 0xb9, 0x80, 0x00, 0x57, 0x51, 0x53, 0xb9, 0x08, 0x00, 0x26,
       0x8b, 0x05, 0x8a, 0xe8, 0x86, 0xe0, 0x80, 0x3e, 0x49, 0x04, 0x06, 0x74,
       0x1a, 0x51, 0xb1, 0x08, 0xbe, 0x03, 0x00, 0x32, 0xed, 0x85, 0xc6, 0x74,
       0x01, 0xf9, 0xd0, 0xdd, 0xd1, 0xe6, 0xd1, 0xe6, 0xfe, 0xc9, 0x75, 0xf1,
       0x58, 0x8a, 0xc8, 0x1e, 0x8e, 0xda, 0x3a, 0x2f, 0x1f, 0x75, 0x20, 0xb8,
       0x00, 0x20, 0xf6, 0xc1, 0x01, 0x74, 0x03, 0xb8, 0x50, 0xe0, 0x03, 0xf8,
       0x43, 0xfe, 0xc9, 0x75, 0xbe, 0x58, 0x59, 0x5f, 0x5b, 0x2b, 0xc3, 0xd1,
       0xe8, 0xd1, 0xe8, 0xd1, 0xe8, 0xf9, 0xc3, 0x5b, 0x59, 0x5f, 0x83, 0xc3,
       0x08, 0xe2, 0xa2, 0x33, 0xc0, 0x5b, 0xc3, 0xe8, 0x42, 0xff, 0x26, 0x8a,
       0x05, 0x22, 0xc4, 0xd2, 0xc0, 0x88, 0x46, 0x00, 0xc3, 0x8b, 0x16, 0x63,
       0x04, 0x83, 0xc2, 0x06, 0xec, 0x24, 0x06, 0x3c, 0x02, 0x74, 0x08, 0x72,
       0x02, 0x42, 0xee, 0x33, 0xc0, 0xeb, 0x69, 0x83, 0xea, 0x06, 0xb0, 0x10,
       0xee, 0x42, 0xec, 0x8a, 0xe0, 0x4a, 0xb0, 0x11, 0xee, 0x42, 0xec, 0x83,
       0xc2, 0x06, 0xee, 0x33, 0xdb, 0x8a, 0x1e, 0x49, 0x04, 0x2e, 0x8a, 0x9f,
       0x00, 0x38, 0x2b, 0xc3, 0x72, 0x0a, 0x8b, 0x0e, 0x4e, 0x04, 0xd1, 0xe9,
       0x2b, 0xc1, 0x73, 0x02, 0x33, 0xc0, 0xd0, 0xeb, 0xfe, 0xcb, 0xb3, 0x28,
       0x74, 0x02, 0xd0, 0xe3, 0xf6, 0xf3, 0x8a, 0xe8, 0xd0, 0xe5, 0x8a, 0xd4,
       0x80, 0x3e, 0x49, 0x04, 0x06, 0x75, 0x02, 0xd0, 0xe2, 0xe8, 0x86, 0xfc,
       0xb1, 0x02, 0x72, 0x02, 0xd2, 0xe5, 0x33, 0xdb, 0x8a, 0xda, 0x41, 0xd3,
       0xe3, 0x8a, 0xf5, 0xd2, 0xee, 0x89, 0x56, 0x06, 0x88, 0x6e, 0x05, 0x89,
       0x5e, 0x02, 0xb0, 0x01, 0x88, 0x46, 0x01, 0xc3, 0x02, 0x02, 0x04, 0x04,
       0x02, 0x02, 0x02, 0x04, 0x00, 0x08, 0x00, 0x08, 0x00, 0x10, 0x00, 0x10,
       0x00, 0x40, 0x00, 0x40, 0x00, 0x40, 0x00, 0x10, 0x28, 0x28, 0x29, 0x29,
       0x0a, 0x0e, 0x1a, 0x29, 0x00, 0x00, 0x00, 0x00, 0x00, 0x00, 0x00, 0x00,
       0x00, 0x00, 0x00, 0x00, 0x00, 0x00, 0x00, 0x00, 0x00, 0x00, 0x00, 0x00,
       0x00, 0x00, 0x00, 0x00, 0x00, 0x00, 0x00, 0x00, 0x00, 0x00, 0x00, 0x00,
       0x00, 0xea, 0xce, 0x0b, 0x00, 0xfc, 0x00, 0x00, 0x00, 0x00, 0x00, 0x00,
       0x00, 0xea, 0xd8, 0x0b, 0x00, 0xfc, 0x8a, 0x02, 0x03, 0x00, 0x5c, 0x4c,
       0x61, 0x73, 0x74, 0x20, 0x75, 0x73, 0x65, 0x64, 0x20, 0x61, 0x74, 0x20,
       0x8a, 0x5c, 0x07, 0x00, 0x02, 0x03, 0x8b, 0x74, 0x69, 0x6d, 0x65, 0x20,
       0x61, 0x6e, 0x64, 0x20, 0x64, 0x61, 0x74, 0x65, 0x8b, 0x75, 0x73, 0x65,
       0x72, 0x20, 0x6f, 0x70, 0x74, 0x69, 0x6f, 0x6e, 0x73, 0x20, 0x28, 0x69,
       0x66, 0x20, 0x72, 0x65, 0x71, 0x75, 0x69, 0x72, 0x65, 0x64, 0x29, 0x5c,
       /* 0x3899: string: "fit new batteries\" */
       0x07, 0x07, 0x07, 0x00, 0x8f, 0x66, 0x69, 0x74, 0x20, 0x6e, 0x65, 0x77,
       0x20, 0x62, 0x61, 0x74, 0x74, 0x65, 0x72, 0x69, 0x65, 0x73, 0x5c, 0x00,
       /* 0x38AC: string: "\Check keyboard and mouse" */
       0x5c, 0x43, 0x68, 0x65, 0x63, 0x6b, 0x20, 0x6b, 0x65, 0x79, 0x62, 0x6f,
       0x61, 0x72, 0x64, 0x20, 0x61, 0x6e, 0x64, 0x20, 0x6d, 0x6f, 0x75, 0x73,
       0x65, 0x00, 0x5c, 0x49, 0x6e, 0x73, 0x65, 0x72, 0x74, 0x20, 0x61, 0x20,
       /* 0x38DB: string: " A\Then press any key" */
       0x8c, 0x64, 0x69, 0x73, 0x6b, 0x20, 0x69, 0x6e, 0x74, 0x6f, 0x8e, 0x20,
       0x41, 0x5c, 0x54, 0x68, 0x65, 0x6e, 0x20, 0x70, 0x72, 0x65, 0x73, 0x73,
       0x20, 0x61, 0x6e, 0x79, 0x20, 0x6b, 0x65, 0x79, 0x00, 0x5c, 0x02, 0x10,
       0x3a, 0x02, 0x1b, 0x61, 0x6c, 0x02, 0x1d, 0x20, 0x69, 0x6e, 0x63, 0x6f,
       0x72, 0x72, 0x65, 0x63, 0x74, 0x3a, 0x5c, 0x52, 0x4f, 0x4d, 0x20, 0x61,
       0x64, 0x64, 0x72, 0x65, 0x73, 0x73, 0x20, 0x3d, 0x20, 0x10, 0x5c, 0x00,
       /* 0x391A: string: ": Faulty " */
       0x02, 0x10, 0x3a, 0x20, 0x46, 0x61, 0x75, 0x6c, 0x74, 0x79, 0x20, 0x00,
       /* 0x3929: string: "VDU RAM" */
       0x8c, 0x52, 0x41, 0x4d, 0x00, 0x56, 0x44, 0x55, 0x20, 0x52, 0x41, 0x4d,
       0x00, 0x02, 0x20, 0x02, 0x1f, 0x00, 0x02, 0x1e, 0x02, 0x1f, 0x00, 0x66,
       0x6c, 0x6f, 0x70, 0x70, 0x79, 0x8d, 0x02, 0x1f, 0x20, 0x6f, 0x72, 0x8d,
       0x8e, 0x00, 0x02, 0x11, 0x20, 0x02, 0x12, 0x00, 0x8c, 0x02, 0x14, 0x20,
       /* 0x3959: string: " time clock" */
       0x02, 0x15, 0x00, 0x02, 0x17, 0x20, 0x74, 0x69, 0x6d, 0x65, 0x20, 0x63,
       0x6c, 0x6f, 0x63, 0x6b, 0x00, 0x56, 0x44, 0x55, 0x02, 0x1f, 0x00, 0x8c,
       0x02, 0x18, 0x02, 0x1a, 0x00, 0x8c, 0x73, 0x65, 0x72, 0x69, 0x61, 0x6c,
       0x02, 0x1a, 0x00, 0x6d, 0x6f, 0x75, 0x73, 0x65, 0x20, 0x63, 0x6f, 0x6f,
       0x72, 0x64, 0x69, 0x6e, 0x61, 0x74, 0x65, 0x20, 0x02, 0x15, 0x73, 0x00,
       /* 0x3996: string: "memory (parity error)" */
       0x52, 0x4f, 0x53, 0x02, 0x1d, 0x00, 0x6d, 0x65, 0x6d, 0x6f, 0x72, 0x79,
       0x20, 0x28, 0x70, 0x61, 0x72, 0x69, 0x74, 0x79, 0x20, 0x65, 0x72, 0x72,
       /* 0x39AD: string: "wait" */
       0x6f, 0x72, 0x29, 0x00, 0x8f, 0x77, 0x61, 0x69, 0x74, 0x00, 0x02, 0x04,
       /* 0x39BA: string: "March" */
       0x79, 0x00, 0x02, 0x05, 0x79, 0x00, 0x4d, 0x61, 0x72, 0x63, 0x68, 0x00,
       /* 0x39C7: string: "June" */
       0x02, 0x09, 0x00, 0x4d, 0x61, 0x79, 0x00, 0x4a, 0x75, 0x6e, 0x65, 0x00,
       /* 0x39CC: string: "July" */
       /* 0x39D7: string: "October" */
       0x4a, 0x75, 0x6c, 0x79, 0x00, 0x02, 0x0a, 0x00, 0x02, 0x0b, 0x00, 0x4f,
       0x63, 0x74, 0x6f, 0x62, 0x65, 0x72, 0x00, 0x02, 0x0d, 0x00, 0x02, 0x0e,
       0x00, 0x11, 0x3a, 0x12, 0x20, 0x6f, 0x6e, 0x20, 0x13, 0x20, 0x0f, 0x20,
       /* 0x39F4: string: "set " */
       /* 0x39F9: string: "SYSTEM " */
       0x14, 0x00, 0x5c, 0x8f, 0x73, 0x65, 0x74, 0x20, 0x00, 0x53, 0x59, 0x53,
       /* 0x3A01: string: " disk" */
       /* 0x3A07: string: " drive" */
       0x54, 0x45, 0x4d, 0x20, 0x00, 0x20, 0x64, 0x69, 0x73, 0x6b, 0x00, 0x20,
       /* 0x3A0E: string: "Please " */
       0x64, 0x72, 0x69, 0x76, 0x65, 0x00, 0x50, 0x6c, 0x65, 0x61, 0x73, 0x65,
       0x20, 0x00, 0x00, 0x00, 0x00, 0x00, 0x00, 0x00, 0x00, 0x00, 0x00, 0x00,
       0x00, 0x00, 0x00, 0x00, 0x00, 0x00, 0x00, 0x00, 0x00, 0x00, 0x00, 0x00,
       0x00, 0x00, 0x00, 0x00, 0x00, 0x00, 0x00, 0x00, 0x00, 0x00, 0x00, 0x00,
       0x00, 0x00, 0x00, 0x00, 0x00, 0x00, 0x00, 0x00, 0x00, 0x00, 0x00, 0x00,
       0x00, 0x00, 0x00, 0x00, 0x00, 0x00, 0x00, 0x00, 0x00, 0x00, 0x00, 0x00,
       0x00, 0x00, 0x00, 0x00, 0x00, 0x00, 0x00, 0x00, 0x00, 0x00, 0x00, 0x00,
       0x00, 0x00, 0x00, 0x00, 0x00, 0x00, 0x00, 0x00, 0x00, 0x00, 0x00, 0x00,
       0x00, 0x00, 0x00, 0x00, 0x00, 0x00, 0x00, 0x00, 0x00, 0x00, 0x00, 0x00,
       0x00, 0x00, 0x7e, 0xc3, 0xa5, 0x81, 0xa5, 0x99, 0xc3, 0x7e, 0x7e, 0xff,
       0xdb, 0xff, 0xdb, 0xe7, 0xff, 0x7e, 0x00, 0x6c, 0xfe, 0xfe, 0x7c, 0x38,
       0x10, 0x00, 0x00, 0x10, 0x38, 0x7c, 0xfe, 0x7c, 0x38, 0x10, 0x00, 0x38,
       0x38, 0xd6, 0xfe, 0xd6, 0x10, 0x38, 0x00, 0x10, 0x38, 0x7c, 0xfe, 0xd6,
       0x10, 0x38, 0x00, 0x00, 0x18, 0x3c, 0x3c, 0x18, 0x00, 0x00, 0xff, 0xff,
       /* 0x3AB7: string: "<fBBf<" */
       0xe7, 0xc3, 0xc3, 0xe7, 0xff, 0xff, 0x00, 0x3c, 0x66, 0x42, 0x42, 0x66,
       0x3c, 0x00, 0xff, 0xc3, 0x99, 0xbd, 0xbd, 0x99, 0xc3, 0xff, 0x0f, 0x07,
       0x0f, 0x7d, 0xcc, 0xcc, 0xcc, 0x78, 0x3c, 0x66, 0x66, 0x66, 0x3c, 0x18,
       0x7e, 0x18, 0x30, 0x38, 0x3c, 0x34, 0x30, 0xd0, 0xf0, 0x60, 0x3f, 0x33,
       0x3f, 0x33, 0x33, 0xdd, 0xff, 0x66, 0x99, 0x5a, 0x24, 0xc3, 0xc3, 0x24,
       /* 0x3AEE: string: "@p|~|p@" */
       0x5a, 0x99, 0x40, 0x70, 0x7c, 0x7e, 0x7c, 0x70, 0x40, 0x00, 0x02, 0x0e,
       0x3e, 0x7e, 0x3e, 0x0e, 0x02, 0x00, 0x18, 0x3c, 0x7e, 0x18, 0x18, 0x7e,
       /* 0x3B06: string: "lllll" */
       0x3c, 0x18, 0x6c, 0x6c, 0x6c, 0x6c, 0x6c, 0x00, 0x6c, 0x00, 0x7e, 0xf4,
       /* 0x3B11: string: "t444" */
       0xf4, 0x74, 0x34, 0x34, 0x34, 0x00, 0x3c, 0x60, 0x38, 0x6c, 0x6c, 0x38,
       0x0c, 0x78, 0x00, 0x00, 0x00, 0x00, 0x7e, 0x7e, 0x7e, 0x00, 0x18, 0x3c,
       0x7e, 0x18, 0x7e, 0x3c, 0x18, 0x7e, 0x18, 0x3c, 0x7e, 0x18, 0x18, 0x18,
       0x18, 0x18, 0x18, 0x18, 0x18, 0x18, 0x18, 0x7e, 0x3c, 0x18, 0x00, 0x04,
       0x06, 0xff, 0xff, 0x06, 0x04, 0x00, 0x00, 0x20, 0x60, 0xff, 0xff, 0x60,
       0x20, 0x00, 0x00, 0x60, 0x60, 0x60, 0x60, 0x7e, 0x00, 0x00, 0x00, 0x24,
       0x66, 0xff, 0xff, 0x66, 0x24, 0x00, 0x00, 0x08, 0x1c, 0x3e, 0x7f, 0x7f,
       0x7f, 0x00, 0x00, 0x7f, 0x7f, 0x7f, 0x3e, 0x1c, 0x08, 0x00, 0x00, 0x00,
       0x00, 0x00, 0x00, 0x00, 0x00, 0x00, 0x18, 0x18, 0x18, 0x18, 0x18, 0x00,
       0x18, 0x00, 0x6c, 0x6c, 0x6c, 0x00, 0x00, 0x00, 0x00, 0x00, 0x6c, 0x6c,
       0xfe, 0x6c, 0xfe, 0x6c, 0x6c, 0x00, 0x18, 0x3e, 0x58, 0x3c, 0x1a, 0x7c,
       0x18, 0x00, 0x00, 0x63, 0x66, 0x0c, 0x18, 0x33, 0x63, 0x00, 0x1c, 0x36,
       /* 0x3BA1: string: ";nf;" */
       0x1c, 0x3b, 0x6e, 0x66, 0x3b, 0x00, 0x18, 0x18, 0x30, 0x00, 0x00, 0x00,
       0x00, 0x00, 0x0c, 0x18, 0x30, 0x30, 0x30, 0x18, 0x0c, 0x00, 0x30, 0x18,
       0x0c, 0x0c, 0x0c, 0x18, 0x30, 0x00, 0x00, 0x66, 0x3c, 0xff, 0x3c, 0x66,
       0x00, 0x00, 0x00, 0x18, 0x18, 0x7e, 0x18, 0x18, 0x00, 0x00, 0x00, 0x00,
       0x00, 0x00, 0x00, 0x18, 0x18, 0x30, 0x00, 0x00, 0x00, 0x7e, 0x00, 0x00,
       0x00, 0x00, 0x00, 0x00, 0x00, 0x00, 0x00, 0x18, 0x18, 0x00, 0x06, 0x0c,
       0x18, 0x30, 0x60, 0xc0, 0x80, 0x00, 0x7c, 0xc6, 0xce, 0xd6, 0xe6, 0xc6,
       0x7c, 0x00, 0x18, 0x38, 0x18, 0x18, 0x18, 0x18, 0x18, 0x00, 0x3c, 0x66,
       0x06, 0x0c, 0x18, 0x30, 0x7e, 0x00, 0x3c, 0x66, 0x06, 0x1c, 0x06, 0x66,
       0x3c, 0x00, 0x1c, 0x3c, 0x6c, 0xcc, 0xfe, 0x0c, 0x0c, 0x00, 0x7e, 0x60,
       /* 0x3C1E: string: "<f`|ff<" */
       0x7c, 0x06, 0x06, 0x66, 0x3c, 0x00, 0x3c, 0x66, 0x60, 0x7c, 0x66, 0x66,
       /* 0x3C2E: string: "<ff<ff<" */
       0x3c, 0x00, 0x7e, 0x06, 0x06, 0x0c, 0x18, 0x18, 0x18, 0x00, 0x3c, 0x66,
       0x66, 0x3c, 0x66, 0x66, 0x3c, 0x00, 0x3c, 0x66, 0x66, 0x3e, 0x0c, 0x18,
       0x30, 0x00, 0x00, 0x00, 0x18, 0x18, 0x00, 0x18, 0x18, 0x00, 0x00, 0x00,
       0x18, 0x18, 0x00, 0x18, 0x18, 0x30, 0x0c, 0x18, 0x30, 0x60, 0x30, 0x18,
       0x0c, 0x00, 0x00, 0x00, 0x7e, 0x00, 0x00, 0x7e, 0x00, 0x00, 0x60, 0x30,
       0x18, 0x0c, 0x18, 0x30, 0x60, 0x00, 0x3c, 0x66, 0x06, 0x0c, 0x18, 0x00,
       0x18, 0x00, 0x7c, 0xc6, 0xde, 0xde, 0xde, 0xc0, 0x7c, 0x00, 0x38, 0x6c,
       0xc6, 0xc6, 0xfe, 0xc6, 0xc6, 0x00, 0xfc, 0xc6, 0xc6, 0xfc, 0xc6, 0xc6,
       0xfc, 0x00, 0x3c, 0x66, 0xc0, 0xc0, 0xc0, 0x66, 0x3c, 0x00, 0xf8, 0xcc,
       0xc6, 0xc6, 0xc6, 0xcc, 0xf8, 0x00, 0xfe, 0xc0, 0xc0, 0xf8, 0xc0, 0xc0,
       0xfe, 0x00, 0xfe, 0xc0, 0xc0, 0xf8, 0xc0, 0xc0, 0xc0, 0x00, 0x3c, 0x66,
       0xc0, 0xc0, 0xce, 0x66, 0x3e, 0x00, 0xc6, 0xc6, 0xc6, 0xfe, 0xc6, 0xc6,
       /* 0x3CB6: string: "x00000x" */
       0xc6, 0x00, 0x78, 0x30, 0x30, 0x30, 0x30, 0x30, 0x78, 0x00, 0x06, 0x06,
       0x06, 0x06, 0xc6, 0xc6, 0x7c, 0x00, 0xc6, 0xcc, 0xd8, 0xf0, 0xd8, 0xcc,
       0xc6, 0x00, 0xc0, 0xc0, 0xc0, 0xc0, 0xc0, 0xc0, 0xfe, 0x00, 0xc6, 0xee,
       0xfe, 0xd6, 0xc6, 0xc6, 0xc6, 0x00, 0xc6, 0xe6, 0xf6, 0xde, 0xce, 0xc6,
       0xc6, 0x00, 0x38, 0x6c, 0xc6, 0xc6, 0xc6, 0x6c, 0x38, 0x00, 0xfc, 0xc6,
       0xc6, 0xfc, 0xc0, 0xc0, 0xc0, 0x00, 0x38, 0x6c, 0xc6, 0xc6, 0xda, 0x6c,
       0x36, 0x00, 0xfc, 0xc6, 0xc6, 0xfc, 0xcc, 0xc6, 0xc6, 0x00, 0x7c, 0xc6,
       0xc0, 0x7c, 0x06, 0xc6, 0x7c, 0x00, 0xfc, 0x30, 0x30, 0x30, 0x30, 0x30,
       0x30, 0x00, 0xc6, 0xc6, 0xc6, 0xc6, 0xc6, 0xc6, 0x7c, 0x00, 0xc6, 0xc6,
       0xc6, 0xc6, 0xc6, 0x6c, 0x38, 0x00, 0xc6, 0xc6, 0xc6, 0xd6, 0xfe, 0xee,
       0xc6, 0x00, 0xc6, 0xc6, 0x6c, 0x38, 0x6c, 0xc6, 0xc6, 0x00, 0x66, 0x66,
       0x66, 0x3c, 0x18, 0x18, 0x18, 0x00, 0xfe, 0x06, 0x0c, 0x18, 0x30, 0x60,
       0xfe, 0x00, 0x3c, 0x30, 0x30, 0x30, 0x30, 0x30, 0x3c, 0x00, 0xc0, 0x60,
       0x30, 0x18, 0x0c, 0x06, 0x02, 0x00, 0x3c, 0x0c, 0x0c, 0x0c, 0x0c, 0x0c,
       0x3c, 0x00, 0x08, 0x1c, 0x36, 0x63, 0x00, 0x00, 0x00, 0x00, 0x00, 0x00,
       0x00, 0x00, 0x00, 0x00, 0x00, 0xff, 0x30, 0x18, 0x0c, 0x00, 0x00, 0x00,
       0x00, 0x00, 0x00, 0x00, 0x7c, 0x06, 0x7e, 0xc6, 0x7e, 0x00, 0xc0, 0xc0,
       0xfc, 0xc6, 0xc6, 0xc6, 0xfc, 0x00, 0x00, 0x00, 0x7c, 0xc6, 0xc0, 0xc6,
       0x7c, 0x00, 0x06, 0x06, 0x7e, 0xc6, 0xc6, 0xc6, 0x7e, 0x00, 0x00, 0x00,
       0x7c, 0xc6, 0xfe, 0xc0, 0x7c, 0x00, 0x3c, 0x66, 0x60, 0xf8, 0x60, 0x60,
       0x60, 0x00, 0x00, 0x00, 0x7e, 0xc6, 0xc6, 0x7e, 0x06, 0xfc, 0xc0, 0xc0,
       0xfc, 0xc6, 0xc6, 0xc6, 0xc6, 0x00, 0x18, 0x00, 0x18, 0x18, 0x18, 0x18,
       0x18, 0x00, 0x0c, 0x00, 0x0c, 0x0c, 0x0c, 0x0c, 0xcc, 0x78, 0xc0, 0xc0,
       0xc6, 0xcc, 0xf8, 0xcc, 0xc6, 0x00, 0x18, 0x18, 0x18, 0x18, 0x18, 0x18,
       0x18, 0x00, 0x00, 0x00, 0x6c, 0xfe, 0xd6, 0xc6, 0xc6, 0x00, 0x00, 0x00,
       0xfc, 0xc6, 0xc6, 0xc6, 0xc6, 0x00, 0x00, 0x00, 0x7c, 0xc6, 0xc6, 0xc6,
       0x7c, 0x00, 0x00, 0x00, 0xfc, 0xc6, 0xc6, 0xfc, 0xc0, 0xc0, 0x00, 0x00,
       0x7e, 0xc6, 0xc6, 0x7e, 0x06, 0x06, 0x00, 0x00, 0xfc, 0xc6, 0xc0, 0xc0,
       0xc0, 0x00, 0x00, 0x00, 0x7c, 0xc0, 0x7c, 0x06, 0xfc, 0x00, 0x60, 0x60,
       /* 0x3E11: string: "``f<" */
       0xfc, 0x60, 0x60, 0x66, 0x3c, 0x00, 0x00, 0x00, 0xc6, 0xc6, 0xc6, 0xc6,
       0x7e, 0x00, 0x00, 0x00, 0xc6, 0xc6, 0xc6, 0x6c, 0x38, 0x00, 0x00, 0x00,
       0xc6, 0xc6, 0xd6, 0xfe, 0x6c, 0x00, 0x00, 0x00, 0xc6, 0x6c, 0x38, 0x6c,
       0xc6, 0x00, 0x00, 0x00, 0xc6, 0xc6, 0xc6, 0x7e, 0x06, 0xfc, 0x00, 0x00,
       0x7e, 0x0c, 0x18, 0x30, 0x7e, 0x00, 0x0e, 0x18, 0x18, 0x70, 0x18, 0x18,
       0x0e, 0x00, 0x18, 0x18, 0x18, 0x00, 0x18, 0x18, 0x18, 0x00, 0x70, 0x18,
       0x18, 0x0e, 0x18, 0x18, 0x70, 0x00, 0x32, 0x4c, 0x00, 0x00, 0x00, 0x00,
       0x00, 0x00, 0x00, 0x18, 0x3c, 0x66, 0xc3, 0xc3, 0xff, 0x00, 0xea, 0xd6,
       0x0c, 0x00, 0xfc, 0x00, 0x00, 0x00, 0x00, 0x00, 0x00, 0x00, 0x00, 0x00,
       0x00, 0x00, 0x00, 0x00, 0x00, 0x00, 0x00, 0x00, 0x00, 0x00, 0x00, 0x00,
       0x00, 0x00, 0x00, 0x00, 0x00, 0x00, 0x00, 0x00, 0x00, 0x00, 0x00, 0x00,
       0x00, 0x00, 0x00, 0x00, 0x00, 0x00, 0x00, 0x00, 0x00, 0x00, 0x00, 0x00,
       0x00, 0x00, 0x00, 0x00, 0x00, 0xea, 0x24, 0x0d, 0x00, 0xfc, 0x2e, 0x27,
       0xe8, 0xd1, 0xd7, 0xcb, 0xba, 0xaf, 0x3e, 0xe9, 0x43, 0xd9, 0x00, 0x2e,
       0xad, 0x8e, 0xc0, 0x8b, 0xd6, 0xbe, 0x6e, 0x3a, 0xb1, 0x04, 0x2e, 0xad,
       0xab, 0xe2, 0xfb, 0x33, 0xc0, 0xb1, 0x0c, 0xf3, 0xab, 0x81, 0xff, 0x00,
       0x10, 0x72, 0xed, 0x8b, 0xf2, 0xb6, 0x03, 0xc3, 0x2e, 0xad, 0x8b, 0xc8,
       0xb8, 0x20, 0x07, 0xf3, 0xab, 0xb2, 0xc0, 0xb0, 0x20, 0xee, 0x2e, 0xac,
       0xff, 0xe3, 0xba, 0xc0, 0x03, 0x32, 0xc0, 0xee, 0xee, 0xc3, 0x00, 0x4d,
       0x3f, 0x4d, 0x3f, 0xbf, 0x17, 0x4d, 0x3f, 0x4d, 0x3f, 0x34, 0x0f, 0x2f,
       0x13, 0x4d, 0x3f, 0x24, 0x0d, 0x5f, 0x11, 0x47, 0x3f, 0x47, 0x3f, 0x47,
       0x3f, 0x47, 0x3f, 0x57, 0x2f, 0x47, 0x3f, 0x65, 0x30, 0xd8, 0x0b, 0xce,
       0x0b, 0x59, 0x2c, 0xac, 0x0f, 0xe2, 0x0b, 0x00, 0x11, 0xb3, 0x0e, 0x2d,
       0x0b, 0xe5, 0x0a, 0xd6, 0x0c, 0x4d, 0x3f, 0x4d, 0x3f, 0xa4, 0x30, 0xc7,
       0x2f, 0x00, 0x00, 0x00, 0x00, 0x00, 0x00, 0x00, 0x00, 0x00, 0x00, 0x00,
       0x00, 0x00, 0x00, 0x00, 0x00, 0x00, 0x00, 0x00, 0x00, 0x00, 0x00, 0x50,
       0xb0, 0x20, 0xe6, 0x20, 0x58, 0xcf, 0x00, 0x00, 0x00, 0x00, 0x00, 0x00,
       0xea, 0x34, 0x0f, 0x00, 0xfc, 0xfd, 0x26, 0xf7, 0x26, 0xf7, 0x26, 0xfd,
       0x26, 0xfd, 0x26, 0xf7, 0x26, 0xf7, 0x26, 0xfd, 0x26, 0x02, 0x27, 0xb7,
       0x3e, 0xfd, 0x26, 0xfd, 0x26, 0xd8, 0x3e, 0x05, 0xc4, 0x00, 0x01, 0x01,
       0x04, 0x00, 0x07, 0x23, 0xc2, 0x00, 0xda, 0x01, 0xc4, 0x00, 0x03, 0x19,
       0xd4, 0x00, 0x70, 0x4f, 0x5c, 0x2f, 0x5f, 0x07, 0x04, 0x11, 0x00, 0x07,
       0x06, 0x00, 0x00, 0x00, 0x00, 0x00, 0xe1, 0x24, 0xc7, 0x28, 0x08, 0xe0,
       0xf0, 0xa3, 0xff, 0x00, 0xcc, 0x01, 0xca, 0x09, 0xce, 0x00, 0x00, 0x00,
       0x00, 0x00, 0x00, 0x00, 0x0c, 0x00, 0xff, 0xda, 0x14, 0xc0, 0x00, 0x00,
       0x01, 0x02, 0x03, 0x04, 0x05, 0x06, 0x07, 0x10, 0x11, 0x12, 0x13, 0x14,
       0x15, 0x16, 0x17, 0x08, 0x00, 0x0f, 0x00, 0x00, 0xb8, 0x03, 0xc4, 0x02,
       0x03, 0x00, 0x03, 0x02, 0xce, 0x05, 0x10, 0x0e, 0x00, 0x20, 0x07, 0x00,
       0x00, 0x00, 0x00, 0x00, 0x00, 0x00, 0x00, 0x00, 0x00, 0x00, 0x00, 0x00,
       0x00, 0x00, 0x00, 0x00, 0x00, 0x00, 0x00, 0x00, 0x00, 0x00, 0x00, 0x00,
       0xea, 0x5b, 0x20, 0x00, 0xfc, 0x07, 0x00, 0x00, 0x00, 0x00, 0x00, 0x00,
       0x00, 0x00, 0xff, 0xff,
     };
