; System BIOS (32 KiB, mapped at 0xF8000-0xFFFFF).
; Reset vector at physical 0xFFFF0 (offset 0x7FF0).
; Reset ljmp targets 0xFC00:0x205B (physical 0xFE05B) within this image.
; Vector table offsets at CS:0x3EF3, 31 entries (offsets; segment = CS).
; File: /home/gatekeeper/.pcem/roms/pc1640/decompiled/system/bios.bin
; Base: 0xF8000

000F8000  db 0xE9, 0xC6, 0x00, 0x28, 0x43, 0x29, 0x20, 0x43, 0x6F, 0x70, 0x79, 0x72, 0x69, 0x67, 0x68, 0x74 ; ...(C) Copyright
000F8010  db 0x20, 0x31, 0x39, 0x38, 0x38, 0x20, 0x41, 0x6D, 0x73, 0x74, 0x72, 0x61, 0x64, 0x20, 0x70, 0x6C ;  1988 Amstrad pl
000F8020  db 0x63, 0x28, 0x28, 0x43, 0x43, 0x29, 0x29, 0x20, 0x20, 0x43, 0x43, 0x6F, 0x6F, 0x70, 0x70, 0x79 ; c((CC))  CCooppy
000F8030  db 0x79, 0x72, 0x72, 0x69, 0x69, 0x67, 0x67, 0x68, 0x68, 0x74, 0x74, 0x20, 0x20, 0x31, 0x31, 0x39 ; yrriigghhtt  119
000F8040  db 0x39, 0x38, 0x38, 0x38, 0x38, 0x20, 0x20, 0x41, 0x41, 0x6D, 0x6D, 0x73, 0x73, 0x74, 0x74, 0x72 ; 98888  AAmmssttr
000F8050  db 0x72, 0x61, 0x61, 0x64, 0x64, 0x20, 0x20, 0x70, 0x70, 0x6C, 0x6C, 0x63, 0x63, 0x60, 0x32, 0xE4 ; raadd  ppllcc`2.
000F8060  db 0x8B, 0xD8, 0x8B, 0xEA, 0xB8, 0x00, 0xB8, 0x8E, 0xD8, 0xC6, 0x07, 0x2E, 0xB4, 0xB0, 0x8E, 0xD8 ; ................
000F8070  db 0xC6, 0x07, 0x2E, 0xD1, 0xCB, 0x43, 0xB9, 0x7E, 0x00, 0xBA, 0xD4, 0x03, 0xEB, 0x05, 0x8B, 0xCF ; .....C.~........
000F8080  db 0xBA, 0xB4, 0x03, 0xB0, 0x0F, 0xEE, 0x8A, 0xC3, 0x42, 0xEE, 0x8B, 0xD5, 0xFF, 0xE1, 0xB9, 0x04 ; ........B.......
000F8090  db 0x10, 0xBA, 0xC2, 0x03, 0x33, 0xC0, 0x80, 0xED, 0x04, 0x8A, 0xC5, 0xEE, 0x8A, 0x07, 0xEC, 0xF6 ; ....3...........
000F80A0  db 0xD0, 0x24, 0x10, 0xD2, 0xE8, 0x0A, 0xE0, 0xFE, 0xC9, 0x75, 0xEB, 0x80, 0xFC, 0x0A, 0x72, 0x03 ; .$.......u....r.
000F80B0  db 0x80, 0xEC, 0x06, 0x8B, 0xDE, 0xBE, 0xD7, 0x2F, 0x80, 0xFC, 0x05, 0x76, 0x03, 0xBE, 0x73, 0x3F ; ......./...v..s?
000F80C0  db 0xFC, 0x8C, 0xC8, 0x8E, 0xD0, 0xBC, 0x59, 0x3F, 0xC3, 0xFA, 0x33, 0xC0, 0xE6, 0xA0, 0xBA, 0xF2 ; ......Y?..3.....
000F80D0  db 0x03, 0xEE, 0x8E, 0xD8, 0x81, 0x3E, 0x72, 0x04, 0x34, 0x12, 0x75, 0x08, 0xFF, 0x06, 0x72, 0x04 ; .....>r.4.u...r.
000F80E0  db 0xE6, 0x66, 0xEB, 0xFE, 0x7C, 0x04, 0xFF, 0x0E, 0x72, 0x04, 0xBA, 0xFC, 0x03, 0xB0, 0x10, 0xEE ; .f..|...r.......
000F80F0  db 0xB0, 0x0D, 0xBB, 0xF8, 0x00, 0xE9, 0x89, 0x0B, 0x75, 0x0C, 0x02, 0xC0, 0x72, 0x28, 0x81, 0x3E ; ........u...r(.>
000F8100  db 0x72, 0x04, 0x34, 0x12, 0x74, 0x20, 0xB8, 0x0B, 0x82, 0xEF, 0xB9, 0x40, 0x00, 0xBB, 0x05, 0x02 ; r.4.t .....@....
000F8110  db 0x33, 0xC0, 0x2E, 0x8A, 0x27, 0x80, 0xFC, 0xFE, 0x74, 0x01, 0xEF, 0xFE, 0xC0, 0x81, 0xFB, 0x2E ; 3...'...t.......
000F8120  db 0x02, 0x74, 0x01, 0x43, 0xE2, 0xEC, 0xB0, 0x23, 0xBB, 0x2E, 0x01, 0xE9, 0x53, 0x0B, 0x8A, 0xE0 ; .t.C...#....S...
000F8130  db 0xB7, 0x00, 0x74, 0x02, 0xB7, 0xFF, 0xBA, 0xDA, 0x03, 0xEC, 0xB2, 0x7A, 0xEC, 0xA8, 0x20, 0x75 ; ..t........z.. u
000F8140  db 0x4E, 0xEC, 0x24, 0xC0, 0xB1, 0x02, 0xD2, 0xC0, 0x8A, 0xD8, 0xFE, 0xCE, 0xEC, 0xFE, 0xC6, 0xEC ; N.$.............
000F8150  db 0x24, 0x20, 0xD2, 0xC8, 0xD0, 0xC8, 0x0A, 0xD8, 0xB6, 0x42, 0xEC, 0xB6, 0x03, 0xEC, 0x24, 0x20 ; $ .......B....$ 
000F8160  db 0xD2, 0xC8, 0x0A, 0xD8, 0x80, 0xE4, 0xC0, 0x0A, 0xE3, 0x24, 0x08, 0x74, 0x07, 0xEC, 0x24, 0xC0 ; .........$.t..$.
000F8170  db 0xD2, 0xC8, 0x0A, 0xE0, 0xB0, 0x23, 0xBA, 0x70, 0x00, 0xEF, 0xB8, 0x28, 0x01, 0xEF, 0x0A, 0xFF ; .....#.p...(....
000F8180  db 0x75, 0x0B, 0xBB, 0x88, 0x01, 0xE9, 0x01, 0x0B, 0x8A, 0xE1, 0xB0, 0x14, 0xEF, 0x2A, 0xC0, 0x8A ; u............*..
000F8190  db 0xE0, 0xBA, 0x79, 0x03, 0xEC, 0x24, 0x07, 0x75, 0x2F, 0x0A, 0xE4, 0x75, 0x12, 0xB8, 0x00, 0xE0 ; ..y..$.u/..u....
000F81A0  db 0x8E, 0xD8, 0x81, 0x3E, 0x00, 0x00, 0x55, 0xAA, 0x75, 0x05, 0xEA, 0x03, 0x00, 0x00, 0xE0, 0xB8 ; ...>..U.u.......
000F81B0  db 0x00, 0xC0, 0x8E, 0xD8, 0x81, 0x3E, 0x00, 0x00, 0x55, 0xAA, 0x75, 0x25, 0x80, 0x3E, 0x02, 0x00 ; .....>..U.u%.>..
000F81C0  db 0x20, 0x74, 0x1E, 0xEA, 0x03, 0x00, 0x00, 0xC0, 0x33, 0xDB, 0xB9, 0x00, 0x40, 0x33, 0xC0, 0x2E ;  t......3...@3..
000F81D0  db 0x02, 0x07, 0x43, 0xE2, 0xFA, 0x0A, 0xC0, 0x75, 0x03, 0xEB, 0x54, 0x90, 0xB0, 0x0D, 0xE9, 0xE0 ; ..C....u..T.....
000F81E0  db 0x15, 0xBB, 0x49, 0x0B, 0x2E, 0x8A, 0x0F, 0x32, 0xED, 0xE3, 0x0F, 0x43, 0x2E, 0x8B, 0x17, 0x43 ; ..I....2...C...C
000F81F0  db 0x43, 0x2E, 0x8A, 0x07, 0xEE, 0x43, 0xE2, 0xF9, 0xEB, 0xEA, 0x32, 0xC0, 0xE6, 0x83, 0xE6, 0x81 ; C....C....2.....
000F8200  db 0xE6, 0x82, 0xE9, 0x15, 0x04, 0x00, 0x00, 0x00, 0x00, 0x00, 0x00, 0x01, 0x01, 0x01, 0x80, 0x20 ; ............... 
000F8210  db 0x02, 0xFE, 0xFE, 0x00, 0x00, 0x01, 0x01, 0x01, 0x78, 0x00, 0x0D, 0x1C, 0x07, 0x22, 0xFF, 0xFF ; ........x...."..
000F8220  db 0xFF, 0xFF, 0x0D, 0x1C, 0x1B, 0x01, 0x0A, 0x0A, 0x20, 0x07, 0x00, 0xE3, 0xE3, 0x00, 0x00, 0xB0 ; ........ .......
000F8230  db 0x28, 0xBB, 0x37, 0x02, 0xE9, 0x4A, 0x0A, 0x0A, 0xC0, 0x74, 0x03, 0xE9, 0xE0, 0x00, 0xBA, 0xD8 ; (.7..J...t......
000F8240  db 0x03, 0xB0, 0x12, 0xEE, 0xB8, 0x00, 0xB8, 0x8E, 0xC0, 0x8E, 0xD8, 0x33, 0xFF, 0xBA, 0xDD, 0x03 ; ...........3....
000F8250  db 0xB8, 0x01, 0x00, 0xEF, 0x33, 0xC9, 0x89, 0x0D, 0x3B, 0x0D, 0x75, 0x13, 0xF7, 0xD1, 0x89, 0x0D ; ....3...;.u.....
000F8260  db 0x3B, 0x0D, 0x75, 0x0B, 0xF7, 0xD1, 0x83, 0xF9, 0x01, 0x13, 0xC9, 0x73, 0xE9, 0xEB, 0x05, 0xB0 ; ;.u........s....
000F8270  db 0x02, 0xE9, 0x4D, 0x15, 0xBE, 0xFF, 0x00, 0x33, 0xC0, 0x8E, 0xD8, 0x81, 0x3E, 0x72, 0x04, 0x34 ; ..M....3....>r.4
000F8280  db 0x12, 0x74, 0x5F, 0x8C, 0xC0, 0x8E, 0xD8, 0xFC, 0xB0, 0x0F, 0xEE, 0x33, 0xFF, 0xB9, 0x00, 0x20 ; .t_........3... 
000F8290  db 0x8B, 0xC6, 0x8A, 0xE0, 0xF3, 0xAB, 0xB9, 0x00, 0x40, 0x33, 0xFF, 0xBB, 0x08, 0x04, 0x8B, 0xC3 ; ........@3......
000F82A0  db 0xFE, 0xCC, 0xEF, 0x8B, 0xC6, 0x32, 0x05, 0x88, 0x25, 0x32, 0x25, 0x0B, 0xC0, 0x75, 0xC0, 0xD0 ; .....2..%2%..u..
000F82B0  db 0xCB, 0xFE, 0xCF, 0x75, 0xE9, 0x47, 0xE2, 0xE3, 0xF7, 0xD6, 0xFD, 0x8B, 0xCF, 0x4F, 0xBB, 0x01 ; ...u.G.......O..
000F82C0  db 0x00, 0x8B, 0xC3, 0xEF, 0x8B, 0xC6, 0x32, 0x05, 0x88, 0x25, 0x32, 0x25, 0x0B, 0xC0, 0x75, 0x9F ; ......2..%2%..u.
000F82D0  db 0xD0, 0xC3, 0xFE, 0xC7, 0x80, 0xFF, 0x04, 0x75, 0xE8, 0x4F, 0xE2, 0xE2, 0xF7, 0xC6, 0xFF, 0x00 ; .......u.O......
000F82E0  db 0x74, 0xA5, 0xBA, 0xDA, 0x03, 0x33, 0xC9, 0xEC, 0x8A, 0xE0, 0xEC, 0x32, 0xC4, 0x24, 0x01, 0x75 ; t....3.....2.$.u
000F82F0  db 0x04, 0xE2, 0xF7, 0xEB, 0x4B, 0x32, 0xDB, 0x33, 0xC9, 0xBE, 0xFE, 0x02, 0xEB, 0x25, 0xB3, 0x08 ; ....K2.3.....%..
000F8300  db 0xB9, 0x60, 0x0C, 0xBE, 0x08, 0x03, 0xEB, 0x1B, 0x81, 0xF9, 0x1C, 0x0B, 0x77, 0x32, 0x32, 0xDB ; .`..........w22.
000F8310  db 0xB9, 0x00, 0x04, 0xBE, 0x18, 0x03, 0xEB, 0x0B, 0x81, 0xF9, 0x96, 0x03, 0x77, 0x22, 0xB0, 0x0F ; ............w"..
000F8320  db 0xE9, 0x9E, 0x14, 0xEC, 0x24, 0x08, 0x8A, 0xF8, 0xEC, 0x24, 0x08, 0x32, 0xF8, 0x8A, 0xF8, 0xF9 ; ....$....$.2....
000F8330  db 0x74, 0x0C, 0x32, 0xC3, 0x75, 0x08, 0x33, 0xC0, 0x8E, 0xD8, 0x89, 0x0F, 0xFF, 0xE6, 0xE2, 0xE8 ; t.2.u.3.........
000F8340  db 0xB0, 0x09, 0xE9, 0x7C, 0x14, 0xB0, 0xA0, 0xBF, 0x4D, 0x03, 0xE9, 0x11, 0xFD, 0xBA, 0x08, 0x00 ; ...|....M.......
000F8350  db 0xB0, 0x04, 0xEE, 0xB9, 0x08, 0x00, 0xBA, 0x00, 0x00, 0xBE, 0x5E, 0x03, 0xEB, 0x13, 0x42, 0xE2 ; ..........^...B.
000F8360  db 0xF8, 0xB9, 0x08, 0x00, 0xBA, 0x07, 0x00, 0xBE, 0x6C, 0x03, 0xEB, 0x05, 0x4A, 0xE2, 0xF8, 0xEB ; ........l...J...
000F8370  db 0x1C, 0xE6, 0x0C, 0x8A, 0xC2, 0x90, 0xEE, 0x90, 0x90, 0xEE, 0x90, 0x90, 0xEC, 0x3A, 0xC2, 0x75 ; .............:.u
000F8380  db 0x07, 0xEC, 0x3A, 0xC2, 0x75, 0x02, 0xFF, 0xE6, 0xB0, 0x04, 0xE9, 0x34, 0x14, 0xB0, 0xA2, 0xBF ; ..:.u......4....
000F8390  db 0x95, 0x03, 0xE9, 0xC9, 0xFC, 0x33, 0xC0, 0x8E, 0xD8, 0x32, 0xC0, 0xE6, 0x61, 0xBA, 0x43, 0x00 ; .....3...2..a.C.
000F83A0  db 0xB0, 0xB0, 0xF8, 0xEE, 0x33, 0xDB, 0xBA, 0x42, 0x00, 0x8A, 0xC3, 0xEE, 0xEB, 0x00, 0xEE, 0x8B ; ....3..B........
000F83B0  db 0x36, 0x00, 0x04, 0xEC, 0x3A, 0xC3, 0x75, 0x3E, 0x90, 0xEC, 0x3A, 0xC3, 0x75, 0x38, 0xF7, 0xD3 ; 6...:.u>..:.u8..
000F83C0  db 0x0B, 0xDB, 0x75, 0xE2, 0xB0, 0x78, 0xE6, 0x43, 0xBA, 0x41, 0x00, 0xB0, 0x7C, 0xF8, 0xEE, 0xB0 ; ..u..x.C.A..|...
000F83D0  db 0x2E, 0x90, 0x90, 0xEE, 0xB9, 0xA0, 0x05, 0x90, 0x90, 0x90, 0xB0, 0x48, 0xE6, 0x43, 0xEB, 0x00 ; ...........H.C..
000F83E0  db 0xEC, 0xEB, 0x00, 0xEC, 0x3C, 0x2E, 0x77, 0x04, 0xE2, 0xF0, 0xEB, 0x0A, 0x81, 0xF9, 0x10, 0x05 ; ....<.w.........
000F83F0  db 0x77, 0x04, 0x89, 0x0F, 0xEB, 0x0B, 0x89, 0x0F, 0xB0, 0x06, 0xE9, 0xC4, 0x13, 0x0F, 0x1D, 0x2D ; w..............-
000F8400  db 0x4D, 0xB0, 0xA4, 0xBF, 0x09, 0x04, 0xE9, 0x55, 0xFC, 0xB0, 0xB0, 0xE6, 0x61, 0xBB, 0xFD, 0x03 ; M......U....a...
000F8410  db 0xB9, 0x04, 0x00, 0xBA, 0x60, 0x00, 0x2E, 0x8A, 0x07, 0xE6, 0x64, 0xEC, 0x2E, 0x3A, 0x07, 0x75 ; ....`.....d..:.u
000F8420  db 0x5F, 0xF6, 0xD0, 0xE6, 0x64, 0xEC, 0xF6, 0xD0, 0x34, 0x8D, 0x2E, 0x3A, 0x07, 0x75, 0x51, 0x43 ; _...d...4..:.uQC
000F8430  db 0xE2, 0xE4, 0xB9, 0x04, 0x00, 0x42, 0x8A, 0xC5, 0xBF, 0x3E, 0x04, 0xEB, 0x48, 0x90, 0x3A, 0xC5 ; .....B...>..H.:.
000F8440  db 0x75, 0x3E, 0xF6, 0xD0, 0xBF, 0x4A, 0x04, 0xEB, 0x3C, 0x90, 0x34, 0x1F, 0x3A, 0xC5, 0x75, 0x30 ; u>...J..<.4.:.u0
000F8450  db 0xB5, 0x10, 0x0A, 0xC0, 0x74, 0xE0, 0xD0, 0xD8, 0x8A, 0xE8, 0x73, 0xDA, 0xB0, 0x31, 0xEE, 0xB0 ; ....t.....s..1..
000F8460  db 0xB0, 0xE6, 0x43, 0xEB, 0x00, 0xE4, 0x62, 0x24, 0x20, 0x75, 0x15, 0x40, 0xE6, 0x42, 0xEB, 0x00 ; ..C...b$ u.@.B..
000F8470  db 0xFE, 0xC8, 0xE6, 0x42, 0xB9, 0x06, 0x00, 0x90, 0xE2, 0xFE, 0xE4, 0x62, 0x24, 0x20, 0x75, 0x1D ; ...B.......b$ u.
000F8480  db 0xB0, 0x07, 0xE9, 0x3C, 0x13, 0xE6, 0x65, 0xB0, 0x30, 0xEE, 0xE4, 0x62, 0xD2, 0xD0, 0x24, 0x10 ; ...<..e.0..b..$.
000F8490  db 0x8A, 0xE0, 0xB0, 0x34, 0xEE, 0xE4, 0x62, 0x24, 0x0F, 0x0A, 0xC4, 0xFF, 0xE7, 0xB0, 0xA6, 0xBF ; ...4..b$........
000F84A0  db 0xA5, 0x04, 0xE9, 0xB9, 0xFB, 0xBA, 0x70, 0x00, 0xB3, 0x7F, 0xBE, 0xAF, 0x04, 0xEB, 0x55, 0xB0 ; ......p.......U.
000F84B0  db 0x00, 0xBD, 0xB7, 0x04, 0xEB, 0x7E, 0x90, 0x8E, 0xC0, 0xB3, 0x7F, 0xBE, 0xC0, 0x04, 0xEB, 0x44 ; .....~.........D
000F84C0  db 0xB0, 0x00, 0xBD, 0xC7, 0x04, 0xEB, 0x6D, 0x8C, 0xC1, 0x3A, 0xC1, 0x74, 0x6D, 0xBD, 0xD2, 0x04 ; ......m..:.tm...
000F84D0  db 0xEB, 0x60, 0x8A, 0xC8, 0x32, 0xED, 0x8A, 0xE5, 0xB0, 0x14, 0xEF, 0xBD, 0xE0, 0x04, 0xEB, 0x52 ; .`..2..........R
000F84E0  db 0x3A, 0xC5, 0x75, 0x56, 0xF6, 0xD0, 0x8A, 0xE0, 0xB0, 0x14, 0xEF, 0xBD, 0xF0, 0x04, 0xEB, 0x42 ; :.uV...........B
000F84F0  db 0xF6, 0xD0, 0x3A, 0xC5, 0x75, 0x44, 0x80, 0xFD, 0x01, 0x12, 0xED, 0x73, 0xD9, 0x8A, 0xE1, 0xB0 ; ..:.uD.....s....
000F8500  db 0x14, 0xEF, 0xEB, 0x3B, 0xB0, 0x0A, 0xBD, 0x0C, 0x05, 0xEB, 0x29, 0x90, 0x8A, 0xF8, 0xBF, 0x0A ; ...;......).....
000F8510  db 0x00, 0x33, 0xC9, 0xB0, 0x0A, 0xBD, 0x1A, 0x05, 0xEB, 0x1A, 0x32, 0xF8, 0x80, 0xE7, 0x80, 0x8A ; .3........2.....
000F8520  db 0xF8, 0x74, 0x06, 0x32, 0xC3, 0x24, 0x80, 0x74, 0x07, 0xE2, 0xE8, 0x4F, 0x75, 0xE5, 0xEB, 0x0A ; .t.2.$.t...Ou...
000F8530  db 0xFF, 0xE6, 0xB0, 0x14, 0xEE, 0x42, 0xEC, 0x4A, 0xFF, 0xE5, 0xB0, 0x08, 0xE9, 0x82, 0x12, 0xBA ; .....B.J........
000F8540  db 0xFB, 0x03, 0xB0, 0x9B, 0xEE, 0xEB, 0x00, 0xBA, 0xF8, 0x03, 0xB0, 0x0C, 0xEE, 0xEB, 0x00, 0x42 ; ...............B
000F8550  db 0x32, 0xC0, 0xEE, 0xEB, 0x00, 0xBA, 0xFB, 0x03, 0xB0, 0x1B, 0xEE, 0xEB, 0x00, 0xBA, 0xF9, 0x03 ; 2...............
000F8560  db 0xB0, 0x00, 0xEE, 0xB9, 0x62, 0x02, 0xE2, 0xFE, 0x42, 0x42, 0xEC, 0xEB, 0x00, 0x90, 0xBA, 0xF8 ; ....b...BB......
000F8570  db 0x03, 0xEC, 0xB3, 0x41, 0xBE, 0x79, 0x05, 0xEB, 0x05, 0xB3, 0x43, 0xBE, 0xC2, 0x05, 0x33, 0xC9 ; ...A.y....C...3.
000F8580  db 0xBA, 0xFD, 0x03, 0xEC, 0x24, 0x20, 0x75, 0x05, 0xE2, 0xF6, 0xEB, 0x31, 0x90, 0xBA, 0xF8, 0x03 ; ....$ u....1....
000F8590  db 0x8A, 0xC3, 0xEE, 0xBA, 0xFD, 0x03, 0xB4, 0x04, 0x33, 0xC9, 0xEB, 0x00, 0xEC, 0x24, 0x01, 0x75 ; ........3....$.u
000F85A0  db 0x08, 0xE2, 0xF9, 0xFE, 0xCC, 0x75, 0xF5, 0xEB, 0x14, 0xBA, 0xF8, 0x03, 0xEC, 0x3A, 0xC3, 0x75 ; .....u.......:.u
000F85B0  db 0x0C, 0xEB, 0x00, 0xBA, 0xFD, 0x03, 0xEC, 0x24, 0x0E, 0x75, 0x02, 0xFF, 0xE6, 0xB0, 0x0B, 0xE9 ; .......$.u......
000F85C0  db 0xFF, 0x11, 0xB0, 0xA8, 0xBF, 0xCA, 0x05, 0xE9, 0x94, 0xFA, 0xBA, 0x7A, 0x03, 0x32, 0xC0, 0xEE ; ...........z.2..
000F85D0  db 0xBA, 0x78, 0x03, 0x32, 0xED, 0x8A, 0xC5, 0xEE, 0x8B, 0x3E, 0x00, 0x04, 0xEC, 0x3A, 0xC5, 0x75 ; .x.2.....>...:.u
000F85E0  db 0x17, 0xF6, 0xD0, 0xEE, 0x8B, 0x3E, 0x00, 0x04, 0xEC, 0xF6, 0xD0, 0x3A, 0xC5, 0x75, 0x09, 0x80 ; .....>.....:.u..
000F85F0  db 0xFD, 0x01, 0x12, 0xED, 0x73, 0xDF, 0xEB, 0x05, 0xB0, 0x0A, 0xE9, 0xC4, 0x11, 0xBA, 0x78, 0x00 ; ....s.........x.
000F8600  db 0x32, 0xC0, 0xEE, 0xEC, 0x0A, 0xC0, 0x75, 0x0D, 0x42, 0x42, 0x32, 0xC0, 0xEE, 0xEC, 0x0A, 0xC0 ; 2.....u.BB2.....
000F8610  db 0x75, 0x03, 0xE9, 0xCC, 0xFB, 0xB0, 0x0C, 0xE9, 0xA7, 0x11, 0xBA, 0x79, 0x03, 0xEC, 0x33, 0xF6 ; u..........y..3.
000F8620  db 0xB2, 0x10, 0x24, 0x07, 0x74, 0x72, 0xB0, 0xAA, 0xBF, 0x2E, 0x06, 0xE9, 0x30, 0xFA, 0x33, 0xDB ; ..$.tr......0.3.
000F8630  db 0xB9, 0x04, 0x00, 0xB8, 0x00, 0x80, 0x8E, 0xD8, 0x89, 0x07, 0x05, 0x00, 0x08, 0xE2, 0xF7, 0xB8 ; ................
000F8640  db 0x00, 0x80, 0xB9, 0x04, 0x00, 0x8E, 0xD8, 0x39, 0x07, 0x75, 0x05, 0x05, 0x00, 0x08, 0xE2, 0xF5 ; .......9.u......
000F8650  db 0xB1, 0x03, 0xD2, 0xCC, 0x8A, 0xD4, 0x33, 0xC0, 0x8E, 0xD8, 0x8A, 0xF2, 0x8B, 0xC8, 0x89, 0x0F ; ......3.........
000F8660  db 0x39, 0x0F, 0x75, 0x1E, 0x8B, 0xC1, 0xF7, 0xD0, 0x89, 0x07, 0x39, 0x07, 0x75, 0x14, 0x83, 0xF9 ; 9.u.......9.u...
000F8670  db 0x01, 0x13, 0xC9, 0x73, 0xE9, 0x8C, 0xD8, 0x05, 0x00, 0x08, 0x8E, 0xD8, 0xFE, 0xCE, 0x75, 0xDE ; ...s..........u.
000F8680  db 0xEB, 0x05, 0xB0, 0x01, 0xE9, 0x3A, 0x11, 0x33, 0xC0, 0x8E, 0xD8, 0x8B, 0x2E, 0x72, 0x04, 0x33 ; .....:.3.....r.3
000F8690  db 0xF6, 0x81, 0xFD, 0x34, 0x12, 0x74, 0x01, 0x4E, 0x8A, 0xF2, 0x33, 0xC0, 0x8E, 0xC0, 0x8E, 0xD8 ; ...4.t.N..3.....
000F86A0  db 0xFC, 0xB9, 0x00, 0x40, 0x33, 0xFF, 0x8B, 0xC6, 0xF3, 0xAB, 0x8C, 0xC0, 0x05, 0x00, 0x08, 0x8E ; ...@3...........
000F86B0  db 0xC0, 0xFE, 0xCE, 0x75, 0xEC, 0x8A, 0xE2, 0xBA, 0x79, 0x03, 0xEC, 0x8A, 0xD4, 0x24, 0x07, 0x74 ; ...u....y....$.t
000F86C0  db 0x0A, 0x81, 0xFD, 0x34, 0x12, 0x87, 0x2E, 0x72, 0x04, 0x75, 0x03, 0xE9, 0x80, 0x00, 0x87, 0x2E ; ...4...r.u......
000F86D0  db 0x72, 0x04, 0x8A, 0xF2, 0x8B, 0xFE, 0xF7, 0xD7, 0x33, 0xC0, 0x8E, 0xD0, 0xB9, 0x00, 0x20, 0x33 ; r.......3..... 3
000F86E0  db 0xE4, 0x90, 0x5D, 0x33, 0xEE, 0x57, 0x58, 0x33, 0xC7, 0x0B, 0xE8, 0x58, 0x33, 0xC6, 0x0B, 0xE8 ; ..]3.WX3...X3...
000F86F0  db 0x57, 0x58, 0x33, 0xC7, 0x0B, 0xC5, 0xE1, 0xEA, 0x0B, 0xC9, 0x75, 0x86, 0x8C, 0xD0, 0x05, 0x00 ; WX3.......u.....
000F8700  db 0x08, 0xFE, 0xCE, 0x75, 0xD5, 0x87, 0xF7, 0x8A, 0xF2, 0x2D, 0x00, 0x08, 0xBB, 0x04, 0x00, 0x8E ; ...u.....-......
000F8710  db 0xD0, 0xBC, 0x02, 0x80, 0xB9, 0x00, 0x20, 0x90, 0x2B, 0xE3, 0x5D, 0x33, 0xEE, 0x57, 0x58, 0x33 ; ...... .+.]3.WX3
000F8720  db 0xC7, 0x0B, 0xE8, 0x2B, 0xE3, 0x58, 0x33, 0xC6, 0x0B, 0xE8, 0x57, 0x58, 0x33, 0xC7, 0x0B, 0xC5 ; ...+.X3...WX3...
000F8730  db 0xE1, 0xE6, 0x0B, 0xC9, 0x75, 0xC4, 0x8C, 0xD0, 0x2D, 0x00, 0x08, 0xFE, 0xCE, 0x75, 0xD0, 0x0B ; ....u...-....u..
000F8740  db 0xF6, 0x75, 0x0B, 0xB0, 0xAC, 0xBF, 0x4B, 0x07, 0xE9, 0x13, 0xF9, 0xE9, 0x4A, 0xFF, 0xB8, 0x30 ; .u....K.....J..0
000F8750  db 0x00, 0x8E, 0xD0, 0xBC, 0x00, 0x01, 0x33, 0xC0, 0x8E, 0xC0, 0x8E, 0xD8, 0x33, 0xC9, 0xE8, 0x3D ; ......3.....3..=
000F8760  db 0x00, 0xE8, 0x3A, 0x00, 0x80, 0xFD, 0x01, 0x12, 0xED, 0x73, 0xF3, 0xFE, 0xC5, 0x33, 0xFF, 0xFC ; ..:......s...3..
000F8770  db 0xB8, 0x92, 0x07, 0xAB, 0x8C, 0xC8, 0xAB, 0xE2, 0xF7, 0xC7, 0x06, 0x20, 0x00, 0x97, 0x07, 0x33 ; ........... ...3
000F8780  db 0xDB, 0xB0, 0xFE, 0xE6, 0x21, 0xFB, 0xE2, 0xFE, 0xFA, 0xB0, 0xFF, 0xE6, 0x21, 0x80, 0xFB, 0x3B ; ....!.......!..;
000F8790  db 0x74, 0x1D, 0xB0, 0x03, 0xE9, 0x2A, 0x10, 0xB3, 0x3B, 0xB0, 0x60, 0xE6, 0x20, 0xCF, 0x8A, 0xC5 ; t....*..;.`. ...
000F87A0  db 0xE6, 0x21, 0x8B, 0x1E, 0x00, 0x04, 0xE4, 0x21, 0x3A, 0xC5, 0x75, 0xE6, 0xF6, 0xD5, 0xC3, 0x8A ; .!.....!:.u.....
000F87B0  db 0xC2, 0x48, 0x48, 0xE6, 0x65, 0xB1, 0x05, 0x98, 0xD3, 0xE0, 0xA3, 0x15, 0x04, 0x05, 0x40, 0x00 ; .HH.e.........@.
000F87C0  db 0xA3, 0x13, 0x04, 0xE8, 0xFE, 0x00, 0xE8, 0x13, 0x01, 0xBE, 0xF3, 0x3E, 0xBF, 0x00, 0x00, 0x1E ; ...........>....
000F87D0  db 0x8C, 0xC8, 0x8E, 0xD8, 0xB9, 0x1F, 0x00, 0xA5, 0xAB, 0xE2, 0xFC, 0x33, 0xC0, 0xB9, 0xC2, 0x01 ; ...........3....
000F87E0  db 0xF3, 0xAB, 0x1F, 0x32, 0xDB, 0xC7, 0x06, 0x60, 0x04, 0xFF, 0xFF, 0x9B, 0xDB, 0xE3, 0x9B, 0xDD ; ...2...`........
000F87F0  db 0x3E, 0x60, 0x04, 0x9B, 0xFF, 0x06, 0x60, 0x04, 0x74, 0x02, 0x43, 0x43, 0xB0, 0x23, 0xE8, 0x75 ; >`....`.t.CC.#.u
000F8800  db 0x04, 0x8A, 0xF8, 0x24, 0x30, 0x74, 0x0A, 0xB8, 0x03, 0x00, 0xCD, 0x10, 0xB8, 0x07, 0x00, 0xCD ; ...$0t..........
000F8810  db 0x10, 0x8A, 0xC7, 0x24, 0x70, 0x0A, 0xC3, 0x0C, 0x0D, 0xE6, 0x64, 0xA2, 0x10, 0x04, 0x24, 0x30 ; ...$p.....d...$0
000F8820  db 0x74, 0x0E, 0x3C, 0x20, 0x77, 0x0A, 0xB0, 0x03, 0x74, 0x02, 0x48, 0x48, 0xB4, 0x00, 0xCD, 0x10 ; t.< w...t.HH....
000F8830  db 0xB0, 0xBC, 0xE6, 0x21, 0xFB, 0xB0, 0x70, 0xE6, 0x61, 0xB0, 0x40, 0xE6, 0x61, 0xB0, 0x80, 0xE6 ; ...!..p.a.@.a...
000F8840  db 0xA0, 0xB4, 0x00, 0xCD, 0x13, 0x73, 0x0D, 0xBA, 0x79, 0x03, 0xEC, 0x24, 0x07, 0x74, 0x4B, 0xB0 ; .....s..y..$.tK.
000F8850  db 0x05, 0xE9, 0x6D, 0x0F, 0x32, 0xD2, 0xB5, 0x0A, 0xE8, 0x4B, 0x25, 0x72, 0xEA, 0xB0, 0x23, 0xE8 ; ..m.2....K%r..#.
000F8860  db 0x14, 0x04, 0x75, 0x06, 0xA8, 0x40, 0x74, 0x32, 0x32, 0xC0, 0x9C, 0xB2, 0x01, 0xB5, 0x0A, 0xE8 ; ..u..@t22.......
000F8870  db 0x34, 0x25, 0x73, 0x0A, 0x9D, 0x75, 0x23, 0x80, 0x26, 0x10, 0x04, 0xBF, 0xEB, 0x17, 0x9D, 0x74 ; 4%s..u#.&......t
000F8880  db 0x19, 0xB0, 0x23, 0xE8, 0xF0, 0x03, 0x0C, 0x40, 0x8A, 0xE0, 0xBA, 0x70, 0x00, 0xB0, 0x23, 0xEF ; ..#....@...p..#.
000F8890  db 0x80, 0x0E, 0x10, 0x04, 0x40, 0xA0, 0x10, 0x04, 0xE6, 0x64, 0xE8, 0xAE, 0x00, 0xE4, 0x21, 0x24 ; ....@....d....!$
000F88A0  db 0xBC, 0xE6, 0x21, 0xE8, 0xBF, 0x1D, 0x33, 0xC9, 0x8E, 0xD9, 0x8E, 0xC1, 0xB0, 0x0A, 0xE2, 0xFE ; ..!...3.........
000F88B0  db 0xFE, 0xC8, 0x75, 0xFA, 0xE8, 0xF2, 0x00, 0xE8, 0x99, 0x01, 0xC7, 0x06, 0x72, 0x04, 0x34, 0x12 ; ..u.........r.4.
000F88C0  db 0xCD, 0x19, 0xEB, 0xF6, 0xFC, 0xB8, 0x1E, 0x00, 0xBF, 0x1A, 0x04, 0xAB, 0xAB, 0xBF, 0x80, 0x04 ; ................
000F88D0  db 0xAB, 0x05, 0x20, 0x00, 0xAB, 0xC3, 0xBC, 0x03, 0x78, 0x03, 0x78, 0x02, 0xB1, 0x42, 0xC7, 0x06 ; .. .....x.x..B..
000F88E0  db 0x00, 0x04, 0xF8, 0x03, 0xBA, 0xFB, 0x02, 0xB0, 0xAA, 0xEE, 0xEB, 0x00, 0xEC, 0x3C, 0xAA, 0x75 ; .............<.u
000F88F0  db 0x12, 0xF6, 0xD0, 0xEE, 0xEB, 0x00, 0xEC, 0x3C, 0x55, 0x75, 0x08, 0xC7, 0x06, 0x02, 0x04, 0xF8 ; .......<Uu......
000F8900  db 0x02, 0x41, 0x41, 0x80, 0xE1, 0xBF, 0xBB, 0x08, 0x04, 0xBF, 0xD6, 0x08, 0x2E, 0x8B, 0x15, 0xB0 ; .AA.............
000F8910  db 0xAA, 0xEE, 0xEC, 0x3C, 0xAA, 0x75, 0x0F, 0xF6, 0xD0, 0xEE, 0xEC, 0x3C, 0x55, 0x75, 0x07, 0x89 ; ...<.u.....<Uu..
000F8920  db 0x17, 0x43, 0x43, 0x80, 0xC1, 0x40, 0x47, 0x47, 0x81, 0xFF, 0xDC, 0x08, 0x72, 0xDE, 0xBA, 0x01 ; .CC..@GG....r...
000F8930  db 0x02, 0xEC, 0x24, 0x0F, 0x75, 0x03, 0x80, 0xC9, 0x08, 0x88, 0x0E, 0x11, 0x04, 0xB8, 0x14, 0x14 ; ..$.u...........
000F8940  db 0xBF, 0x78, 0x04, 0xAB, 0xAB, 0xB8, 0x01, 0x01, 0xAB, 0xAB, 0xC3, 0xB8, 0x00, 0xC0, 0x8E, 0xD8 ; .x..............
000F8950  db 0x05, 0x80, 0x00, 0x81, 0x3E, 0x00, 0x00, 0x55, 0xAA, 0x75, 0x14, 0x1E, 0x0E, 0xE8, 0x15, 0x00 ; ....>..U.u......
000F8960  db 0x1F, 0x8A, 0x36, 0x02, 0x00, 0x32, 0xD2, 0xB1, 0x03, 0xD3, 0xEA, 0x8C, 0xD8, 0x03, 0xC2, 0x3D ; ..6..2.........=
000F8970  db 0x00, 0xF0, 0x72, 0xDA, 0xC3, 0x1E, 0x8A, 0x16, 0x02, 0x00, 0x32, 0xF6, 0xB9, 0x00, 0x02, 0x33 ; ..r.......2....3
000F8980  db 0xDB, 0x02, 0x37, 0x43, 0xE2, 0xFB, 0x8C, 0xD8, 0x05, 0x20, 0x00, 0x8E, 0xD8, 0xFE, 0xCA, 0x75 ; ..7C..... .....u
000F8990  db 0xEB, 0x1F, 0x0A, 0xF6, 0x74, 0x08, 0x33, 0xDB, 0xB0, 0x07, 0xE8, 0xE3, 0x0C, 0xCB, 0x1E, 0xBB ; ....t.3.........
000F89A0  db 0x03, 0x00, 0x53, 0xB8, 0x40, 0x00, 0x8E, 0xC0, 0xCB, 0x8B, 0x16, 0x13, 0x04, 0xB0, 0x00, 0xE8 ; ..S.@...........
000F89B0  db 0xCE, 0x0C, 0xB0, 0x14, 0xE8, 0xBF, 0x02, 0x75, 0x34, 0xA0, 0x10, 0x04, 0x24, 0x30, 0x3C, 0x10 ; .......u4...$0<.
000F89C0  db 0x75, 0x0A, 0xB8, 0x0D, 0x0E, 0xCD, 0x10, 0xB8, 0x0A, 0x0E, 0xCD, 0x10, 0xB4, 0x02, 0xCD, 0x1A ; u...............
000F89D0  db 0x51, 0xB4, 0x04, 0xCD, 0x1A, 0x87, 0xCA, 0x86, 0xE9, 0x5B, 0xB0, 0x01, 0xE8, 0x56, 0x00, 0x81 ; Q........[...V..
000F89E0  db 0x3E, 0x72, 0x04, 0x34, 0x12, 0x75, 0x21, 0xB8, 0x0A, 0x0E, 0xCD, 0x10, 0xC3, 0xB0, 0x03, 0xE8 ; >r.4.u!.........
000F89F0  db 0x8E, 0x0C, 0xB0, 0x0D, 0xE8, 0x7F, 0x02, 0x24, 0x80, 0x75, 0x05, 0xB0, 0x04, 0xE8, 0x80, 0x0C ; .......$.u......
000F8A00  db 0xB3, 0x00, 0xB8, 0x14, 0x01, 0xCD, 0x15, 0xC3, 0xB0, 0x0E, 0xE8, 0x69, 0x02, 0x8A, 0xD8, 0xB0 ; ...........i....
000F8A10  db 0x0F, 0xE8, 0x62, 0x02, 0x8A, 0xF8, 0xB0, 0x13, 0xE8, 0x5B, 0x02, 0x8A, 0xD0, 0xB6, 0x19, 0x3C ; ..b......[.....<
000F8A20  db 0x80, 0x73, 0x02, 0xB6, 0x20, 0xB0, 0x11, 0xE8, 0x4C, 0x02, 0x8A, 0xE8, 0xB0, 0x12, 0xE8, 0x45 ; .s.. ...L......E
000F8A30  db 0x02, 0x8A, 0xC8, 0xB0, 0x02, 0x50, 0x8A, 0xE1, 0x8A, 0xC4, 0xB1, 0x04, 0xD2, 0xC4, 0x25, 0x0F ; .....P........%.
000F8A40  db 0x0F, 0xD5, 0x0A, 0x48, 0x3C, 0x0C, 0x72, 0x02, 0xB0, 0x00, 0x8A, 0xC8, 0x80, 0xE7, 0x7F, 0x58 ; ...H<.r........X
000F8A50  db 0xE9, 0x2D, 0x0C, 0xBA, 0x79, 0x03, 0xEC, 0x24, 0x07, 0x74, 0x6E, 0xB2, 0x05, 0xFA, 0xFF, 0x36 ; .-..y..$.tn....6
000F8A60  db 0x24, 0x00, 0xFF, 0x36, 0x26, 0x00, 0xC7, 0x06, 0x24, 0x00, 0xCA, 0x0A, 0x8C, 0x0E, 0x26, 0x00 ; $..6&...$.....&.
000F8A70  db 0xE4, 0x61, 0x50, 0x24, 0xBF, 0x0C, 0x80, 0xE6, 0x61, 0xB9, 0x10, 0x27, 0xE2, 0xFE, 0x58, 0xE6 ; .aP$....a..'..X.
000F8A80  db 0x61, 0xBB, 0x0A, 0x00, 0xFB, 0x0A, 0xFF, 0x75, 0x06, 0xE2, 0xFA, 0xFE, 0xCB, 0x75, 0xF6, 0xFA ; a......u.....u..
000F8A90  db 0x8F, 0x06, 0x26, 0x00, 0x8F, 0x06, 0x24, 0x00, 0xE8, 0x29, 0xFE, 0xC7, 0x06, 0x17, 0x04, 0x00 ; ..&...$..)......
000F8AA0  db 0x00, 0xFB, 0x80, 0xFF, 0xAA, 0x74, 0x12, 0x8A, 0xC2, 0x0A, 0xC0, 0x74, 0x05, 0xE8, 0xD0, 0x0B ; .....t.....t....
000F8AB0  db 0x32, 0xD2, 0xB8, 0x07, 0x0E, 0xCD, 0x10, 0xEB, 0xA4, 0xB8, 0x0D, 0x0E, 0xCD, 0x10, 0xB9, 0x50 ; 2..............P
000F8AC0  db 0x00, 0xBB, 0x01, 0x00, 0xB8, 0x20, 0x0A, 0xCD, 0x10, 0xC3, 0x50, 0xE4, 0x60, 0x0A, 0xFF, 0xB7 ; ..... ....P.`...
000F8AD0  db 0xFF, 0x75, 0x02, 0x8A, 0xF8, 0xE4, 0x61, 0x0C, 0x80, 0xE6, 0x61, 0x24, 0x7F, 0xE6, 0x61, 0xB0 ; .u....a...a$..a.
000F8AE0  db 0x61, 0xE6, 0x20, 0x58, 0xCF, 0x33, 0xC0, 0x8E, 0xD8, 0x8C, 0x0E, 0x7A, 0x00, 0xC7, 0x06, 0x78 ; a. X.3.....z...x
000F8AF0  db 0x00, 0xC7, 0x2F, 0xB9, 0x0A, 0x00, 0xB4, 0x00, 0xCD, 0x13, 0x51, 0x33, 0xD2, 0xBB, 0x00, 0x7C ; ../.......Q3...|
000F8B00  db 0x8E, 0xC2, 0xB9, 0x01, 0x00, 0xB8, 0x01, 0x02, 0xCD, 0x13, 0x59, 0x73, 0x19, 0xD0, 0xC4, 0x72 ; ..........Ys...r
000F8B10  db 0x1C, 0xF6, 0xC1, 0x01, 0x74, 0x0C, 0x51, 0x33, 0xD2, 0xB9, 0x01, 0x27, 0xB8, 0x01, 0x04, 0xCD ; ....t.Q3...'....
000F8B20  db 0x13, 0x59, 0xE2, 0xD2, 0xEB, 0x07, 0x33, 0xC0, 0x8E, 0xD8, 0x06, 0x53, 0xCB, 0xB0, 0x06, 0xE8 ; .Y....3....S....
000F8B30  db 0x4E, 0x0B, 0x33, 0xC0, 0x8E, 0xC0, 0xE8, 0x8B, 0xFD, 0xB4, 0x00, 0xCD, 0x16, 0xB8, 0x0A, 0x0E ; N.3.............
000F8B40  db 0xCD, 0x10, 0xB8, 0x0D, 0x0E, 0xCD, 0x10, 0xCD, 0x19, 0x01, 0x61, 0x00, 0x80, 0x03, 0x43, 0x00 ; ..........a...C.
000F8B50  db 0x34, 0x74, 0xB0, 0x02, 0x40, 0x00, 0x00, 0x00, 0x02, 0x41, 0x00, 0x12, 0x00, 0x02, 0x42, 0x00 ; 4t..@....A....B.
000F8B60  db 0x01, 0x00, 0x01, 0x0F, 0x00, 0x0F, 0x01, 0x08, 0x00, 0x00, 0x01, 0x0B, 0x00, 0x58, 0x01, 0x0C ; .............X..
000F8B70  db 0x00, 0x00, 0x02, 0x01, 0x00, 0xFF, 0xFF, 0x01, 0x0A, 0x00, 0x00, 0x01, 0x20, 0x00, 0x13, 0x03 ; ............ ...
000F8B80  db 0x21, 0x00, 0x08, 0x09, 0xFF, 0x01, 0xF2, 0x03, 0x00, 0x01, 0xFC, 0x03, 0x00, 0x00, 0x00, 0x00 ; !...............
000F8B90  db 0x00, 0x00, 0x00, 0x00, 0x00, 0x00, 0x00, 0x00, 0x00, 0x00, 0x00, 0x00, 0x00, 0x00, 0x00, 0x00 ; ................
000F8BA0  db 0x8B, 0xE5, 0x58, 0x5B, 0x59, 0x5A, 0x1F, 0x07, 0x5D, 0x5F, 0x5E, 0xCA, 0x02, 0x00, 0xFB, 0x57 ; ..X[YZ..]_^....W
000F8BB0  db 0x55, 0x06, 0x1E, 0x52, 0x51, 0x53, 0x50, 0x33, 0xDB, 0x8E, 0xDB, 0x8B, 0xEC, 0x87, 0x76, 0x10 ; U..RQSP3......v.
000F8BC0  db 0xFF, 0xD6, 0x8B, 0xE5, 0x58, 0x5B, 0x59, 0x5A, 0x1F, 0x07, 0x5D, 0x5F, 0x5E, 0xCF, 0x1E, 0x33 ; ....X[YZ..]_^..3
000F8BD0  db 0xC0, 0x8E, 0xD8, 0xA1, 0x13, 0x04, 0x1F, 0xCF, 0x1E, 0x33, 0xC0, 0x8E, 0xD8, 0xA1, 0x10, 0x04 ; .........3......
000F8BE0  db 0x1F, 0xCF, 0xE8, 0xC9, 0xFF, 0x80, 0xFC, 0x07, 0xF5, 0x72, 0x0C, 0x02, 0xE4, 0x86, 0xDC, 0x32 ; .........r.....2
000F8BF0  db 0xFF, 0x2E, 0xFF, 0x97, 0xFC, 0x0B, 0xF8, 0x9F, 0x88, 0x66, 0x16, 0xC3, 0x0A, 0x0C, 0x2D, 0x0C ; .........f....-.
000F8C00  db 0x61, 0x0C, 0xC7, 0x0C, 0xCC, 0x0C, 0xD1, 0x0C, 0x64, 0x18, 0xFA, 0xBA, 0x78, 0x00, 0xE8, 0x0D ; a.......d...x...
000F8C10  db 0x00, 0x89, 0x46, 0x04, 0x42, 0x42, 0xE8, 0x05, 0x00, 0x89, 0x46, 0x06, 0xFB, 0xC3, 0xEC, 0x8A ; ..F.BB....F.....
000F8C20  db 0xE0, 0xEC, 0x3A, 0xC4, 0x75, 0xF8, 0x98, 0x50, 0x32, 0xC0, 0xEE, 0x58, 0xC3, 0x3C, 0x40, 0x72 ; ..:.u..P2..X.<@r
000F8C30  db 0x05, 0xC6, 0x46, 0x01, 0x01, 0xC3, 0x8A, 0x66, 0x02, 0xBA, 0x70, 0x00, 0xEF, 0x3C, 0x14, 0x72 ; ..F....f..p..<.r
000F8C40  db 0x0C, 0x50, 0xBB, 0x47, 0x0C, 0xEB, 0x42, 0x8A, 0xE1, 0xB0, 0x14, 0xEF, 0x58, 0x3C, 0x0E, 0x72 ; .P.G..B.....X<.r
000F8C50  db 0x09, 0xE8, 0x6D, 0x00, 0x2A, 0xE0, 0xB4, 0x02, 0x75, 0x02, 0x32, 0xE4, 0x88, 0x66, 0x01, 0xFB ; ..m.*...u.2..f..
000F8C60  db 0xC3, 0x3C, 0x40, 0x72, 0x05, 0xC6, 0x46, 0x01, 0x01, 0xC3, 0xE8, 0x09, 0x00, 0x74, 0x02, 0xB4 ; .<@r..F......t..
000F8C70  db 0x02, 0x89, 0x46, 0x00, 0xFB, 0xC3, 0x52, 0x51, 0x53, 0xE8, 0x04, 0x00, 0x5B, 0x59, 0x5A, 0xC3 ; ..F...RQS...[YZ.
000F8C80  db 0x5B, 0xFA, 0xBA, 0x70, 0x00, 0xEE, 0x42, 0xEC, 0x4A, 0x8A, 0xC8, 0x32, 0xE4, 0xB5, 0x3F, 0x8A ; [..p..B.J..2..?.
000F8C90  db 0xC5, 0xEE, 0x42, 0xEC, 0x4A, 0x02, 0xE0, 0xFE, 0xCD, 0x80, 0xFD, 0x14, 0x73, 0xF1, 0x8A, 0xEC ; ..B.J.......s...
000F8CA0  db 0x2A, 0xE8, 0xB0, 0xAA, 0x2A, 0xC5, 0x86, 0xC1, 0x80, 0xEC, 0xAA, 0xFF, 0xE3, 0x52, 0x8A, 0xE0 ; *...*........R..
000F8CB0  db 0xE8, 0x0B, 0x00, 0x86, 0xE0, 0xFE, 0xC0, 0xE8, 0x07, 0x00, 0x86, 0xE0, 0x5A, 0xC3, 0xBA, 0x70 ; ............Z..p
000F8CC0  db 0x00, 0xFA, 0xEE, 0x42, 0xEC, 0x4A, 0xC3, 0xBA, 0xDD, 0x03, 0xEE, 0xC3, 0xBA, 0xDE, 0x03, 0xEE ; ...B.J..........
000F8CD0  db 0xC3, 0xBA, 0xDF, 0x03, 0xEE, 0xC3, 0xE8, 0xD5, 0xFE, 0x80, 0xFC, 0x08, 0x73, 0x0B, 0x02, 0xE4 ; ............s...
000F8CE0  db 0x8A, 0xDC, 0x32, 0xFF, 0x2E, 0xFF, 0xA7, 0xEA, 0x0C, 0xC3, 0xFA, 0x0C, 0x14, 0x0D, 0xDF, 0x0D ; ..2.............
000F8CF0  db 0xB2, 0x0D, 0x39, 0x0E, 0xFE, 0x0D, 0x60, 0x0E, 0x86, 0x0E, 0xFA, 0xA1, 0x6E, 0x04, 0x89, 0x46 ; ..9...`.....n..F
000F8D00  db 0x04, 0xA1, 0x6C, 0x04, 0x89, 0x46, 0x06, 0x32, 0xC0, 0x86, 0x06, 0x70, 0x04, 0x24, 0x01, 0x88 ; ..l..F.2...p.$..
000F8D10  db 0x46, 0x00, 0xFB, 0xC3, 0xFA, 0x89, 0x0E, 0x6E, 0x04, 0x89, 0x16, 0x6C, 0x04, 0xC6, 0x06, 0x70 ; F......n...l...p
000F8D20  db 0x04, 0x00, 0xFB, 0xC3, 0x1E, 0x52, 0x50, 0x33, 0xC0, 0x8E, 0xD8, 0xFB, 0xFE, 0x0E, 0x40, 0x04 ; .....RP3......@.
000F8D30  db 0x75, 0x0B, 0xC6, 0x06, 0x3F, 0x04, 0x00, 0xBA, 0xF2, 0x03, 0xB0, 0x0C, 0xEE, 0xFF, 0x06, 0x6C ; u...?..........l
000F8D40  db 0x04, 0x75, 0x04, 0xFF, 0x06, 0x6E, 0x04, 0x81, 0x3E, 0x6C, 0x04, 0xB0, 0x00, 0x75, 0x14, 0x83 ; .u...n..>l...u..
000F8D50  db 0x3E, 0x6E, 0x04, 0x18, 0x75, 0x0D, 0xC6, 0x06, 0x70, 0x04, 0xFF, 0x33, 0xC0, 0xA3, 0x6C, 0x04 ; >n..u...p..3..l.
000F8D60  db 0xA3, 0x6E, 0x04, 0xF6, 0x06, 0x6C, 0x04, 0xFF, 0x75, 0x03, 0xE8, 0x0F, 0x00, 0xB8, 0x40, 0x00 ; .n...l..u.....@.
000F8D70  db 0x8E, 0xD8, 0xCD, 0x1C, 0xB0, 0x60, 0xE6, 0x20, 0x58, 0x5A, 0x1F, 0xCF, 0x53, 0xBA, 0x70, 0x00 ; .....`. XZ..S.p.
000F8D80  db 0xE8, 0x19, 0x01, 0xB4, 0x02, 0xB3, 0x0E, 0xE8, 0x15, 0x00, 0x80, 0xC4, 0x02, 0xE8, 0x0F, 0x00 ; ................
000F8D90  db 0x80, 0xC4, 0x02, 0xE8, 0x09, 0x00, 0xFE, 0xC4, 0x80, 0xFC, 0x0A, 0x72, 0xF6, 0x5B, 0xC3, 0x8A ; ...........r.[..
000F8DA0  db 0xC4, 0xEE, 0x42, 0xEC, 0x8A, 0xF8, 0x4A, 0x8A, 0xC3, 0xEE, 0x42, 0x8A, 0xC7, 0xEE, 0x4A, 0xFE ; ..B...J...B...J.
000F8DB0  db 0xC3, 0xC3, 0xE8, 0x6E, 0x00, 0x8A, 0x66, 0x06, 0x80, 0xE4, 0x01, 0x80, 0xCC, 0x02, 0x8A, 0xDC ; ...n..f.........
000F8DC0  db 0xB0, 0x0B, 0xEF, 0xB0, 0x04, 0x8A, 0xE5, 0xEF, 0xB0, 0x02, 0x8A, 0xE1, 0xEF, 0xB0, 0x00, 0x8A ; ................
000F8DD0  db 0x66, 0x07, 0xEF, 0xB8, 0x0A, 0x20, 0xEF, 0xB8, 0x0B, 0x7F, 0x22, 0xE3, 0xEF, 0xEB, 0x3A, 0xE8 ; f.... ...."...:.
000F8DE0  db 0xBA, 0x00, 0x72, 0x39, 0xB0, 0x04, 0xE8, 0xD8, 0xFE, 0x88, 0x46, 0x05, 0xB0, 0x02, 0xE8, 0xD0 ; ..r9......F.....
000F8DF0  db 0xFE, 0x88, 0x46, 0x04, 0xB0, 0x00, 0xE8, 0xC8, 0xFE, 0x88, 0x46, 0x07, 0xEB, 0x1E, 0xE8, 0x9B ; ..F.......F.....
000F8E00  db 0x00, 0x72, 0x1A, 0xB0, 0x09, 0x8A, 0xE1, 0xEF, 0xB0, 0x08, 0x8A, 0x66, 0x07, 0xEF, 0xB0, 0x07 ; .r.........f....
000F8E10  db 0x8A, 0x66, 0x06, 0xEF, 0xB0, 0x06, 0x32, 0xE4, 0xEF, 0xE8, 0x60, 0xFF, 0xF8, 0x9F, 0x88, 0x66 ; .f....2...`....f
000F8E20  db 0x16, 0xFB, 0xC3, 0xBA, 0x70, 0x00, 0xB0, 0x0B, 0xE8, 0x96, 0xFE, 0x0C, 0x80, 0x8A, 0xD8, 0x8A ; ....p...........
000F8E30  db 0xE0, 0xB0, 0x0B, 0xEF, 0xB8, 0x0A, 0x70, 0xEF, 0xC3, 0xE8, 0x60, 0x00, 0x72, 0xDF, 0xB0, 0x09 ; ......p...`.r...
000F8E40  db 0xE8, 0x7E, 0xFE, 0xB4, 0x19, 0x3C, 0x80, 0x73, 0x02, 0xB4, 0x20, 0x89, 0x46, 0x04, 0xB0, 0x08 ; .~...<.s.. .F...
000F8E50  db 0xE8, 0x6E, 0xFE, 0x88, 0x46, 0x07, 0xB0, 0x07, 0xE8, 0x66, 0xFE, 0x88, 0x46, 0x06, 0xEB, 0xBC ; .n..F....f..F...
000F8E60  db 0xE8, 0x39, 0x00, 0x72, 0xB8, 0xB0, 0x0B, 0xE8, 0x57, 0xFE, 0x24, 0x20, 0x74, 0x03, 0xF9, 0xEB ; .9.r....W.$ t...
000F8E70  db 0xAC, 0xB0, 0x05, 0x8A, 0xE5, 0xEF, 0xB0, 0x03, 0x8A, 0xE1, 0xEF, 0xB0, 0x01, 0x8A, 0x66, 0x07 ; ..............f.
000F8E80  db 0xEF, 0xBB, 0x20, 0x00, 0xEB, 0x03, 0xBB, 0x00, 0xDF, 0xBA, 0x70, 0x00, 0xB0, 0x0B, 0xE8, 0x30 ; .. .......p....0
000F8E90  db 0xFE, 0x22, 0xC7, 0x0A, 0xC3, 0x8A, 0xE0, 0xB0, 0x0B, 0xEF, 0xEB, 0x80, 0x51, 0xB9, 0x00, 0x00 ; ."..........Q...
000F8EA0  db 0xBA, 0x70, 0x00, 0xFA, 0xB0, 0x0A, 0xEE, 0x42, 0xEC, 0x4A, 0xD0, 0xD0, 0x73, 0x03, 0xE2, 0xF4 ; .p.....B.J..s...
000F8EB0  db 0xF9, 0x59, 0xC3, 0xE8, 0xF8, 0xFC, 0x8B, 0xDA, 0x03, 0xDB, 0x8B, 0x97, 0x08, 0x04, 0x0B, 0xD2 ; .Y..............
000F8EC0  db 0x74, 0x16, 0x80, 0xFC, 0x03, 0x73, 0x0B, 0x02, 0xE4, 0x8A, 0xDC, 0x32, 0xFF, 0x2E, 0xFF, 0xA7 ; t....s.....2....
000F8ED0  db 0xD9, 0x0E, 0x80, 0xEC, 0x02, 0x88, 0x66, 0x01, 0xC3, 0xDF, 0x0E, 0x14, 0x0F, 0x2A, 0x0F, 0x8B ; ......f......*..
000F8EE0  db 0x5E, 0x06, 0x8A, 0x9F, 0x78, 0x04, 0x03, 0xDB, 0x03, 0xDB, 0x42, 0xB9, 0xBE, 0xEC, 0xEC, 0x24 ; ^...x.....B....$
000F8EF0  db 0x80, 0x75, 0x0D, 0xE2, 0xF9, 0x4B, 0x75, 0xF3, 0xE8, 0x30, 0x00, 0x80, 0x4E, 0x01, 0x01, 0xC3 ; .u...Ku..0..N...
000F8F00  db 0x8A, 0x46, 0x00, 0x4A, 0xEE, 0x42, 0x42, 0xB0, 0x0D, 0xEE, 0x50, 0x50, 0x58, 0x58, 0xB0, 0x0C ; .F.J.BB...PPXX..
000F8F10  db 0xEE, 0x4A, 0xEB, 0x17, 0x42, 0x42, 0xB0, 0x08, 0xEE, 0xB0, 0x04, 0xB9, 0x3F, 0xF7, 0xE2, 0xFE ; .J..BB......?...
000F8F20  db 0xFE, 0xC8, 0x75, 0xF7, 0xB0, 0x0C, 0xEE, 0x4A, 0xEB, 0x01, 0x42, 0xEC, 0x24, 0xF8, 0x34, 0x48 ; ..u....J..B.$.4H
000F8F30  db 0x88, 0x46, 0x01, 0xC3, 0xFB, 0x1E, 0x52, 0x51, 0x53, 0x50, 0x33, 0xC0, 0x8E, 0xD8, 0x80, 0x3E ; .F....RQSP3....>
000F8F40  db 0x00, 0x05, 0x01, 0x74, 0x53, 0xC6, 0x06, 0x00, 0x05, 0x01, 0xB4, 0x0F, 0xCD, 0x10, 0x8A, 0xDC ; ...tS...........
000F8F50  db 0xB4, 0x03, 0xCD, 0x10, 0x52, 0x32, 0xF6, 0xB0, 0x0D, 0xE8, 0x42, 0x00, 0x75, 0x30, 0xB0, 0x0A ; ....R2....B.u0..
000F8F60  db 0xE8, 0x3B, 0x00, 0x75, 0x29, 0x32, 0xD2, 0xB4, 0x02, 0xCD, 0x10, 0xB4, 0x08, 0xCD, 0x10, 0x0A ; .;.u)2..........
000F8F70  db 0xC0, 0x75, 0x02, 0xB0, 0x20, 0xE8, 0x26, 0x00, 0x75, 0x14, 0xFE, 0xC2, 0x3A, 0xD3, 0x72, 0xE7 ; .u.. .&.u...:.r.
000F8F80  db 0xFE, 0xC6, 0x80, 0xFE, 0x19, 0x72, 0xD0, 0xC6, 0x06, 0x00, 0x05, 0x00, 0xEB, 0x05, 0xC6, 0x06 ; .....r..........
000F8F90  db 0x00, 0x05, 0xFF, 0x5A, 0xB4, 0x02, 0xCD, 0x10, 0x58, 0x5B, 0x59, 0x5A, 0x1F, 0xCF, 0x8B, 0xCA ; ...Z....X[YZ....
000F8FA0  db 0x33, 0xD2, 0xB4, 0x00, 0xCD, 0x17, 0xF6, 0xC4, 0x01, 0x8B, 0xD1, 0xC3, 0xE8, 0xFF, 0xFB, 0x8B ; 3...............
000F8FB0  db 0xDA, 0x03, 0xDB, 0x8B, 0x97, 0x00, 0x04, 0x0B, 0xD2, 0x74, 0x16, 0x80, 0xFC, 0x04, 0x73, 0x0B ; .........t....s.
000F8FC0  db 0x02, 0xE4, 0x8A, 0xDC, 0x32, 0xFF, 0x2E, 0xFF, 0xA7, 0xD2, 0x0F, 0x80, 0xEC, 0x03, 0x88, 0x66 ; ....2..........f
000F8FD0  db 0x01, 0xC3, 0xDA, 0x0F, 0x47, 0x10, 0x89, 0x10, 0x2A, 0x10, 0x24, 0x1F, 0x8A, 0xC8, 0x0C, 0x80 ; ....G...*.$.....
000F8FE0  db 0x83, 0xC2, 0x03, 0xEE, 0x8A, 0x46, 0x00, 0x24, 0xE0, 0xD0, 0xC0, 0xD0, 0xC0, 0xD0, 0xC0, 0x32 ; .....F.$.......2
000F8FF0  db 0xE4, 0x03, 0xC0, 0x8B, 0xD8, 0x2E, 0x8A, 0x87, 0x37, 0x10, 0x83, 0xEA, 0x03, 0xEE, 0x42, 0x2E ; ........7.....B.
000F9000  db 0x8A, 0x87, 0x38, 0x10, 0xEE, 0xEB, 0x00, 0x42, 0x42, 0x8A, 0xC1, 0xEE, 0x42, 0xE8, 0xC6, 0x00 ; ..8....BB...B...
000F9010  db 0x73, 0x05, 0xB0, 0x02, 0xEE, 0xEB, 0x00, 0x42, 0xEC, 0xEB, 0x00, 0x42, 0xEC, 0xEB, 0x00, 0x83 ; s......B...B....
000F9020  db 0xEA, 0x06, 0xEC, 0xEB, 0x00, 0x42, 0x32, 0xC0, 0xEE, 0x4A, 0x83, 0xC2, 0x06, 0xEC, 0x88, 0x46 ; .....B2..J.....F
000F9030  db 0x00, 0x4A, 0xEC, 0x88, 0x46, 0x01, 0xC3, 0x17, 0x04, 0x00, 0x03, 0x80, 0x01, 0xC0, 0x00, 0x60 ; .J..F..........`
000F9040  db 0x00, 0x30, 0x00, 0x18, 0x00, 0x0C, 0x00, 0x83, 0xC2, 0x04, 0xE8, 0x89, 0x00, 0xB8, 0x02, 0x10 ; .0..............
000F9050  db 0x72, 0x03, 0x0D, 0x01, 0x20, 0xEE, 0x42, 0x42, 0xE8, 0x86, 0x00, 0xEC, 0x22, 0xC4, 0x3A, 0xC4 ; r... .BB....".:.
000F9060  db 0x74, 0x07, 0xE2, 0xF7, 0x4B, 0x75, 0xF4, 0xEB, 0x0D, 0x4A, 0xEC, 0x24, 0x20, 0x90, 0x75, 0x0E ; t...Ku...J.$ .u.
000F9070  db 0xE2, 0xF8, 0x4B, 0x75, 0xF5, 0x42, 0xE8, 0xB9, 0xFF, 0x80, 0x4E, 0x01, 0x80, 0xC3, 0x8A, 0x46 ; ..Ku.B....N....F
000F9080  db 0x00, 0x52, 0x83, 0xEA, 0x05, 0xEE, 0x5A, 0xEB, 0xA9, 0x83, 0xC2, 0x04, 0xEC, 0xEB, 0x00, 0x0C ; .R....Z.........
000F9090  db 0x01, 0xEE, 0x42, 0x42, 0xE8, 0x4A, 0x00, 0xEC, 0x24, 0x20, 0x90, 0x75, 0x07, 0xE2, 0xF8, 0x4B ; ..BB.J..$ .u...K
000F90A0  db 0x75, 0xF5, 0xEB, 0x0D, 0x4A, 0xEC, 0x24, 0x01, 0x90, 0x75, 0x0E, 0xE2, 0xF8, 0x4B, 0x75, 0xF5 ; u...J.$..u...Ku.
000F90B0  db 0x42, 0xE8, 0x7E, 0xFF, 0x80, 0x4E, 0x01, 0x80, 0xC3, 0x4A, 0xE8, 0x19, 0x00, 0x73, 0x05, 0xB0 ; B.~..N...J...s..
000F90C0  db 0x02, 0xEE, 0xEB, 0x00, 0x83, 0xEA, 0x04, 0xEC, 0x88, 0x46, 0x00, 0x83, 0xC2, 0x05, 0xE8, 0x61 ; .........F.....a
000F90D0  db 0xFF, 0x80, 0x66, 0x01, 0x1E, 0xC3, 0x52, 0xB0, 0x23, 0xE8, 0xE2, 0xFB, 0xFB, 0x5A, 0xD0, 0xD0 ; ..f...R.#....Z..
000F90E0  db 0xC3, 0x8B, 0x5E, 0x06, 0x8A, 0x9F, 0x7C, 0x04, 0x32, 0xFF, 0x8B, 0xCB, 0xD1, 0xE3, 0x03, 0xD9 ; ..^...|.2.......
000F90F0  db 0x33, 0xC9, 0xC3, 0x00, 0x00, 0x00, 0x00, 0x00, 0x00, 0x00, 0x00, 0x00, 0x00, 0x00, 0x00, 0x00 ; 3...............
000F9100  db 0xE8, 0xAB, 0xFA, 0x80, 0xFC, 0x03, 0x72, 0x07, 0x80, 0xEC, 0x02, 0x88, 0x66, 0x01, 0xC3, 0x8A ; ......r.....f...
000F9110  db 0xDC, 0x32, 0xFF, 0x03, 0xDB, 0x2E, 0xFF, 0xA7, 0x1A, 0x11, 0x20, 0x11, 0x38, 0x11, 0x56, 0x11 ; .2........ .8.V.
000F9120  db 0xFB, 0xE8, 0x1B, 0x00, 0x74, 0xFA, 0x43, 0x43, 0x3B, 0x1E, 0x82, 0x04, 0x72, 0x04, 0x8B, 0x1E ; ....t.CC;...r...
000F9130  db 0x80, 0x04, 0x89, 0x1E, 0x1A, 0x04, 0xFB, 0xC3, 0xE8, 0x04, 0x00, 0xFB, 0xE9, 0x61, 0xFA, 0xFA ; .............a..
000F9140  db 0x8B, 0x1E, 0x1A, 0x04, 0x3B, 0x1E, 0x1C, 0x04, 0x74, 0x0B, 0xB8, 0x40, 0x00, 0x8E, 0xC0, 0x26 ; ....;...t..@...&
000F9150  db 0x8B, 0x07, 0x89, 0x46, 0x00, 0xC3, 0xA0, 0x17, 0x04, 0x32, 0xE4, 0x89, 0x46, 0x00, 0xC3, 0x1E ; ...F.....2..F...
000F9160  db 0x52, 0x51, 0x53, 0x50, 0xE4, 0x60, 0x8A, 0xE0, 0xE4, 0x61, 0x0C, 0x80, 0xE6, 0x61, 0x24, 0x7F ; RQSP.`...a...a$.
000F9170  db 0xE6, 0x61, 0x8A, 0xD4, 0x33, 0xC0, 0x8E, 0xD8, 0xE8, 0x0A, 0x00, 0xB0, 0x61, 0xE6, 0x20, 0x58 ; .a..3.......a. X
000F9180  db 0x5B, 0x59, 0x5A, 0x1F, 0xCF, 0x8A, 0xC2, 0x24, 0x7F, 0x3C, 0x54, 0x72, 0x4F, 0xF6, 0xC2, 0x80 ; [YZ....$.<TrO...
000F9190  db 0x75, 0x07, 0xF6, 0x06, 0x18, 0x04, 0x08, 0x75, 0x11, 0xBB, 0xC1, 0x13, 0xB9, 0x0A, 0x00, 0x90 ; u......u........
000F91A0  db 0x2E, 0x3A, 0x07, 0x74, 0x0B, 0x43, 0x43, 0x43, 0xE2, 0xF6, 0x80, 0x26, 0x18, 0x04, 0xF7, 0xC3 ; .:.t.CCC...&....
000F91B0  db 0x2E, 0x8B, 0x47, 0x01, 0xF6, 0xC4, 0xFF, 0x75, 0x05, 0xE8, 0xF1, 0xFA, 0xEB, 0x0A, 0x8A, 0xDA ; ..G....u........
000F91C0  db 0x80, 0xE3, 0x7F, 0x80, 0xFB, 0x7D, 0x73, 0x08, 0xF6, 0xC2, 0x80, 0x75, 0xE2, 0xE9, 0x84, 0x00 ; .....}s....u....
000F91D0  db 0x80, 0xE2, 0x80, 0x0A, 0xC2, 0xCD, 0x06, 0x73, 0xD6, 0xEB, 0x79, 0x90, 0x8A, 0xD8, 0xA0, 0x17 ; .......s..y.....
000F91E0  db 0x04, 0x8A, 0xC8, 0x24, 0xBF, 0xA8, 0x03, 0x74, 0x05, 0x80, 0xF1, 0x40, 0x34, 0x60, 0x80, 0xFB ; ...$...t...@4`..
000F91F0  db 0x47, 0x72, 0x04, 0x24, 0x2C, 0xEB, 0x02, 0x24, 0x4C, 0x74, 0x12, 0x8A, 0xE0, 0xB0, 0x02, 0xF6 ; Gr.$,..$Lt......
000F9200  db 0xC4, 0x08, 0x75, 0x09, 0xD0, 0xE0, 0xF6, 0xC4, 0x04, 0x75, 0x02, 0x40, 0x40, 0x32, 0xFF, 0x03 ; ..u......u.@@2..
000F9210  db 0xDB, 0x03, 0xDB, 0x03, 0xDB, 0x32, 0xE4, 0x03, 0xD8, 0x2E, 0x8B, 0x9F, 0xDF, 0x13, 0x80, 0xFF ; .....2..........
000F9220  db 0xF0, 0x72, 0x0C, 0x8A, 0xE7, 0x32, 0xFF, 0xF6, 0xC2, 0x80, 0x2E, 0xFF, 0xA7, 0xA5, 0x13, 0xF6 ; .r...2..........
000F9230  db 0xC2, 0x80, 0x75, 0x1F, 0x8B, 0xC3, 0xF6, 0x06, 0x18, 0x04, 0x08, 0x75, 0x11, 0xF6, 0xC1, 0x40 ; ..u........u...@
000F9240  db 0x74, 0x12, 0x3C, 0x61, 0x72, 0x0E, 0x3C, 0x7A, 0x77, 0x0A, 0x2C, 0x20, 0xEB, 0x06, 0x80, 0x26 ; t.<ar.<zw., ...&
000F9250  db 0x18, 0x04, 0xF7, 0xC3, 0x40, 0x74, 0x2C, 0x48, 0x8B, 0x1E, 0x1C, 0x04, 0x53, 0x43, 0x43, 0x3B ; ....@t,H....SCC;
000F9260  db 0x1E, 0x82, 0x04, 0x72, 0x04, 0x8B, 0x1E, 0x80, 0x04, 0x3B, 0x1E, 0x1A, 0x04, 0x74, 0x10, 0x89 ; ...r.....;...t..
000F9270  db 0x1E, 0x1C, 0x04, 0x5B, 0x06, 0xB9, 0x40, 0x00, 0x8E, 0xC1, 0x26, 0x89, 0x07, 0x07, 0xC3, 0x5B ; ...[..@...&....[
000F9280  db 0xE9, 0xA3, 0x1E, 0xC6, 0x06, 0x19, 0x04, 0x00, 0xC3, 0x75, 0x1C, 0xF6, 0x06, 0x18, 0x04, 0x08 ; .........u......
000F9290  db 0x75, 0x76, 0xA0, 0x19, 0x04, 0x02, 0xC0, 0x8A, 0xD8, 0x02, 0xC0, 0x02, 0xC0, 0x02, 0xC3, 0x80 ; uv..............
000F92A0  db 0xE4, 0x0F, 0x02, 0xC4, 0xA2, 0x19, 0x04, 0xC3, 0x75, 0xFD, 0xF6, 0x06, 0x18, 0x04, 0x08, 0x75 ; ........u......u
000F92B0  db 0x57, 0xA1, 0x80, 0x04, 0xA3, 0x1C, 0x04, 0xA3, 0x1A, 0x04, 0xC6, 0x06, 0x71, 0x04, 0x80, 0x1E ; W...........q...
000F92C0  db 0xB8, 0x40, 0x00, 0x8E, 0xD8, 0xCD, 0x1B, 0x1F, 0xB8, 0x00, 0x00, 0xEB, 0x87, 0x75, 0x5F, 0xF6 ; .@...........u_.
000F92D0  db 0x06, 0x17, 0x04, 0x04, 0x74, 0x58, 0x33, 0xC0, 0x8E, 0xD8, 0xC7, 0x06, 0x72, 0x04, 0x34, 0x12 ; ....tX3.....r.4.
000F92E0  db 0xE9, 0xE6, 0xED, 0x75, 0x49, 0xF6, 0x06, 0x18, 0x04, 0x08, 0x75, 0x1C, 0xE8, 0x02, 0x00, 0xCD ; ...uI.....u.....
000F92F0  db 0x05, 0x80, 0x3E, 0x49, 0x04, 0x07, 0x74, 0x0B, 0x8B, 0x16, 0x63, 0x04, 0x83, 0xC2, 0x04, 0xA0 ; ..>I..t...c.....
000F9300  db 0x65, 0x04, 0xEE, 0xB0, 0x61, 0xE6, 0x20, 0xC3, 0x80, 0x26, 0x18, 0x04, 0xF7, 0xC3, 0x75, 0x49 ; e...a. ..&....uI
000F9310  db 0xE8, 0x46, 0x00, 0xF6, 0x06, 0x18, 0x04, 0x08, 0x75, 0x14, 0x80, 0x0E, 0x18, 0x04, 0x08, 0xE8 ; .F......u.......
000F9320  db 0xCF, 0xFF, 0xFB, 0xF6, 0x06, 0x18, 0x04, 0x08, 0x75, 0xF9, 0x58, 0xE9, 0x51, 0xFE, 0xC3, 0xA8 ; ........u.X.Q...
000F9330  db 0x80, 0x75, 0x08, 0x02, 0xC0, 0x04, 0x1D, 0xE8, 0x73, 0xF9, 0xF9, 0xCA, 0x02, 0x00, 0xB4, 0x80 ; .u......s.......
000F9340  db 0x75, 0x19, 0x84, 0x26, 0x18, 0x04, 0x75, 0x5C, 0xE8, 0x10, 0x00, 0xB8, 0x00, 0x52, 0xE9, 0x03 ; u..&..u\.....R..
000F9350  db 0xFF, 0xB4, 0x10, 0xEB, 0x06, 0xB4, 0x40, 0xEB, 0x02, 0xB4, 0x20, 0x75, 0x0F, 0x84, 0x26, 0x18 ; ......@... u..&.
000F9360  db 0x04, 0x75, 0x08, 0x08, 0x26, 0x18, 0x04, 0x30, 0x26, 0x17, 0x04, 0xC3, 0xF6, 0xD4, 0x20, 0x26 ; .u..&..0&..... &
000F9370  db 0x18, 0x04, 0xC3, 0x9C, 0xB4, 0x08, 0xE8, 0x1E, 0x00, 0xA0, 0x19, 0x04, 0xC6, 0x06, 0x19, 0x04 ; ................
000F9380  db 0x00, 0x9D, 0x74, 0xAA, 0x0A, 0xC0, 0x74, 0xA6, 0x32, 0xE4, 0xE9, 0xC7, 0xFE, 0xB4, 0x04, 0xEB ; ..t...t.2.......
000F9390  db 0x06, 0xB4, 0x02, 0xEB, 0x02, 0xB4, 0x01, 0x75, 0x05, 0x08, 0x26, 0x17, 0x04, 0xC3, 0xF6, 0xD4 ; .......u..&.....
000F93A0  db 0x20, 0x26, 0x17, 0x04, 0xC3, 0x89, 0x12, 0x0E, 0x13, 0xA8, 0x12, 0xCD, 0x12, 0xE3, 0x12, 0x3E ;  &.............>
000F93B0  db 0x13, 0x51, 0x13, 0x55, 0x13, 0x59, 0x13, 0x91, 0x13, 0x95, 0x13, 0x73, 0x13, 0x8D, 0x13, 0x83 ; .Q.U.Y.....s....
000F93C0  db 0x12, 0x74, 0x15, 0x00, 0x70, 0x17, 0x00, 0x77, 0x1B, 0x00, 0x78, 0x19, 0x00, 0x79, 0x00, 0x4D ; .t..p..w..x..y.M
000F93D0  db 0x7A, 0x00, 0x4B, 0x7B, 0x00, 0x50, 0x7C, 0x00, 0x48, 0x7E, 0x00, 0x01, 0x7D, 0x01, 0x01, 0x1A ; z.K{.P|.H~..}...
000F93E0  db 0xF0, 0x1A, 0xF0, 0x1A, 0xF0, 0x1A, 0xF0, 0x1B, 0x01, 0x1A, 0xF0, 0x1B, 0x01, 0x1B, 0x01, 0x31 ; ...............1
000F93F0  db 0x02, 0x00, 0x78, 0x1A, 0xF0, 0x21, 0x02, 0x32, 0x03, 0x00, 0x79, 0x00, 0x03, 0x40, 0x03, 0x33 ; ..x..!.2..y..@.3
000F9400  db 0x04, 0x00, 0x7A, 0x1A, 0xF0, 0x23, 0x04, 0x34, 0x05, 0x00, 0x7B, 0x1A, 0xF0, 0x24, 0x05, 0x35 ; ..z..#.4..{..$.5
000F9410  db 0x06, 0x00, 0x7C, 0x1A, 0xF0, 0x25, 0x06, 0x36, 0x07, 0x00, 0x7D, 0x1E, 0x07, 0x5E, 0x07, 0x37 ; ..|..%.6..}..^.7
000F9420  db 0x08, 0x00, 0x7E, 0x1A, 0xF0, 0x26, 0x08, 0x38, 0x09, 0x00, 0x7F, 0x1A, 0xF0, 0x2A, 0x09, 0x39 ; ..~..&.8.....*.9
000F9430  db 0x0A, 0x00, 0x80, 0x1A, 0xF0, 0x28, 0x0A, 0x30, 0x0B, 0x00, 0x81, 0x1A, 0xF0, 0x29, 0x0B, 0x2D ; .....(.0.....).-
000F9440  db 0x0C, 0x00, 0x82, 0x1F, 0x0C, 0x5F, 0x0C, 0x3D, 0x0D, 0x00, 0x83, 0x1A, 0xF0, 0x2B, 0x0D, 0x08 ; ....._.=.....+..
000F9450  db 0x0E, 0x1A, 0xF0, 0x7F, 0x0E, 0x08, 0x0E, 0x09, 0x0F, 0x1A, 0xF0, 0x1A, 0xF0, 0x00, 0x0F, 0x71 ; ...............q
000F9460  db 0x10, 0x00, 0x10, 0x11, 0x10, 0x71, 0x10, 0x77, 0x11, 0x00, 0x11, 0x17, 0x11, 0x77, 0x11, 0x65 ; .....q.w.....w.e
000F9470  db 0x12, 0x00, 0x12, 0x05, 0x12, 0x65, 0x12, 0x72, 0x13, 0x00, 0x13, 0x12, 0x13, 0x72, 0x13, 0x74 ; .....e.r.....r.t
000F9480  db 0x14, 0x00, 0x14, 0x14, 0x14, 0x74, 0x14, 0x79, 0x15, 0x00, 0x15, 0x19, 0x15, 0x79, 0x15, 0x75 ; .....t.y.....y.u
000F9490  db 0x16, 0x00, 0x16, 0x15, 0x16, 0x75, 0x16, 0x69, 0x17, 0x00, 0x17, 0x09, 0x17, 0x69, 0x17, 0x6F ; .....u.i.....i.o
000F94A0  db 0x18, 0x00, 0x18, 0x0F, 0x18, 0x6F, 0x18, 0x70, 0x19, 0x00, 0x19, 0x10, 0x19, 0x70, 0x19, 0x5B ; .....o.p.....p.[
000F94B0  db 0x1A, 0x1A, 0xF0, 0x1B, 0x1A, 0x7B, 0x1A, 0x5D, 0x1B, 0x1A, 0xF0, 0x1D, 0x1B, 0x7D, 0x1B, 0x0D ; .....{.].....}..
000F94C0  db 0x1C, 0x1A, 0xF0, 0x0A, 0x1C, 0x0D, 0x1C, 0x18, 0xF0, 0x18, 0xF0, 0x18, 0xF0, 0x18, 0xF0, 0x61 ; ...............a
000F94D0  db 0x1E, 0x00, 0x1E, 0x01, 0x1E, 0x61, 0x1E, 0x73, 0x1F, 0x00, 0x1F, 0x13, 0x1F, 0x73, 0x1F, 0x64 ; .....a.s.....s.d
000F94E0  db 0x20, 0x00, 0x20, 0x04, 0x20, 0x64, 0x20, 0x66, 0x21, 0x00, 0x21, 0x06, 0x21, 0x66, 0x21, 0x67 ;  . . d f!.!.!f!g
000F94F0  db 0x22, 0x00, 0x22, 0x07, 0x22, 0x67, 0x22, 0x68, 0x23, 0x00, 0x23, 0x08, 0x23, 0x68, 0x23, 0x6A ; "."."g"h#.#.#h#j
000F9500  db 0x24, 0x00, 0x24, 0x0A, 0x24, 0x6A, 0x24, 0x6B, 0x25, 0x00, 0x25, 0x0B, 0x25, 0x6B, 0x25, 0x6C ; $.$.$j$k%.%.%k%l
000F9510  db 0x26, 0x00, 0x26, 0x0C, 0x26, 0x6C, 0x26, 0x3B, 0x27, 0x1A, 0xF0, 0x1A, 0xF0, 0x3A, 0x27, 0x27 ; &.&.&l&;'....:''
000F9520  db 0x28, 0x1A, 0xF0, 0x1A, 0xF0, 0x22, 0x28, 0x60, 0x29, 0x1A, 0xF0, 0x1A, 0xF0, 0x7E, 0x29, 0x12 ; (...."(`)....~).
000F9530  db 0xF0, 0x12, 0xF0, 0x12, 0xF0, 0x12, 0xF0, 0x5C, 0x2B, 0x1A, 0xF0, 0x1C, 0x2B, 0x7C, 0x2B, 0x7A ; .......\+...+|+z
000F9540  db 0x2C, 0x00, 0x2C, 0x1A, 0x2C, 0x7A, 0x2C, 0x78, 0x2D, 0x00, 0x2D, 0x18, 0x2D, 0x78, 0x2D, 0x63 ; ,.,.,z,x-.-.-x-c
000F9550  db 0x2E, 0x00, 0x2E, 0x03, 0x2E, 0x63, 0x2E, 0x76, 0x2F, 0x00, 0x2F, 0x16, 0x2F, 0x76, 0x2F, 0x62 ; .....c.v/././v/b
000F9560  db 0x30, 0x00, 0x30, 0x02, 0x30, 0x62, 0x30, 0x6E, 0x31, 0x00, 0x31, 0x0E, 0x31, 0x6E, 0x31, 0x6D ; 0.0.0b0n1.1.1n1m
000F9570  db 0x32, 0x00, 0x32, 0x0D, 0x32, 0x6D, 0x32, 0x2C, 0x33, 0x1A, 0xF0, 0x1A, 0xF0, 0x3C, 0x33, 0x2E ; 2.2.2m2,3....<3.
000F9580  db 0x34, 0x1A, 0xF0, 0x1A, 0xF0, 0x3E, 0x34, 0x2F, 0x35, 0x1A, 0xF0, 0x1A, 0xF0, 0x3F, 0x35, 0x14 ; 4....>4/5....?5.
000F9590  db 0xF0, 0x14, 0xF0, 0x14, 0xF0, 0x14, 0xF0, 0x2A, 0x37, 0x1A, 0xF0, 0x00, 0x72, 0x08, 0xF0, 0x16 ; .......*7...r...
000F95A0  db 0xF0, 0x16, 0xF0, 0x16, 0xF0, 0x16, 0xF0, 0x20, 0x39, 0x20, 0x39, 0x20, 0x39, 0x20, 0x39, 0x0E ; ....... 9 9 9 9.
000F95B0  db 0xF0, 0x0E, 0xF0, 0x0E, 0xF0, 0x0E, 0xF0, 0x00, 0x3B, 0x00, 0x68, 0x00, 0x5E, 0x00, 0x54, 0x00 ; ........;.h.^.T.
000F95C0  db 0x3C, 0x00, 0x69, 0x00, 0x5F, 0x00, 0x55, 0x00, 0x3D, 0x00, 0x6A, 0x00, 0x60, 0x00, 0x56, 0x00 ; <.i._.U.=.j.`.V.
000F95D0  db 0x3E, 0x00, 0x6B, 0x00, 0x61, 0x00, 0x57, 0x00, 0x3F, 0x00, 0x6C, 0x00, 0x62, 0x00, 0x58, 0x00 ; >.k.a.W.?.l.b.X.
000F95E0  db 0x40, 0x00, 0x6D, 0x00, 0x63, 0x00, 0x59, 0x00, 0x41, 0x00, 0x6E, 0x00, 0x64, 0x00, 0x5A, 0x00 ; @.m.c.Y.A.n.d.Z.
000F95F0  db 0x42, 0x00, 0x6F, 0x00, 0x65, 0x00, 0x5B, 0x00, 0x43, 0x00, 0x70, 0x00, 0x66, 0x00, 0x5C, 0x00 ; B.o.e.[.C.p.f.\.
000F9600  db 0x44, 0x00, 0x71, 0x00, 0x67, 0x00, 0x5D, 0x10, 0xF0, 0x10, 0xF0, 0x02, 0xF0, 0x10, 0xF0, 0x0C ; D.q.g.].........
000F9610  db 0xF0, 0x0C, 0xF0, 0x04, 0xF0, 0x0C, 0xF0, 0x00, 0x47, 0x00, 0xF7, 0x00, 0x77, 0x37, 0x47, 0x00 ; ........G...w7G.
000F9620  db 0x48, 0x00, 0xF8, 0x1A, 0xF0, 0x38, 0x48, 0x00, 0x49, 0x00, 0xF9, 0x00, 0x84, 0x39, 0x49, 0x2D ; H....8H.I....9I-
000F9630  db 0x4A, 0x1A, 0xF0, 0x1A, 0xF0, 0x2D, 0x4A, 0x00, 0x4B, 0x00, 0xF4, 0x00, 0x73, 0x34, 0x4B, 0x1A ; J....-J.K...s4K.
000F9640  db 0xF0, 0x00, 0xF5, 0x1A, 0xF0, 0x35, 0x4C, 0x00, 0x4D, 0x00, 0xF6, 0x00, 0x74, 0x36, 0x4D, 0x2B ; .....5L.M...t6M+
000F9650  db 0x4E, 0x1A, 0xF0, 0x1A, 0xF0, 0x2B, 0x4E, 0x00, 0x4F, 0x00, 0xF1, 0x00, 0x75, 0x31, 0x4F, 0x00 ; N....+N.O...u1O.
000F9660  db 0x50, 0x00, 0xF2, 0x1A, 0xF0, 0x32, 0x50, 0x00, 0x51, 0x00, 0xF3, 0x00, 0x76, 0x33, 0x51, 0x0A ; P....2P.Q...v3Q.
000F9670  db 0xF0, 0x00, 0xF0, 0x1A, 0xF0, 0x30, 0x52, 0x00, 0x53, 0x06, 0xF0, 0x1A, 0xF0, 0x2E, 0x53, 0x00 ; .....0R.S.....S.
000F9680  db 0xE8, 0x1C, 0x01, 0x56, 0x8B, 0xF0, 0xFC, 0x2E, 0xAC, 0x0A, 0xC0, 0x74, 0x07, 0x51, 0xE8, 0x05 ; ...V.......t.Q..
000F9690  db 0x00, 0x59, 0xEB, 0xF3, 0x5E, 0xC3, 0x79, 0x04, 0x24, 0x7F, 0xEB, 0xE4, 0x3C, 0x20, 0x73, 0x26 ; .Y..^.y.$...< s&
000F96A0  db 0x3C, 0x02, 0x75, 0x16, 0x2E, 0xAC, 0x8A, 0xC8, 0x56, 0x32, 0xED, 0xBE, 0xC8, 0x22, 0xE3, 0xD6 ; <.u.....V2..."..
000F96B0  db 0x2E, 0xAC, 0x0A, 0xC0, 0x75, 0xFA, 0xE2, 0xF8, 0xEB, 0xCC, 0x3C, 0x07, 0x74, 0x13, 0x3C, 0x1B ; ....u.....<.t.<.
000F96C0  db 0x75, 0x1B, 0x2E, 0xAC, 0xEB, 0x0B, 0x3C, 0x5C, 0x75, 0x07, 0xB0, 0x0D, 0xE8, 0xC7, 0x00, 0xB0 ; u.....<\u.......
000F96D0  db 0x0A, 0xE8, 0xC2, 0x00, 0x3C, 0x07, 0x75, 0x04, 0x33, 0xC9, 0xE2, 0xFE, 0xC3, 0x3C, 0x0F, 0x75 ; ....<.u.3....<.u
000F96E0  db 0x1C, 0xB0, 0x09, 0x90, 0xE8, 0xB8, 0x00, 0x32, 0xED, 0xE3, 0x98, 0x53, 0x8B, 0xD8, 0x2E, 0x8A ; .......2...S....
000F96F0  db 0x2F, 0x43, 0x0A, 0xED, 0x75, 0xF8, 0xE2, 0xF6, 0x8B, 0xC3, 0x5B, 0xEB, 0x86, 0x3C, 0x15, 0x74 ; /C..u.....[..<.t
000F9700  db 0x22, 0x3C, 0x10, 0x74, 0x4E, 0xB1, 0x03, 0x3C, 0x14, 0x74, 0x64, 0x32, 0xC9, 0x3C, 0x12, 0x8A ; "<.tN..<.td2.<..
000F9710  db 0xC3, 0x74, 0x63, 0x8A, 0xC7, 0x72, 0x5F, 0x8A, 0xC5, 0xEB, 0x5B, 0x10, 0x27, 0xE8, 0x03, 0x64 ; .tc..r_...[.'..d
000F9720  db 0x00, 0x0A, 0x00, 0x56, 0x8B, 0xDA, 0xBE, 0x1B, 0x17, 0xB9, 0x04, 0x00, 0xFC, 0x2E, 0xAD, 0x33 ; ...V...........3
000F9730  db 0xD2, 0x93, 0xF7, 0xF3, 0x8B, 0xDA, 0x0A, 0xC0, 0x74, 0x04, 0xB5, 0x30, 0xEB, 0x04, 0x0A, 0xED ; ........t..0....
000F9740  db 0x74, 0x05, 0x02, 0xC5, 0xE8, 0x4F, 0x00, 0xFE, 0xC9, 0x75, 0xE2, 0x8A, 0xC3, 0x04, 0x30, 0x5E ; t....O...u....0^
000F9750  db 0xEB, 0x44, 0x90, 0x52, 0x8C, 0xDA, 0xB1, 0x04, 0xD3, 0xC2, 0x8A, 0xC2, 0x80, 0xE2, 0xF0, 0x03 ; .D.R............
000F9760  db 0xD3, 0x73, 0x02, 0xFE, 0xC0, 0x32, 0xC9, 0xE8, 0x17, 0x00, 0xE8, 0x02, 0x00, 0x5A, 0xC3, 0x8A ; .s...2.......Z..
000F9770  db 0xC6, 0xE8, 0x02, 0x00, 0x8A, 0xC2, 0x50, 0x51, 0xB1, 0x04, 0xD2, 0xC0, 0x59, 0xE8, 0x01, 0x00 ; ......PQ....Y...
000F9780  db 0x58, 0x24, 0x0F, 0x04, 0x90, 0x27, 0x14, 0x40, 0x27, 0x3C, 0x30, 0x75, 0x07, 0x0A, 0xC9, 0x74 ; X$...'.@'<0u...t
000F9790  db 0x03, 0xFE, 0xC9, 0xC3, 0x32, 0xC9, 0x53, 0xB4, 0x0E, 0x33, 0xDB, 0xCD, 0x10, 0x5B, 0xC3, 0x53 ; ....2.S..3...[.S
000F97A0  db 0x52, 0x32, 0xE4, 0x50, 0xBA, 0x79, 0x03, 0xEC, 0x25, 0x07, 0x00, 0xD1, 0xE0, 0x8B, 0xD8, 0x2E ; R2.P.y..%.......
000F97B0  db 0x8B, 0x9F, 0x2E, 0x27, 0x58, 0x5A, 0xD1, 0xE0, 0x03, 0xD8, 0x2E, 0x8B, 0x07, 0x5B, 0xC3, 0xB0 ; ...'XZ.......[..
000F97C0  db 0x0E, 0xFA, 0x8B, 0xE8, 0xBB, 0xCA, 0x17, 0xE9, 0xE8, 0x19, 0x33, 0xFF, 0xB8, 0x00, 0xB0, 0x8E ; ..........3.....
000F97D0  db 0xC0, 0xBA, 0x79, 0x03, 0xEC, 0x25, 0x07, 0x00, 0xD1, 0xE0, 0x8B, 0xD8, 0x8C, 0xC8, 0x8E, 0xD8 ; ..y..%..........
000F97E0  db 0x8B, 0x9F, 0x2E, 0x27, 0x8B, 0xC5, 0x3C, 0x0F, 0xBA, 0x45, 0x03, 0x74, 0x0C, 0xB0, 0x00, 0xBA ; ...'..<..E.t....
000F97F0  db 0xF4, 0x17, 0xEB, 0x05, 0x8B, 0xC5, 0xBA, 0x62, 0x18, 0x8B, 0x77, 0x10, 0xFC, 0x8B, 0xC8, 0x32 ; .......b..w....2
000F9800  db 0xED, 0xE3, 0x07, 0xAC, 0x0A, 0xC0, 0x75, 0xFB, 0xE2, 0xF9, 0xAC, 0x3C, 0x1B, 0x75, 0x03, 0xAC ; ......u....<.u..
000F9810  db 0xEB, 0x1F, 0x0A, 0xC0, 0x78, 0x26, 0x75, 0x02, 0xFF, 0xE2, 0x3C, 0x02, 0x75, 0x13, 0xAC, 0x8A ; ....x&u...<.u...
000F9820  db 0xE0, 0x8B, 0xCE, 0xBE, 0xC8, 0x22, 0xAC, 0x0A, 0xC0, 0x75, 0xFB, 0xFE, 0xCC, 0x75, 0xF7, 0xEB ; ....."...u...u..
000F9830  db 0x18, 0x26, 0x88, 0x05, 0x81, 0xF7, 0x00, 0x80, 0xAA, 0x47, 0xEB, 0xCE, 0x25, 0x7F, 0x00, 0xD1 ; .&.......G..%...
000F9840  db 0xE0, 0x8B, 0xC8, 0x87, 0xF1, 0x03, 0xF3, 0x8B, 0x34, 0xAC, 0x0A, 0xC0, 0x87, 0xF1, 0x74, 0xBA ; ........4.....t.
000F9850  db 0x87, 0xF1, 0x3C, 0x1B, 0x75, 0x01, 0xAC, 0x26, 0x88, 0x05, 0x81, 0xF7, 0x00, 0x80, 0xAA, 0x47 ; ..<.u..&.......G
000F9860  db 0xEB, 0xE7, 0xEB, 0xFE, 0xC7, 0x46, 0x02, 0x01, 0x03, 0xC3, 0x8A, 0x02, 0x03, 0x00, 0x5C, 0x53 ; .....F........\S
000F9870  db 0x49, 0x44, 0x53, 0x54, 0x20, 0x42, 0x45, 0x4E, 0x59, 0x54, 0x54, 0x45, 0x54, 0x3A, 0x20, 0x8A ; IDST BENYTTET: .
000F9880  db 0x5C, 0x07, 0x00, 0x02, 0x03, 0x5C, 0x49, 0x6E, 0x64, 0x73, 0x74, 0x69, 0x6C, 0x20, 0x44, 0x61 ; \....\Indstil Da
000F9890  db 0x74, 0x6F, 0x20, 0x6F, 0x67, 0x20, 0x4B, 0x6C, 0x6F, 0x6B, 0x6B, 0x65, 0x73, 0x6C, 0x65, 0x74 ; to og Klokkeslet
000F98A0  db 0x5C, 0x4A, 0x75, 0x73, 0x74, 0x65, 0x72, 0x27, 0x20, 0x6F, 0x70, 0x73, 0x74, 0x61, 0x72, 0x74 ; \Juster' opstart
000F98B0  db 0x73, 0x76, 0x1B, 0x91, 0x72, 0x64, 0x69, 0x65, 0x72, 0x6E, 0x65, 0x20, 0x28, 0x4B, 0x75, 0x6E ; sv..rdierne (Kun
000F98C0  db 0x20, 0x68, 0x76, 0x69, 0x73, 0x20, 0x6E, 0x1B, 0x9B, 0x64, 0x76, 0x65, 0x6E, 0x64, 0x69, 0x67 ;  hvis n..dvendig
000F98D0  db 0x74, 0x29, 0x5C, 0x07, 0x07, 0x07, 0x00, 0x4D, 0x6F, 0x6E, 0x74, 0x65, 0x72, 0x20, 0x76, 0x65 ; t)\....Monter ve
000F98E0  db 0x6E, 0x6C, 0x69, 0x67, 0x73, 0x74, 0x20, 0x6E, 0x79, 0x65, 0x20, 0x62, 0x61, 0x74, 0x74, 0x65 ; nligst nye batte
000F98F0  db 0x72, 0x69, 0x65, 0x72, 0x5C, 0x00, 0x5C, 0x43, 0x68, 0x65, 0x63, 0x6B, 0x20, 0x54, 0x61, 0x73 ; rier\.\Check Tas
000F9900  db 0x74, 0x61, 0x74, 0x75, 0x72, 0x65, 0x74, 0x20, 0x6F, 0x67, 0x20, 0x4D, 0x75, 0x73, 0x65, 0x6E ; taturet og Musen
000F9910  db 0x00, 0x5C, 0x49, 0x6E, 0x64, 0x73, 0x1B, 0x91, 0x74, 0x20, 0x76, 0x65, 0x6E, 0x6C, 0x69, 0x67 ; .\Inds..t venlig
000F9920  db 0x73, 0x74, 0x20, 0x65, 0x6E, 0x20, 0x02, 0x16, 0x20, 0x64, 0x69, 0x73, 0x6B, 0x65, 0x74, 0x74 ; st en .. diskett
000F9930  db 0x65, 0x20, 0x69, 0x20, 0x44, 0x52, 0x45, 0x56, 0x20, 0x41, 0x5C, 0x6F, 0x67, 0x20, 0x74, 0x72 ; e i DREV A\og tr
000F9940  db 0x79, 0x6B, 0x20, 0x70, 0x1B, 0x86, 0x20, 0x65, 0x6E, 0x20, 0x74, 0x61, 0x73, 0x74, 0x00, 0x5C ; yk p.. en tast.\
000F9950  db 0x46, 0x45, 0x4A, 0x4C, 0x3A, 0x02, 0x1B, 0x02, 0x1D, 0x3A, 0x5C, 0x52, 0x4F, 0x4D, 0x20, 0x61 ; FEJL:....:\ROM a
000F9960  db 0x64, 0x72, 0x65, 0x73, 0x73, 0x65, 0x20, 0x3D, 0x20, 0x10, 0x5C, 0x00, 0x46, 0x45, 0x4A, 0x4C ; dresse = .\.FEJL
000F9970  db 0x3A, 0x20, 0x00, 0x8B, 0x02, 0x16, 0x20, 0x52, 0x41, 0x4D, 0x00, 0x8B, 0x8D, 0x20, 0x52, 0x41 ; : .... RAM... RA
000F9980  db 0x4D, 0x00, 0x8B, 0x02, 0x20, 0x8C, 0x00, 0x46, 0x65, 0x6A, 0x6C, 0x20, 0x6C, 0x61, 0x67, 0x65 ; M... ..Fejl lage
000F9990  db 0x72, 0x8C, 0x00, 0x8B, 0x02, 0x1C, 0x6B, 0x6F, 0x6E, 0x74, 0x72, 0x6F, 0x6C, 0x20, 0x65, 0x6C ; r.....kontrol el
000F99A0  db 0x6C, 0x65, 0x72, 0x20, 0x02, 0x1C, 0x64, 0x72, 0x65, 0x76, 0x00, 0x8B, 0x02, 0x11, 0x20, 0x02 ; ler ..drev.... .
000F99B0  db 0x12, 0x00, 0x8B, 0x02, 0x16, 0x20, 0x02, 0x14, 0x20, 0x02, 0x15, 0x00, 0x8B, 0x02, 0x17, 0x74 ; ..... .. ......t
000F99C0  db 0x69, 0x64, 0x73, 0x20, 0x75, 0x72, 0x00, 0x8B, 0x8D, 0x8C, 0x00, 0x8B, 0x02, 0x16, 0x20, 0x02 ; ids ur........ .
000F99D0  db 0x18, 0x2D, 0x70, 0x6F, 0x72, 0x74, 0x00, 0x8B, 0x02, 0x16, 0x02, 0x19, 0x2D, 0x70, 0x6F, 0x72 ; .-port......-por
000F99E0  db 0x74, 0x00, 0x8B, 0x02, 0x15, 0x20, 0x74, 0x69, 0x6C, 0x20, 0x6D, 0x75, 0x73, 0x00, 0x43, 0x68 ; t.... til mus.Ch
000F99F0  db 0x65, 0x63, 0x6B, 0x73, 0x75, 0x6D, 0x66, 0x65, 0x6A, 0x6C, 0x20, 0x69, 0x20, 0x02, 0x16, 0x20 ; ecksumfejl i .. 
000F9A00  db 0x52, 0x4F, 0x4D, 0x00, 0x8B, 0x6C, 0x61, 0x67, 0x65, 0x72, 0x20, 0x28, 0x70, 0x61, 0x72, 0x69 ; ROM..lager (pari
000F9A10  db 0x74, 0x65, 0x74, 0x73, 0x20, 0x66, 0x65, 0x6A, 0x6C, 0x29, 0x00, 0x56, 0x65, 0x6E, 0x74, 0x20 ; tets fejl).Vent 
000F9A20  db 0x65, 0x74, 0x20, 0x6F, 0x6A, 0x65, 0x62, 0x6C, 0x69, 0x6B, 0x20, 0x21, 0x00, 0x02, 0x04, 0x00 ; et ojeblik !....
000F9A30  db 0x02, 0x05, 0x00, 0x4D, 0x61, 0x72, 0x74, 0x73, 0x00, 0x02, 0x09, 0x00, 0x4D, 0x61, 0x6A, 0x00 ; ...Marts....Maj.
000F9A40  db 0x02, 0x06, 0x00, 0x02, 0x07, 0x00, 0x02, 0x0A, 0x00, 0x02, 0x0B, 0x00, 0x02, 0x0C, 0x00, 0x02 ; ................
000F9A50  db 0x0D, 0x00, 0x02, 0x0E, 0x00, 0x11, 0x3A, 0x12, 0x20, 0x64, 0x65, 0x6E, 0x20, 0x13, 0x20, 0x0F ; ......:. den . .
000F9A60  db 0x20, 0x14, 0x00, 0x20, 0x6B, 0x6F, 0x6E, 0x74, 0x72, 0x6F, 0x6C, 0x20, 0x65, 0x6E, 0x68, 0x65 ;  .. kontrol enhe
000F9A70  db 0x64, 0x00, 0x46, 0x65, 0x6A, 0x6C, 0x20, 0x69, 0x20, 0x00, 0x73, 0x6B, 0x61, 0x65, 0x72, 0x6D ; d.Fejl i .skaerm
000F9A80  db 0x00, 0x8A, 0x02, 0x03, 0x00, 0x5C, 0x44, 0x65, 0x72, 0x6E, 0x69, 0x65, 0x72, 0x20, 0x61, 0x72 ; .....\Dernier ar
000F9A90  db 0x72, 0x1B, 0x88, 0x74, 0x20, 0x1B, 0x85, 0x20, 0x8A, 0x5C, 0x07, 0x00, 0x02, 0x03, 0x5C, 0x56 ; r..t .. .\....\V
000F9AA0  db 0x65, 0x75, 0x69, 0x6C, 0x6C, 0x65, 0x7A, 0x20, 0x64, 0x6F, 0x6E, 0x6E, 0x65, 0x72, 0x20, 0x6C ; euillez donner l
000F9AB0  db 0x61, 0x20, 0x64, 0x61, 0x74, 0x65, 0x20, 0x65, 0x74, 0x20, 0x6C, 0x27, 0x68, 0x65, 0x75, 0x72 ; a date et l'heur
000F9AC0  db 0x65, 0x5C, 0x53, 0x69, 0x20, 0x6E, 0x1B, 0x82, 0x63, 0x65, 0x73, 0x73, 0x61, 0x69, 0x72, 0x65 ; e\Si n..cessaire
000F9AD0  db 0x20, 0x72, 0x65, 0x64, 0x1B, 0x82, 0x66, 0x69, 0x6E, 0x69, 0x73, 0x73, 0x65, 0x7A, 0x20, 0x6C ;  red..finissez l
000F9AE0  db 0x65, 0x73, 0x20, 0x6F, 0x70, 0x74, 0x69, 0x6F, 0x6E, 0x73, 0x5C, 0x07, 0x07, 0x07, 0x00, 0x56 ; es options\....V
000F9AF0  db 0x65, 0x75, 0x69, 0x6C, 0x6C, 0x65, 0x7A, 0x20, 0x6D, 0x65, 0x74, 0x74, 0x72, 0x65, 0x20, 0x64 ; euillez mettre d
000F9B00  db 0x65, 0x73, 0x20, 0x70, 0x69, 0x6C, 0x65, 0x73, 0x20, 0x6E, 0x65, 0x75, 0x76, 0x65, 0x73, 0x5C ; es piles neuves\
000F9B10  db 0x00, 0x5C, 0x56, 0x1B, 0x82, 0x72, 0x69, 0x66, 0x69, 0x65, 0x7A, 0x20, 0x6C, 0x65, 0x20, 0x63 ; .\V..rifiez le c
000F9B20  db 0x6C, 0x61, 0x76, 0x69, 0x65, 0x72, 0x20, 0x65, 0x74, 0x20, 0x6C, 0x61, 0x20, 0x73, 0x6F, 0x75 ; lavier et la sou
000F9B30  db 0x72, 0x69, 0x73, 0x00, 0x5C, 0x4D, 0x65, 0x74, 0x74, 0x65, 0x7A, 0x20, 0x75, 0x6E, 0x65, 0x20 ; ris.\Mettez une 
000F9B40  db 0x64, 0x69, 0x73, 0x71, 0x75, 0x65, 0x74, 0x74, 0x65, 0x20, 0x53, 0x79, 0x73, 0x74, 0x1B, 0x8A ; disquette Syst..
; string: "me dans le Drive A\Puis tapez une touche quelconque"
000F9B50  db 0x6D, 0x65, 0x20, 0x64, 0x61, 0x6E, 0x73, 0x20, 0x6C, 0x65, 0x20, 0x44, 0x72, 0x69, 0x76, 0x65 ; me dans le Drive
000F9B60  db 0x20, 0x41, 0x5C, 0x50, 0x75, 0x69, 0x73, 0x20, 0x74, 0x61, 0x70, 0x65, 0x7A, 0x20, 0x75, 0x6E ;  A\Puis tapez un
000F9B70  db 0x65, 0x20, 0x74, 0x6F, 0x75, 0x63, 0x68, 0x65, 0x20, 0x71, 0x75, 0x65, 0x6C, 0x63, 0x6F, 0x6E ; e touche quelcon
000F9B80  db 0x71, 0x75, 0x65, 0x00, 0x5C, 0x45, 0x72, 0x72, 0x65, 0x75, 0x72, 0x20, 0x3A, 0x20, 0x74, 0x6F ; que.\Erreur : to
000F9B90  db 0x74, 0x61, 0x6C, 0x20, 0x69, 0x6E, 0x63, 0x6F, 0x72, 0x72, 0x65, 0x63, 0x74, 0x20, 0x64, 0x61 ; tal incorrect da
000F9BA0  db 0x6E, 0x73, 0x20, 0x6C, 0x61, 0x20, 0x52, 0x4F, 0x4D, 0x20, 0x65, 0x78, 0x74, 0x65, 0x72, 0x6E ; ns la ROM extern
000F9BB0  db 0x65, 0x20, 0x3A, 0x5C, 0x61, 0x64, 0x72, 0x65, 0x73, 0x73, 0x65, 0x20, 0x65, 0x6E, 0x20, 0x52 ; e :\adresse en R
000F9BC0  db 0x4F, 0x4D, 0x20, 0x3D, 0x20, 0x10, 0x5C, 0x00, 0x45, 0x72, 0x72, 0x65, 0x75, 0x72, 0x20, 0x3A ; OM = .\.Erreur :
000F9BD0  db 0x20, 0x44, 0x65, 0x66, 0x61, 0x69, 0x6C, 0x6C, 0x61, 0x6E, 0x63, 0x65, 0x20, 0x00, 0x8C, 0x02 ;  Defaillance ...
000F9BE0  db 0x16, 0x45, 0x00, 0x8C, 0x56, 0x44, 0x55, 0x00, 0x8B, 0x64, 0x27, 0x69, 0x6E, 0x74, 0x65, 0x72 ; .E..VDU..d'inter
000F9BF0  db 0x72, 0x75, 0x70, 0x74, 0x69, 0x6F, 0x6E, 0x73, 0x00, 0x8B, 0x44, 0x4D, 0x41, 0x00, 0x8B, 0x6F ; ruptions..DMA..o
000F9C00  db 0x75, 0x20, 0x64, 0x75, 0x20, 0x6C, 0x65, 0x63, 0x74, 0x65, 0x75, 0x72, 0x00, 0x64, 0x75, 0x20 ; u du lecteur.du 
000F9C10  db 0x63, 0x68, 0x72, 0x6F, 0x6E, 0x6F, 0x6D, 0x65, 0x74, 0x72, 0x65, 0x00, 0x64, 0x75, 0x20, 0x72 ; chronometre.du r
000F9C20  db 0x65, 0x67, 0x69, 0x73, 0x74, 0x72, 0x65, 0x20, 0x64, 0x27, 0x65, 0x74, 0x61, 0x74, 0x20, 0x64 ; egistre d'etat d
000F9C30  db 0x75, 0x20, 0x73, 0x79, 0x73, 0x74, 0x65, 0x6D, 0x65, 0x00, 0x64, 0x65, 0x20, 0x6C, 0x27, 0x68 ; u systeme.de l'h
000F9C40  db 0x6F, 0x72, 0x6C, 0x6F, 0x67, 0x65, 0x00, 0x64, 0x75, 0x20, 0x63, 0x6F, 0x6E, 0x74, 0x72, 0x6F ; orloge.du contro
000F9C50  db 0x6C, 0x65, 0x75, 0x72, 0x20, 0x56, 0x44, 0x55, 0x00, 0x8D, 0x64, 0x27, 0x69, 0x6D, 0x70, 0x72 ; leur VDU..d'impr
000F9C60  db 0x69, 0x6D, 0x61, 0x6E, 0x74, 0x65, 0x00, 0x8D, 0x73, 0x65, 0x72, 0x69, 0x65, 0x00, 0x64, 0x65 ; imante..serie.de
000F9C70  db 0x73, 0x20, 0x72, 0x65, 0x67, 0x69, 0x73, 0x74, 0x72, 0x65, 0x73, 0x20, 0x63, 0x6F, 0x6F, 0x72 ; s registres coor
000F9C80  db 0x64, 0x6F, 0x6E, 0x6E, 0x65, 0x65, 0x73, 0x20, 0x73, 0x6F, 0x75, 0x72, 0x69, 0x73, 0x00, 0x64 ; donnees souris.d
000F9C90  db 0x65, 0x73, 0x20, 0x74, 0x6F, 0x74, 0x61, 0x6C, 0x69, 0x73, 0x61, 0x74, 0x69, 0x6F, 0x6E, 0x73 ; es totalisations
000F9CA0  db 0x20, 0x52, 0x4F, 0x53, 0x00, 0x4D, 0x65, 0x6D, 0x6F, 0x69, 0x72, 0x65, 0x20, 0x28, 0x65, 0x72 ;  ROS.Memoire (er
000F9CB0  db 0x72, 0x65, 0x75, 0x72, 0x20, 0x64, 0x65, 0x20, 0x70, 0x61, 0x72, 0x69, 0x74, 0x65, 0x29, 0x00 ; reur de parite).
; string: "Patientez"
000F9CC0  db 0x50, 0x61, 0x74, 0x69, 0x65, 0x6E, 0x74, 0x65, 0x7A, 0x00, 0x4A, 0x61, 0x6E, 0x76, 0x69, 0x65 ; Patientez.Janvie
000F9CD0  db 0x72, 0x00, 0x46, 0x1B, 0x82, 0x76, 0x72, 0x69, 0x65, 0x72, 0x00, 0x4D, 0x61, 0x72, 0x73, 0x00 ; r.F..vrier.Mars.
; string: "Avril"
000F9CE0  db 0x41, 0x76, 0x72, 0x69, 0x6C, 0x00, 0x4D, 0x61, 0x69, 0x00, 0x4A, 0x75, 0x69, 0x6E, 0x00, 0x4A ; Avril.Mai.Juin.J
000F9CF0  db 0x75, 0x69, 0x6C, 0x6C, 0x65, 0x74, 0x00, 0x41, 0x6F, 0x1B, 0x96, 0x74, 0x00, 0x53, 0x65, 0x70 ; uillet.Ao..t.Sep
000F9D00  db 0x74, 0x65, 0x6D, 0x62, 0x72, 0x65, 0x00, 0x4F, 0x63, 0x74, 0x6F, 0x62, 0x72, 0x65, 0x00, 0x4E ; tembre.Octobre.N
000F9D10  db 0x6F, 0x76, 0x65, 0x6D, 0x62, 0x72, 0x65, 0x00, 0x44, 0x1B, 0x82, 0x63, 0x65, 0x6D, 0x62, 0x72 ; ovembre.D..cembr
000F9D20  db 0x65, 0x00, 0x11, 0x3A, 0x12, 0x20, 0x6C, 0x65, 0x20, 0x13, 0x20, 0x0F, 0x20, 0x14, 0x00, 0x64 ; e..:. le . . ..d
000F9D30  db 0x75, 0x20, 0x63, 0x6F, 0x6E, 0x74, 0x72, 0x6F, 0x6C, 0x65, 0x75, 0x72, 0x20, 0x00, 0x64, 0x65 ; u controleur .de
000F9D40  db 0x20, 0x6C, 0x61, 0x20, 0x52, 0x41, 0x4D, 0x20, 0x00, 0x64, 0x65, 0x20, 0x6C, 0x61, 0x20, 0x73 ;  la RAM .de la s
000F9D50  db 0x6F, 0x72, 0x74, 0x69, 0x65, 0x20, 0x00, 0x8A, 0x02, 0x03, 0x00, 0x5C, 0x55, 0x6C, 0x74, 0x69 ; ortie .....\Ulti
000F9D60  db 0x6D, 0x6F, 0x20, 0x75, 0x73, 0x6F, 0x20, 0x61, 0x6C, 0x6C, 0x65, 0x20, 0x8A, 0x5C, 0x07, 0x00 ; mo uso alle .\..
000F9D70  db 0x02, 0x03, 0x5C, 0x41, 0x67, 0x67, 0x69, 0x6F, 0x72, 0x6E, 0x61, 0x72, 0x65, 0x20, 0x6C, 0x61 ; ..\Aggiornare la
000F9D80  db 0x20, 0x64, 0x61, 0x74, 0x61, 0x20, 0x65, 0x20, 0x6C, 0x27, 0x6F, 0x72, 0x61, 0x5C, 0x44, 0x65 ;  data e l'ora\De
000F9D90  db 0x66, 0x69, 0x6E, 0x69, 0x72, 0x65, 0x20, 0x6C, 0x65, 0x20, 0x4F, 0x70, 0x7A, 0x69, 0x6F, 0x6E ; finire le Opzion
000F9DA0  db 0x69, 0x20, 0x55, 0x74, 0x65, 0x6E, 0x74, 0x65, 0x20, 0x28, 0x53, 0x65, 0x20, 0x72, 0x69, 0x63 ; i Utente (Se ric
000F9DB0  db 0x68, 0x69, 0x65, 0x73, 0x74, 0x6F, 0x29, 0x5C, 0x07, 0x07, 0x07, 0x00, 0x42, 0x61, 0x74, 0x74 ; hiesto)\....Batt
000F9DC0  db 0x65, 0x72, 0x69, 0x65, 0x20, 0x64, 0x61, 0x20, 0x73, 0x6F, 0x73, 0x74, 0x69, 0x74, 0x75, 0x69 ; erie da sostitui
000F9DD0  db 0x72, 0x65, 0x5C, 0x00, 0x5C, 0x50, 0x72, 0x6F, 0x76, 0x61, 0x72, 0x65, 0x20, 0x6C, 0x61, 0x20 ; re\.\Provare la 
000F9DE0  db 0x74, 0x61, 0x73, 0x74, 0x69, 0x65, 0x72, 0x61, 0x20, 0x65, 0x20, 0x69, 0x6C, 0x20, 0x6D, 0x6F ; tastiera e il mo
000F9DF0  db 0x75, 0x73, 0x65, 0x00, 0x5C, 0x49, 0x6E, 0x73, 0x65, 0x72, 0x69, 0x72, 0x65, 0x20, 0x75, 0x6E ; use.\Inserire un
000F9E00  db 0x20, 0x64, 0x69, 0x73, 0x63, 0x6F, 0x20, 0x64, 0x69, 0x20, 0x53, 0x49, 0x53, 0x54, 0x45, 0x4D ;  disco di SISTEM
000F9E10  db 0x41, 0x20, 0x6E, 0x65, 0x6C, 0x20, 0x44, 0x72, 0x69, 0x76, 0x65, 0x20, 0x41, 0x5C, 0x50, 0x6F ; A nel Drive A\Po
000F9E20  db 0x69, 0x20, 0x70, 0x72, 0x65, 0x6D, 0x65, 0x72, 0x65, 0x20, 0x75, 0x6E, 0x20, 0x74, 0x61, 0x73 ; i premere un tas
000F9E30  db 0x74, 0x6F, 0x00, 0x5C, 0x45, 0x72, 0x72, 0x6F, 0x72, 0x65, 0x3A, 0x20, 0x73, 0x65, 0x67, 0x6E ; to.\Errore: segn
000F9E40  db 0x61, 0x6C, 0x65, 0x20, 0x65, 0x72, 0x72, 0x61, 0x74, 0x6F, 0x20, 0x64, 0x61, 0x6C, 0x6C, 0x61 ; ale errato dalla
000F9E50  db 0x20, 0x52, 0x4F, 0x4D, 0x20, 0x45, 0x73, 0x74, 0x65, 0x72, 0x6E, 0x61, 0x3A, 0x5C, 0x69, 0x6E ;  ROM Esterna:\in
000F9E60  db 0x64, 0x69, 0x72, 0x69, 0x7A, 0x7A, 0x6F, 0x20, 0x52, 0x4F, 0x4D, 0x20, 0x3D, 0x20, 0x10, 0x5C ; dirizzo ROM = .\
000F9E70  db 0x00, 0x45, 0x72, 0x72, 0x6F, 0x72, 0x65, 0x3A, 0x20, 0x00, 0x52, 0x41, 0x4D, 0x8D, 0x8C, 0x61 ; .Errore: .RAM..a
000F9E80  db 0x00, 0x52, 0x41, 0x4D, 0x20, 0x76, 0x69, 0x64, 0x65, 0x6F, 0x8C, 0x61, 0x00, 0x8B, 0x69, 0x6E ; .RAM video.a..in
000F9E90  db 0x74, 0x65, 0x72, 0x72, 0x75, 0x7A, 0x69, 0x6F, 0x6E, 0x69, 0x8C, 0x6F, 0x00, 0x8B, 0x64, 0x69 ; terruzioni.o..di
000F9EA0  db 0x20, 0x61, 0x63, 0x63, 0x65, 0x73, 0x73, 0x6F, 0x20, 0x64, 0x69, 0x72, 0x65, 0x74, 0x74, 0x6F ;  accesso diretto
000F9EB0  db 0x20, 0x61, 0x6C, 0x6C, 0x61, 0x20, 0x6D, 0x65, 0x6D, 0x6F, 0x72, 0x69, 0x61, 0x8C, 0x6F, 0x00 ;  alla memoria.o.
000F9EC0  db 0x8B, 0x64, 0x65, 0x6C, 0x20, 0x64, 0x69, 0x73, 0x63, 0x6F, 0x20, 0x6F, 0x20, 0x64, 0x72, 0x69 ; .del disco o dri
000F9ED0  db 0x76, 0x65, 0x8C, 0x6F, 0x00, 0x74, 0x65, 0x6D, 0x70, 0x6F, 0x72, 0x69, 0x7A, 0x7A, 0x61, 0x74 ; ve.o.temporizzat
000F9EE0  db 0x6F, 0x72, 0x65, 0x8C, 0x6F, 0x00, 0x72, 0x65, 0x67, 0x69, 0x73, 0x74, 0x72, 0x6F, 0x20, 0x64 ; ore.o.registro d
000F9EF0  db 0x69, 0x20, 0x73, 0x74, 0x61, 0x74, 0x6F, 0x20, 0x64, 0x65, 0x6C, 0x20, 0x53, 0x49, 0x53, 0x54 ; i stato del SIST
000F9F00  db 0x45, 0x4D, 0x41, 0x8C, 0x6F, 0x00, 0x63, 0x6C, 0x6F, 0x63, 0x6B, 0x20, 0x69, 0x6E, 0x20, 0x74 ; EMA.o.clock in t
000F9F10  db 0x65, 0x6D, 0x70, 0x6F, 0x20, 0x72, 0x65, 0x61, 0x6C, 0x65, 0x8C, 0x6F, 0x00, 0x8B, 0x64, 0x65 ; empo reale.o..de
000F9F20  db 0x6C, 0x20, 0x76, 0x69, 0x64, 0x65, 0x6F, 0x8C, 0x6F, 0x00, 0x70, 0x6F, 0x72, 0x74, 0x61, 0x20 ; l video.o.porta 
000F9F30  db 0x73, 0x74, 0x61, 0x6D, 0x70, 0x61, 0x6E, 0x74, 0x65, 0x8D, 0x8C, 0x61, 0x00, 0x70, 0x6F, 0x72 ; stampante..a.por
000F9F40  db 0x74, 0x61, 0x20, 0x73, 0x65, 0x72, 0x69, 0x61, 0x6C, 0x65, 0x8D, 0x8C, 0x61, 0x00, 0x72, 0x65 ; ta seriale..a.re
000F9F50  db 0x67, 0x69, 0x73, 0x74, 0x72, 0x69, 0x20, 0x63, 0x6F, 0x6F, 0x72, 0x64, 0x69, 0x6E, 0x61, 0x74 ; gistri coordinat
000F9F60  db 0x65, 0x20, 0x6D, 0x6F, 0x75, 0x73, 0x65, 0x8C, 0x69, 0x00, 0x76, 0x65, 0x72, 0x69, 0x66, 0x69 ; e mouse.i.verifi
000F9F70  db 0x63, 0x61, 0x20, 0x6C, 0x65, 0x74, 0x74, 0x75, 0x72, 0x61, 0x20, 0x64, 0x65, 0x6C, 0x6C, 0x61 ; ca lettura della
000F9F80  db 0x20, 0x52, 0x4F, 0x53, 0x20, 0x66, 0x61, 0x6C, 0x6C, 0x69, 0x74, 0x61, 0x00, 0x6D, 0x65, 0x6D ;  ROS fallita.mem
000F9F90  db 0x6F, 0x72, 0x69, 0x61, 0x8C, 0x61, 0x20, 0x28, 0x65, 0x72, 0x72, 0x6F, 0x72, 0x65, 0x20, 0x64 ; oria.a (errore d
000F9FA0  db 0x69, 0x20, 0x70, 0x61, 0x72, 0x69, 0x74, 0x61, 0x29, 0x00, 0x50, 0x72, 0x65, 0x67, 0x6F, 0x20 ; i parita).Prego 
000F9FB0  db 0x61, 0x74, 0x74, 0x65, 0x6E, 0x64, 0x65, 0x72, 0x65, 0x00, 0x47, 0x65, 0x6E, 0x6E, 0x61, 0x69 ; attendere.Gennai
000F9FC0  db 0x6F, 0x00, 0x46, 0x65, 0x62, 0x62, 0x72, 0x61, 0x69, 0x6F, 0x00, 0x4D, 0x61, 0x72, 0x7A, 0x6F ; o.Febbraio.Marzo
000F9FD0  db 0x00, 0x02, 0x09, 0x65, 0x00, 0x4D, 0x61, 0x67, 0x67, 0x69, 0x6F, 0x00, 0x47, 0x69, 0x75, 0x67 ; ...e.Maggio.Giug
000F9FE0  db 0x6E, 0x6F, 0x00, 0x4C, 0x75, 0x67, 0x6C, 0x69, 0x6F, 0x00, 0x41, 0x67, 0x6F, 0x73, 0x74, 0x6F ; no.Luglio.Agosto
000F9FF0  db 0x00, 0x53, 0x65, 0x74, 0x74, 0x65, 0x6D, 0x62, 0x72, 0x65, 0x00, 0x4F, 0x74, 0x74, 0x6F, 0x62 ; .Settembre.Ottob
000FA000  db 0x72, 0x65, 0x00, 0x4E, 0x6F, 0x76, 0x65, 0x6D, 0x62, 0x72, 0x65, 0x00, 0x44, 0x69, 0x63, 0x65 ; re.Novembre.Dice
000FA010  db 0x6D, 0x62, 0x72, 0x65, 0x00, 0x11, 0x3A, 0x12, 0x20, 0x64, 0x65, 0x6C, 0x20, 0x13, 0x20, 0x0F ; mbre..:. del . .
000FA020  db 0x20, 0x14, 0x00, 0x63, 0x6F, 0x6E, 0x74, 0x72, 0x6F, 0x6C, 0x6C, 0x6F, 0x72, 0x65, 0x20, 0x00 ;  ..controllore .
; string: " difettos"
000FA030  db 0x20, 0x64, 0x69, 0x66, 0x65, 0x74, 0x74, 0x6F, 0x73, 0x00, 0x20, 0x64, 0x69, 0x20, 0x53, 0x49 ;  difettos. di SI
000FA040  db 0x53, 0x54, 0x45, 0x4D, 0x41, 0x00, 0x49, 0x42, 0x4D, 0x55, 0x53, 0x20, 0x4E, 0x4F, 0x4E, 0x20 ; STEMA.IBMUS NON 
000FA050  db 0x43, 0x41, 0x52, 0x42, 0x4F, 0x52, 0x55, 0x4E, 0x44, 0x55, 0x4D, 0xEA, 0xC9, 0x00, 0x00, 0xFC ; CARBORUNDUM.....
000FA060  db 0x8A, 0x02, 0x03, 0x00, 0x5C, 0x53, 0x65, 0x6E, 0x61, 0x73, 0x74, 0x20, 0x61, 0x6E, 0x76, 0x1B ; ....\Senast anv.
000FA070  db 0x84, 0x6E, 0x64, 0x20, 0x8A, 0x5C, 0x07, 0x00, 0x02, 0x03, 0x5C, 0x56, 0x2E, 0x67, 0x2E, 0x20 ; .nd .\....\V.g. 
000FA080  db 0x73, 0x1B, 0x84, 0x74, 0x74, 0x20, 0x64, 0x61, 0x74, 0x75, 0x6D, 0x20, 0x6F, 0x63, 0x68, 0x20 ; s..tt datum och 
000FA090  db 0x74, 0x69, 0x64, 0x5C, 0x56, 0x2E, 0x67, 0x2E, 0x20, 0x73, 0x74, 0x1B, 0x84, 0x6C, 0x6C, 0x20 ; tid\V.g. st..ll 
000FA0A0  db 0x69, 0x6E, 0x20, 0x61, 0x6E, 0x76, 0x1B, 0x84, 0x6E, 0x64, 0x61, 0x72, 0x76, 0x1B, 0x84, 0x72 ; in anv..ndarv..r
000FA0B0  db 0x64, 0x65, 0x6E, 0x20, 0x28, 0x76, 0x69, 0x64, 0x20, 0x62, 0x65, 0x68, 0x6F, 0x76, 0x29, 0x5C ; den (vid behov)\
000FA0C0  db 0x07, 0x07, 0x07, 0x00, 0x56, 0x2E, 0x67, 0x2E, 0x20, 0x61, 0x6E, 0x73, 0x6C, 0x75, 0x74, 0x20 ; ....V.g. anslut 
000FA0D0  db 0x6E, 0x79, 0x61, 0x20, 0x62, 0x61, 0x74, 0x74, 0x65, 0x72, 0x69, 0x65, 0x72, 0x5C, 0x00, 0x5C ; nya batterier\.\
000FA0E0  db 0x4B, 0x6F, 0x6E, 0x74, 0x72, 0x6F, 0x6C, 0x6C, 0x65, 0x72, 0x61, 0x20, 0x74, 0x61, 0x6E, 0x67 ; Kontrollera tang
000FA0F0  db 0x65, 0x6E, 0x74, 0x62, 0x6F, 0x72, 0x64, 0x20, 0x6F, 0x63, 0x68, 0x20, 0x6D, 0x75, 0x73, 0x00 ; entbord och mus.
000FA100  db 0x5C, 0x53, 0x1B, 0x84, 0x74, 0x74, 0x20, 0x69, 0x20, 0x65, 0x6E, 0x20, 0x53, 0x59, 0x53, 0x54 ; \S..tt i en SYST
000FA110  db 0x45, 0x4D, 0x44, 0x49, 0x53, 0x4B, 0x45, 0x54, 0x54, 0x20, 0x69, 0x20, 0x65, 0x6E, 0x68, 0x65 ; EMDISKETT i enhe
000FA120  db 0x74, 0x20, 0x41, 0x5C, 0x54, 0x72, 0x79, 0x63, 0x6B, 0x20, 0x64, 0x1B, 0x84, 0x72, 0x65, 0x66 ; t A\Tryck d..ref
000FA130  db 0x74, 0x65, 0x72, 0x20, 0x6E, 0x65, 0x72, 0x20, 0x65, 0x6E, 0x20, 0x74, 0x61, 0x6E, 0x67, 0x65 ; ter ner en tange
000FA140  db 0x6E, 0x74, 0x00, 0x5C, 0x46, 0x65, 0x6C, 0x3A, 0x02, 0x1B, 0x20, 0x52, 0x4F, 0x4D, 0x20, 0x8B ; nt.\Fel:.. ROM .
000FA150  db 0x73, 0x75, 0x6D, 0x6D, 0x61, 0x20, 0x66, 0x65, 0x6C, 0x61, 0x6B, 0x74, 0x69, 0x67, 0x3A, 0x5C ; summa felaktig:\
000FA160  db 0x52, 0x4F, 0x4D, 0x20, 0x61, 0x64, 0x72, 0x65, 0x73, 0x73, 0x20, 0x3D, 0x20, 0x10, 0x5C, 0x00 ; ROM adress = .\.
; string: "Fel: Felaktig"
000FA170  db 0x46, 0x65, 0x6C, 0x3A, 0x20, 0x46, 0x65, 0x6C, 0x61, 0x6B, 0x74, 0x69, 0x67, 0x00, 0x20, 0x02 ; Fel: Felaktig. .
000FA180  db 0x16, 0x20, 0x52, 0x41, 0x4D, 0x00, 0x20, 0x56, 0x44, 0x55, 0x20, 0x52, 0x41, 0x4D, 0x00, 0x20 ; . RAM. VDU RAM. 
000FA190  db 0x61, 0x76, 0x62, 0x72, 0x6F, 0x74, 0x74, 0x73, 0x8B, 0x00, 0x20, 0x8B, 0x20, 0x61, 0x76, 0x20 ; avbrotts.. . av 
000FA1A0  db 0x64, 0x69, 0x72, 0x65, 0x6B, 0x74, 0x6D, 0x69, 0x6E, 0x6E, 0x65, 0x73, 0x61, 0x74, 0x6B, 0x6F ; direktminnesatko
000FA1B0  db 0x6D, 0x73, 0x74, 0x00, 0x20, 0x64, 0x69, 0x73, 0x6B, 0x8B, 0x20, 0x65, 0x6C, 0x6C, 0x65, 0x72 ; mst. disk. eller
000FA1C0  db 0x20, 0x73, 0x6B, 0x69, 0x76, 0x65, 0x6E, 0x68, 0x65, 0x74, 0x00, 0x20, 0x02, 0x11, 0x6C, 0x02 ;  skivenhet. ..l.
000FA1D0  db 0x12, 0x00, 0x02, 0x13, 0x02, 0x14, 0x02, 0x15, 0x00, 0x20, 0x02, 0x17, 0x74, 0x69, 0x64, 0x73 ; ......... ..tids
000FA1E0  db 0x6B, 0x6C, 0x6F, 0x63, 0x6B, 0x61, 0x00, 0x20, 0x56, 0x44, 0x55, 0x20, 0x8B, 0x00, 0x02, 0x13 ; klocka. VDU ....
000FA1F0  db 0x02, 0x18, 0x70, 0x6F, 0x72, 0x74, 0x00, 0x02, 0x13, 0x73, 0x65, 0x72, 0x69, 0x65, 0x6C, 0x6C ; ..port...seriell
000FA200  db 0x70, 0x6F, 0x72, 0x74, 0x00, 0x74, 0x20, 0x6D, 0x75, 0x73, 0x6B, 0x6F, 0x6F, 0x72, 0x64, 0x69 ; port.t muskoordi
000FA210  db 0x6E, 0x61, 0x74, 0x02, 0x15, 0x00, 0x20, 0x52, 0x4F, 0x53, 0x20, 0x8B, 0x73, 0x75, 0x6D, 0x6D ; nat... ROS .summ
000FA220  db 0x61, 0x00, 0x74, 0x20, 0x6D, 0x69, 0x6E, 0x6E, 0x65, 0x20, 0x28, 0x70, 0x61, 0x72, 0x69, 0x74 ; a.t minne (parit
000FA230  db 0x65, 0x74, 0x73, 0x66, 0x65, 0x6C, 0x29, 0x00, 0x56, 0x2E, 0x67, 0x2E, 0x20, 0x76, 0x61, 0x6E ; etsfel).V.g. van
000FA240  db 0x74, 0x61, 0x00, 0x6A, 0x61, 0x6E, 0x75, 0x61, 0x72, 0x69, 0x00, 0x66, 0x65, 0x62, 0x72, 0x75 ; ta.januari.febru
000FA250  db 0x61, 0x72, 0x69, 0x00, 0x6D, 0x61, 0x72, 0x73, 0x00, 0x61, 0x70, 0x72, 0x69, 0x6C, 0x00, 0x6D ; ari.mars.april.m
000FA260  db 0x61, 0x6A, 0x00, 0x6A, 0x75, 0x6E, 0x69, 0x00, 0x6A, 0x75, 0x6C, 0x69, 0x00, 0x61, 0x75, 0x67 ; aj.juni.juli.aug
000FA270  db 0x75, 0x73, 0x74, 0x69, 0x00, 0x73, 0x65, 0x70, 0x74, 0x65, 0x6D, 0x62, 0x65, 0x72, 0x00, 0x6F ; usti.september.o
000FA280  db 0x6B, 0x74, 0x6F, 0x62, 0x65, 0x72, 0x00, 0x6E, 0x6F, 0x76, 0x65, 0x6D, 0x62, 0x65, 0x72, 0x00 ; ktober.november.
; string: "december"
000FA290  db 0x64, 0x65, 0x63, 0x65, 0x6D, 0x62, 0x65, 0x72, 0x00, 0x11, 0x3A, 0x12, 0x20, 0x64, 0x65, 0x6E ; december..:. den
000FA2A0  db 0x20, 0x13, 0x20, 0x0F, 0x20, 0x14, 0x00, 0x6B, 0x6F, 0x6E, 0x74, 0x72, 0x6F, 0x6C, 0x6C, 0x00 ;  . . ..kontroll.
000FA2B0  db 0x00, 0x00, 0x00, 0x00, 0x00, 0x00, 0x00, 0x00, 0x00, 0x00, 0x00, 0x00, 0x00, 0x00, 0x00, 0x00 ; ................
000FA2C0  db 0x00, 0x00, 0x00, 0xEA, 0xBF, 0x17, 0x00, 0xFC, 0x02, 0x01, 0x56, 0x02, 0x02, 0x00, 0x41, 0x6D ; ..........V...Am
000FA2D0  db 0x73, 0x74, 0x72, 0x61, 0x64, 0x20, 0x50, 0x43, 0x20, 0x15, 0x4B, 0x20, 0x28, 0x00, 0x33, 0x2E ; strad PC .K (.3.
000FA2E0  db 0x31, 0x29, 0x20, 0x20, 0x00, 0x5C, 0x28, 0x63, 0x29, 0x31, 0x39, 0x38, 0x38, 0x20, 0x41, 0x6D ; 1)  .\(c)1988 Am
000FA2F0  db 0x73, 0x74, 0x72, 0x61, 0x64, 0x20, 0x70, 0x6C, 0x63, 0x5C, 0x00, 0x4A, 0x61, 0x6E, 0x75, 0x61 ; strad plc\.Janua
000FA300  db 0x72, 0x00, 0x46, 0x65, 0x62, 0x72, 0x75, 0x61, 0x72, 0x00, 0x4A, 0x75, 0x6E, 0x69, 0x00, 0x4A ; r.Februar.Juni.J
000FA310  db 0x75, 0x6C, 0x69, 0x00, 0x4F, 0x6B, 0x74, 0x6F, 0x62, 0x65, 0x72, 0x00, 0x41, 0x70, 0x72, 0x69 ; uli.Oktober.Apri
000FA320  db 0x6C, 0x00, 0x41, 0x75, 0x67, 0x75, 0x73, 0x74, 0x00, 0x53, 0x65, 0x70, 0x74, 0x02, 0x0F, 0x00 ; l.August.Sept...
; string: "Oktober"
000FA330  db 0x4F, 0x6B, 0x74, 0x6F, 0x62, 0x65, 0x72, 0x00, 0x4E, 0x6F, 0x76, 0x02, 0x0F, 0x00, 0x44, 0x65 ; Oktober.Nov...De
000FA340  db 0x63, 0x02, 0x0F, 0x00, 0x65, 0x6D, 0x62, 0x65, 0x72, 0x00, 0x45, 0x72, 0x72, 0x6F, 0x72, 0x00 ; c...ember.Error.
; string: "interval"
000FA350  db 0x69, 0x6E, 0x74, 0x65, 0x72, 0x76, 0x61, 0x6C, 0x00, 0x74, 0x69, 0x6D, 0x65, 0x72, 0x00, 0x20 ; interval.timer. 
000FA360  db 0x73, 0x79, 0x73, 0x74, 0x65, 0x6D, 0x00, 0x73, 0x74, 0x61, 0x74, 0x75, 0x73, 0x00, 0x72, 0x65 ; system.status.re
000FA370  db 0x67, 0x69, 0x73, 0x74, 0x65, 0x72, 0x00, 0x53, 0x59, 0x53, 0x54, 0x45, 0x4D, 0x00, 0x72, 0x65 ; gister.SYSTEM.re
000FA380  db 0x61, 0x6C, 0x00, 0x70, 0x72, 0x69, 0x6E, 0x74, 0x65, 0x72, 0x00, 0x20, 0x73, 0x65, 0x72, 0x69 ; al.printer. seri
000FA390  db 0x65, 0x6C, 0x00, 0x20, 0x70, 0x6F, 0x72, 0x74, 0x00, 0x20, 0x45, 0x78, 0x74, 0x65, 0x72, 0x6E ; el. port. Extern
000FA3A0  db 0x00, 0x64, 0x69, 0x73, 0x6B, 0x20, 0x00, 0x20, 0x52, 0x4F, 0x4D, 0x20, 0x63, 0x68, 0x65, 0x63 ; .disk . ROM chec
000FA3B0  db 0x6B, 0x73, 0x75, 0x6D, 0x00, 0x44, 0x69, 0x72, 0x65, 0x63, 0x74, 0x20, 0x4D, 0x65, 0x6D, 0x6F ; ksum.Direct Memo
000FA3C0  db 0x72, 0x79, 0x20, 0x41, 0x63, 0x63, 0x65, 0x73, 0x73, 0x00, 0x20, 0x43, 0x6F, 0x6E, 0x74, 0x72 ; ry Access. Contr
000FA3D0  db 0x6F, 0x6C, 0x6C, 0x65, 0x72, 0x00, 0x49, 0x6E, 0x74, 0x65, 0x72, 0x72, 0x75, 0x70, 0x74, 0x00 ; oller.Interrupt.
000FA3E0  db 0x02, 0x01, 0x73, 0x02, 0x02, 0x00, 0x11, 0x3A, 0x12, 0x20, 0x20, 0x13, 0x20, 0x0F, 0x20, 0x14 ; ..s....:.  . . .
000FA3F0  db 0x02, 0x03, 0x00, 0x5C, 0x55, 0x74, 0x69, 0x6C, 0x69, 0x7A, 0x61, 0x64, 0x6F, 0x20, 0x70, 0x6F ; ...\Utilizado po
000FA400  db 0x72, 0x20, 0x1B, 0xA3, 0x6C, 0x74, 0x69, 0x6D, 0x61, 0x20, 0x76, 0x65, 0x7A, 0x20, 0x61, 0x20 ; r ..ltima vez a 
000FA410  db 0x6C, 0x61, 0x73, 0x20, 0x11, 0x3A, 0x12, 0x20, 0x65, 0x6C, 0x20, 0x13, 0x20, 0x0F, 0x20, 0x14 ; las .:. el . . .
000FA420  db 0x5C, 0x07, 0x00, 0x02, 0x03, 0x5C, 0x92, 0x93, 0x66, 0x65, 0x63, 0x68, 0x61, 0x20, 0x79, 0x20 ; \....\..fecha y 
000FA430  db 0x68, 0x6F, 0x72, 0x61, 0x5C, 0x92, 0x93, 0x6F, 0x70, 0x63, 0x69, 0x6F, 0x6E, 0x65, 0x73, 0x8E ; hora\..opciones.
000FA440  db 0x75, 0x73, 0x75, 0x61, 0x72, 0x69, 0x6F, 0x20, 0x28, 0x73, 0x69, 0x20, 0x65, 0x73, 0x20, 0x6E ; usuario (si es n
000FA450  db 0x65, 0x63, 0x65, 0x73, 0x61, 0x72, 0x69, 0x6F, 0x29, 0x5C, 0x07, 0x07, 0x07, 0x00, 0x92, 0x70 ; ecesario)\.....p
000FA460  db 0x6F, 0x6E, 0x67, 0x61, 0x20, 0x70, 0x69, 0x6C, 0x65, 0x73, 0x20, 0x6E, 0x75, 0x65, 0x76, 0x61 ; onga piles nueva
000FA470  db 0x73, 0x5C, 0x00, 0x5C, 0x43, 0x6F, 0x6D, 0x70, 0x72, 0x75, 0x65, 0x62, 0x65, 0x20, 0x65, 0x6C ; s\.\Compruebe el
000FA480  db 0x20, 0x74, 0x65, 0x63, 0x6C, 0x61, 0x64, 0x6F, 0x20, 0x79, 0x20, 0x65, 0x6C, 0x20, 0x72, 0x61 ;  teclado y el ra
000FA490  db 0x74, 0x1B, 0xA2, 0x6E, 0x00, 0x5C, 0x49, 0x6E, 0x74, 0x72, 0x6F, 0x64, 0x75, 0x7A, 0x63, 0x61 ; t..n.\Introduzca
000FA4A0  db 0x20, 0x75, 0x6E, 0x20, 0x64, 0x69, 0x73, 0x63, 0x6F, 0x8E, 0x73, 0x69, 0x73, 0x74, 0x65, 0x6D ;  un disco.sistem
000FA4B0  db 0x61, 0x20, 0x8C, 0x75, 0x6E, 0x69, 0x64, 0x61, 0x64, 0x20, 0x41, 0x5C, 0x79, 0x20, 0x6C, 0x75 ; a .unidad A\y lu
000FA4C0  db 0x65, 0x67, 0x6F, 0x20, 0x70, 0x75, 0x6C, 0x73, 0x65, 0x20, 0x75, 0x6E, 0x61, 0x20, 0x74, 0x65 ; ego pulse una te
000FA4D0  db 0x63, 0x6C, 0x61, 0x00, 0x5C, 0x02, 0x10, 0x3A, 0x20, 0x73, 0x75, 0x6D, 0x61, 0x8E, 0x63, 0x6F ; cla.\..: suma.co
000FA4E0  db 0x6D, 0x70, 0x72, 0x6F, 0x62, 0x61, 0x63, 0x69, 0x6F, 0x6E, 0x20, 0x69, 0x6E, 0x63, 0x6F, 0x72 ; mprobacion incor
000FA4F0  db 0x72, 0x65, 0x63, 0x74, 0x61, 0x20, 0x65, 0x6E, 0x20, 0x52, 0x4F, 0x4D, 0x20, 0x65, 0x78, 0x74 ; recta en ROM ext
000FA500  db 0x65, 0x72, 0x6E, 0x61, 0x3B, 0x20, 0x64, 0x69, 0x72, 0x65, 0x63, 0x63, 0x69, 0x6F, 0x6E, 0x8E ; erna; direccion.
000FA510  db 0x52, 0x4F, 0x4D, 0x20, 0x3D, 0x20, 0x10, 0x5C, 0x00, 0x02, 0x10, 0x3A, 0x20, 0x66, 0x61, 0x6C ; ROM = .\...: fal
000FA520  db 0x6C, 0x6F, 0x20, 0x00, 0x8C, 0x52, 0x41, 0x4D, 0x8F, 0x00, 0x8C, 0x52, 0x41, 0x4D, 0x8E, 0x8D ; lo ..RAM...RAM..
000FA530  db 0x56, 0x44, 0x55, 0x00, 0x8B, 0x91, 0x69, 0x6E, 0x74, 0x65, 0x72, 0x72, 0x75, 0x70, 0x63, 0x69 ; VDU...interrupci
000FA540  db 0x6F, 0x6E, 0x65, 0x73, 0x00, 0x8B, 0x91, 0x61, 0x63, 0x63, 0x65, 0x73, 0x6F, 0x20, 0x64, 0x69 ; ones...acceso di
000FA550  db 0x72, 0x65, 0x63, 0x74, 0x6F, 0x20, 0x61, 0x20, 0x8D, 0x6D, 0x65, 0x6D, 0x6F, 0x72, 0x69, 0x61 ; recto a .memoria
000FA560  db 0x00, 0x8B, 0x91, 0x64, 0x69, 0x73, 0x63, 0x6F, 0x20, 0x66, 0x6C, 0x65, 0x78, 0x69, 0x62, 0x6C ; ...disco flexibl
000FA570  db 0x65, 0x20, 0x6F, 0x20, 0x8C, 0x75, 0x6E, 0x69, 0x64, 0x61, 0x64, 0x8E, 0x64, 0x69, 0x73, 0x63 ; e o .unidad.disc
000FA580  db 0x6F, 0x00, 0x8B, 0x74, 0x65, 0x6D, 0x70, 0x6F, 0x72, 0x69, 0x7A, 0x61, 0x64, 0x6F, 0x72, 0x20 ; o..temporizador 
000FA590  db 0x70, 0x72, 0x6F, 0x67, 0x72, 0x61, 0x6D, 0x61, 0x62, 0x6C, 0x65, 0x00, 0x8B, 0x72, 0x65, 0x67 ; programable..reg
000FA5A0  db 0x69, 0x73, 0x74, 0x72, 0x6F, 0x8E, 0x65, 0x73, 0x74, 0x61, 0x64, 0x6F, 0x8F, 0x00, 0x8B, 0x72 ; istro.estado...r
000FA5B0  db 0x65, 0x6C, 0x6F, 0x6A, 0x8E, 0x74, 0x69, 0x65, 0x6D, 0x70, 0x6F, 0x20, 0x72, 0x65, 0x61, 0x6C ; eloj.tiempo real
000FA5C0  db 0x00, 0x8B, 0x91, 0x8D, 0x56, 0x44, 0x55, 0x00, 0x8C, 0x70, 0x75, 0x65, 0x72, 0x74, 0x61, 0x8E ; ....VDU..puerta.
000FA5D0  db 0x69, 0x6D, 0x70, 0x72, 0x65, 0x73, 0x6F, 0x72, 0x61, 0x8F, 0x00, 0x8C, 0x70, 0x75, 0x65, 0x72 ; impresora...puer
000FA5E0  db 0x74, 0x61, 0x20, 0x73, 0x65, 0x72, 0x69, 0x65, 0x8F, 0x00, 0x65, 0x6E, 0x20, 0x6C, 0x6F, 0x73 ; ta serie..en los
000FA5F0  db 0x20, 0x72, 0x65, 0x67, 0x69, 0x73, 0x74, 0x72, 0x6F, 0x73, 0x8E, 0x63, 0x6F, 0x6F, 0x72, 0x64 ;  registros.coord
000FA600  db 0x65, 0x6E, 0x61, 0x64, 0x61, 0x73, 0x20, 0x64, 0x65, 0x6C, 0x20, 0x72, 0x61, 0x74, 0x6F, 0x6E ; enadas del raton
000FA610  db 0x00, 0x64, 0x69, 0x20, 0x73, 0x75, 0x6D, 0x61, 0x20, 0x64, 0x69, 0x20, 0x63, 0x6F, 0x6D, 0x70 ; .di suma di comp
000FA620  db 0x72, 0x6F, 0x62, 0x61, 0x63, 0x69, 0x6F, 0x6E, 0x20, 0x8B, 0x52, 0x4F, 0x53, 0x20, 0x64, 0x65 ; robacion .ROS de
000FA630  db 0x90, 0x00, 0x8C, 0x6D, 0x65, 0x6D, 0x6F, 0x72, 0x69, 0x61, 0x20, 0x52, 0x41, 0x4D, 0x20, 0x28 ; ...memoria RAM (
000FA640  db 0x65, 0x72, 0x72, 0x6F, 0x72, 0x8E, 0x70, 0x61, 0x72, 0x69, 0x64, 0x61, 0x64, 0x29, 0x00, 0x92 ; error.paridad)..
; string: "espere"
000FA650  db 0x65, 0x73, 0x70, 0x65, 0x72, 0x65, 0x00, 0x00, 0x00, 0x00, 0x00, 0x00, 0x00, 0x00, 0x00, 0x00 ; espere..........
000FA660  db 0x12, 0x45, 0x04, 0x07, 0x0A, 0x0E, 0x1F, 0xB8, 0x26, 0x02, 0xCD, 0x15, 0x32, 0xE4, 0x33, 0xD2 ; .E......&...2.3.
000FA670  db 0xCD, 0x14, 0xB8, 0x27, 0x02, 0xCD, 0x15, 0x32, 0xE4, 0x42, 0xCD, 0x14, 0xB4, 0x02, 0xCD, 0x1A ; ...'...2.B......
000FA680  db 0x8A, 0xC6, 0xE8, 0x28, 0x00, 0xF6, 0x26, 0x60, 0x26, 0x8B, 0xD8, 0x8A, 0xC1, 0xE8, 0x1D, 0x00 ; ...(..&`&.......
000FA690  db 0xF7, 0x26, 0x61, 0x26, 0x03, 0xD8, 0x8A, 0xC5, 0xE8, 0x12, 0x00, 0x8B, 0xC8, 0xF6, 0x26, 0x63 ; .&a&..........&c
000FA6A0  db 0x26, 0x03, 0xD8, 0x83, 0xD1, 0x00, 0x8B, 0xD3, 0xB4, 0x01, 0xCD, 0x1A, 0xC3, 0x53, 0x51, 0x8A ; &............SQ.
000FA6B0  db 0xD8, 0x80, 0xE3, 0x0F, 0xB1, 0x04, 0xD2, 0xE8, 0xF6, 0x26, 0x64, 0x26, 0x02, 0xC3, 0x59, 0x5B ; .........&d&..Y[
000FA6C0  db 0xC3, 0x00, 0x00, 0x00, 0x00, 0x00, 0x00, 0x00, 0x00, 0x00, 0x00, 0x00, 0x00, 0x00, 0x00, 0x00 ; ................
000FA6D0  db 0x00, 0x00, 0x00, 0x00, 0x00, 0x00, 0x00, 0x00, 0x00, 0x00, 0x00, 0x00, 0x00, 0x00, 0x00, 0x00 ; ................
000FA6E0  db 0x00, 0x00, 0x00, 0x00, 0x00, 0x00, 0x00, 0x00, 0x00, 0x00, 0x00, 0x00, 0x00, 0x00, 0x00, 0x00 ; ................
000FA6F0  db 0x00, 0x00, 0xEA, 0xE5, 0x0A, 0x00, 0xFC, 0x2E, 0xAD, 0x8A, 0xD4, 0xEE, 0xC3, 0xBF, 0x01, 0x00 ; ................
000FA700  db 0xEB, 0x07, 0x2E, 0xAC, 0x8A, 0xD0, 0xEC, 0x33, 0xFF, 0x2E, 0xAC, 0x98, 0x8B, 0xC8, 0x2E, 0xAD ; .......3........
000FA710  db 0x8A, 0xD0, 0x8A, 0xC4, 0xEE, 0xFE, 0xC4, 0x03, 0xD7, 0x2E, 0xAC, 0xEE, 0x2B, 0xD7, 0xE2, 0xF2 ; ............+...
000FA720  db 0x33, 0xFF, 0xC3, 0x00, 0x00, 0x00, 0x00, 0x00, 0x00, 0xEA, 0xAC, 0x0F, 0x00, 0xFC, 0x3E, 0x27 ; 3.............>'
000FA730  db 0x78, 0x27, 0x94, 0x27, 0xAC, 0x27, 0xE4, 0x27, 0xC8, 0x27, 0x5E, 0x27, 0x3E, 0x27, 0xC8, 0x22 ; x'.'.'.'.'^'>'."
000FA740  db 0x52, 0x38, 0x56, 0x38, 0x68, 0x38, 0x98, 0x38, 0xAC, 0x38, 0xC6, 0x38, 0xF1, 0x38, 0x18, 0x39 ; R8V8h8.8.8.8.8.9
000FA750  db 0xB2, 0x39, 0xE5, 0x39, 0xF2, 0x39, 0xF9, 0x39, 0x01, 0x3A, 0x07, 0x3A, 0x0E, 0x3A, 0xC8, 0x22 ; .9.9.9.9.:.:.:."
000FA760  db 0x8C, 0x29, 0x90, 0x29, 0xA8, 0x29, 0x01, 0x2A, 0x1C, 0x2A, 0x3C, 0x2A, 0x88, 0x2A, 0xC7, 0x2A ; .).).).*.*<*.*.*
000FA770  db 0xF5, 0x2B, 0x20, 0x2C, 0x32, 0x2C, 0x2D, 0x2C, 0xC8, 0x22, 0x57, 0x1D, 0x5B, 0x1D, 0x70, 0x1D ; .+ ,2,-,."W.[.p.
000FA780  db 0xBC, 0x1D, 0xD4, 0x1D, 0xF4, 0x1D, 0x33, 0x1E, 0x71, 0x1E, 0xBA, 0x1F, 0x15, 0x20, 0x23, 0x20 ; ......3.q.... # 
000FA790  db 0x30, 0x20, 0x3A, 0x20, 0xC8, 0x22, 0x60, 0x20, 0x64, 0x20, 0x78, 0x20, 0xC4, 0x20, 0xDF, 0x20 ; 0 : ."` d x . . 
000FA7A0  db 0x00, 0x21, 0x43, 0x21, 0x70, 0x21, 0x43, 0x22, 0x99, 0x22, 0xA7, 0x22, 0xC8, 0x22, 0x6A, 0x18 ; .!C!p!C"."."."j.
000FA7B0  db 0x6E, 0x18, 0x83, 0x18, 0xD7, 0x18, 0xF6, 0x18, 0x11, 0x19, 0x4F, 0x19, 0x6C, 0x19, 0x2D, 0x1A ; n.........O.l.-.
000FA7C0  db 0x55, 0x1A, 0x72, 0x1A, 0x63, 0x1A, 0x7A, 0x1A, 0xC8, 0x22, 0x81, 0x1A, 0x85, 0x1A, 0x9C, 0x1A ; U.r.c.z.."......
000FA7D0  db 0xEF, 0x1A, 0x11, 0x1B, 0x34, 0x1B, 0x84, 0x1B, 0xC8, 0x1B, 0xCA, 0x1C, 0x22, 0x1D, 0x2F, 0x1D ; ....4......."./.
000FA7E0  db 0x3E, 0x1D, 0x49, 0x1D, 0xE0, 0x23, 0xE6, 0x23, 0xF3, 0x23, 0x23, 0x24, 0x5E, 0x24, 0x73, 0x24 ; >.I..#.#.##$^$s$
000FA7F0  db 0x95, 0x24, 0xD4, 0x24, 0x19, 0x25, 0x42, 0x28, 0x9A, 0x28, 0xA7, 0x28, 0xAE, 0x28, 0xB1, 0x28 ; .$.$.%B(.(.(.(.(
000FA800  db 0xB5, 0x28, 0xBA, 0x28, 0xBE, 0x28, 0xC7, 0x28, 0xD7, 0x28, 0xE3, 0x28, 0x00, 0x00, 0x00, 0x00 ; .(.(.(.(.(.(....
000FA810  db 0x00, 0x00, 0x00, 0x00, 0x00, 0x00, 0x00, 0x00, 0x00, 0x00, 0x00, 0x00, 0x00, 0x00, 0x00, 0x00 ; ................
000FA820  db 0x00, 0x00, 0x00, 0x00, 0x00, 0x00, 0x00, 0x00, 0x00, 0x00, 0x00, 0x00, 0x00, 0x00, 0xEA, 0x00 ; ................
000FA830  db 0x11, 0x00, 0xFC, 0xEA, 0x72, 0x11, 0x00, 0xFC, 0xEA, 0x22, 0x31, 0x00, 0xFC, 0xEA, 0xD6, 0x12 ; ....r...."1.....
000FA840  db 0x00, 0xFC, 0x65, 0x6E, 0x65, 0x72, 0x6F, 0x00, 0x66, 0x65, 0x62, 0x72, 0x65, 0x72, 0x6F, 0x00 ; ..enero.febrero.
; string: "marzo"
000FA850  db 0x6D, 0x61, 0x72, 0x7A, 0x6F, 0x00, 0x61, 0x62, 0x72, 0x69, 0x6C, 0x00, 0x6D, 0x61, 0x79, 0x6F ; marzo.abril.mayo
000FA860  db 0x00, 0x6A, 0x75, 0x6E, 0x69, 0x6F, 0x00, 0x6A, 0x75, 0x6C, 0x69, 0x6F, 0x00, 0x61, 0x67, 0x6F ; .junio.julio.ago
000FA870  db 0x73, 0x74, 0x6F, 0x00, 0x73, 0x65, 0x74, 0x69, 0x65, 0x6D, 0x62, 0x72, 0x65, 0x00, 0x6F, 0x63 ; sto.setiembre.oc
000FA880  db 0x74, 0x75, 0x62, 0x72, 0x65, 0x00, 0x6E, 0x6F, 0x76, 0x69, 0x65, 0x6D, 0x62, 0x72, 0x65, 0x00 ; tubre.noviembre.
; string: "diciembre"
000FA890  db 0x64, 0x69, 0x63, 0x69, 0x65, 0x6D, 0x62, 0x72, 0x65, 0x00, 0x11, 0x3A, 0x12, 0x20, 0x65, 0x6C ; diciembre..:. el
000FA8A0  db 0x20, 0x13, 0x20, 0x0F, 0x20, 0x14, 0x00, 0x65, 0x6E, 0x20, 0x65, 0x6C, 0x20, 0x00, 0x65, 0x6E ;  . . ..en el .en
000FA8B0  db 0x20, 0x6C, 0x61, 0x20, 0x00, 0x20, 0x64, 0x65, 0x20, 0x00, 0x20, 0x64, 0x65, 0x6C, 0x20, 0x73 ;  la . de . del s
000FA8C0  db 0x69, 0x73, 0x74, 0x65, 0x6D, 0x61, 0x00, 0x63, 0x6F, 0x6E, 0x74, 0x72, 0x6F, 0x6C, 0x61, 0x64 ; istema.controlad
000FA8D0  db 0x6F, 0x72, 0x20, 0x64, 0x65, 0x20, 0x00, 0x50, 0x6F, 0x72, 0x20, 0x66, 0x61, 0x76, 0x6F, 0x72 ; or de .Por favor
000FA8E0  db 0x2C, 0x20, 0x00, 0x65, 0x73, 0x74, 0x61, 0x62, 0x6C, 0x65, 0x7A, 0x63, 0x61, 0x20, 0x00, 0x00 ; , .establezca ..
000FA8F0  db 0x00, 0x00, 0x00, 0x00, 0x00, 0x00, 0x00, 0x00, 0x00, 0x00, 0x00, 0x00, 0x00, 0x00, 0x00, 0x00 ; ................
000FA900  db 0x00, 0x00, 0x00, 0x00, 0x00, 0x00, 0x00, 0x00, 0x00, 0x00, 0x00, 0x00, 0x00, 0x00, 0x00, 0x00 ; ................
000FA910  db 0x00, 0x00, 0x00, 0x00, 0x00, 0x00, 0x00, 0x00, 0x00, 0x00, 0x00, 0x00, 0x00, 0x00, 0x00, 0x00 ; ................
000FA920  db 0x00, 0x00, 0x00, 0x00, 0x00, 0x00, 0x00, 0x00, 0x00, 0x00, 0x00, 0x00, 0x00, 0x00, 0x00, 0x00 ; ................
000FA930  db 0x00, 0x00, 0x00, 0x00, 0x00, 0x00, 0x00, 0x00, 0x00, 0x00, 0x00, 0x00, 0x00, 0x00, 0x00, 0x00 ; ................
000FA940  db 0x00, 0x00, 0x00, 0x00, 0x00, 0x00, 0x00, 0x00, 0x00, 0x00, 0x00, 0x00, 0x00, 0x00, 0x00, 0x00 ; ................
000FA950  db 0x00, 0x00, 0x00, 0x00, 0x00, 0x00, 0x00, 0x00, 0x00, 0x00, 0x00, 0x00, 0x00, 0x00, 0x00, 0x00 ; ................
000FA960  db 0x00, 0x00, 0x00, 0x00, 0x00, 0x00, 0x00, 0x00, 0x00, 0x00, 0x00, 0x00, 0x00, 0x00, 0x00, 0x00 ; ................
000FA970  db 0x00, 0x00, 0x00, 0x00, 0x00, 0x00, 0x00, 0x00, 0x00, 0x00, 0x00, 0x00, 0x00, 0x00, 0x00, 0x00 ; ................
000FA980  db 0x00, 0x00, 0x00, 0x00, 0x00, 0x00, 0x00, 0xEA, 0x5F, 0x11, 0x00, 0xFC, 0x8A, 0x02, 0x03, 0x00 ; ........_.......
000FA990  db 0x5C, 0x5A, 0x75, 0x6C, 0x65, 0x74, 0x7A, 0x74, 0x20, 0x62, 0x65, 0x6E, 0x75, 0x74, 0x7A, 0x74 ; \Zuletzt benutzt
000FA9A0  db 0x20, 0x75, 0x6D, 0x20, 0x8A, 0x5C, 0x07, 0x00, 0x02, 0x03, 0x5C, 0x8B, 0x44, 0x61, 0x74, 0x75 ;  um .\....\.Datu
000FA9B0  db 0x6D, 0x20, 0x75, 0x6E, 0x64, 0x20, 0x55, 0x68, 0x72, 0x7A, 0x65, 0x69, 0x74, 0x20, 0x65, 0x69 ; m und Uhrzeit ei
000FA9C0  db 0x6E, 0x73, 0x74, 0x65, 0x6C, 0x6C, 0x65, 0x6E, 0x5C, 0x8B, 0x64, 0x69, 0x65, 0x20, 0x53, 0x74 ; nstellen\.die St
000FA9D0  db 0x61, 0x6E, 0x64, 0x61, 0x72, 0x64, 0x2D, 0x45, 0x69, 0x6E, 0x73, 0x74, 0x65, 0x6C, 0x6C, 0x75 ; andard-Einstellu
000FA9E0  db 0x6E, 0x67, 0x20, 0x1B, 0x84, 0x6E, 0x64, 0x65, 0x72, 0x6E, 0x20, 0x28, 0x77, 0x65, 0x6E, 0x6E ; ng ..ndern (wenn
000FA9F0  db 0x20, 0x67, 0x65, 0x77, 0x1B, 0x81, 0x6E, 0x73, 0x63, 0x68, 0x74, 0x29, 0x5C, 0x07, 0x07, 0x07 ;  gew..nscht)\...
000FAA00  db 0x00, 0x8B, 0x6E, 0x65, 0x75, 0x65, 0x20, 0x42, 0x61, 0x74, 0x74, 0x65, 0x72, 0x69, 0x65, 0x6E ; ..neue Batterien
000FAA10  db 0x20, 0x65, 0x69, 0x6E, 0x73, 0x65, 0x74, 0x7A, 0x65, 0x6E, 0x5C, 0x00, 0x5C, 0x54, 0x61, 0x73 ;  einsetzen\.\Tas
000FAA20  db 0x74, 0x61, 0x74, 0x75, 0x72, 0x20, 0x75, 0x6E, 0x64, 0x20, 0x4D, 0x61, 0x75, 0x73, 0x20, 0x1B ; tatur und Maus .
000FAA30  db 0x81, 0x62, 0x65, 0x72, 0x70, 0x72, 0x1B, 0x81, 0x66, 0x65, 0x6E, 0x00, 0x5C, 0x4C, 0x65, 0x67 ; .berpr..fen.\Leg
000FAA40  db 0x65, 0x6E, 0x20, 0x53, 0x69, 0x65, 0x20, 0x65, 0x69, 0x6E, 0x65, 0x20, 0x53, 0x59, 0x53, 0x54 ; en Sie eine SYST
000FAA50  db 0x45, 0x4D, 0x2D, 0x44, 0x69, 0x73, 0x6B, 0x65, 0x74, 0x74, 0x65, 0x20, 0x69, 0x6E, 0x20, 0x4C ; EM-Diskette in L
000FAA60  db 0x61, 0x75, 0x66, 0x77, 0x65, 0x72, 0x6B, 0x20, 0x41, 0x5C, 0x44, 0x61, 0x6E, 0x6E, 0x20, 0x62 ; aufwerk A\Dann b
000FAA70  db 0x65, 0x6C, 0x69, 0x65, 0x62, 0x69, 0x67, 0x65, 0x20, 0x54, 0x61, 0x73, 0x74, 0x65, 0x20, 0x64 ; eliebige Taste d
000FAA80  db 0x72, 0x1B, 0x81, 0x63, 0x6B, 0x65, 0x6E, 0x00, 0x5C, 0x46, 0x65, 0x68, 0x6C, 0x65, 0x72, 0x3A ; r..cken.\Fehler:
000FAA90  db 0x20, 0x46, 0x61, 0x6C, 0x73, 0x63, 0x68, 0x65, 0x20, 0x50, 0x72, 0x75, 0x65, 0x66, 0x73, 0x75 ;  Falsche Pruefsu
000FAAA0  db 0x6D, 0x6D, 0x65, 0x20, 0x62, 0x65, 0x69, 0x20, 0x65, 0x78, 0x74, 0x65, 0x72, 0x6E, 0x65, 0x6D ; mme bei externem
000FAAB0  db 0x20, 0x52, 0x4F, 0x4D, 0x3A, 0x5C, 0x52, 0x4F, 0x4D, 0x2D, 0x41, 0x64, 0x72, 0x65, 0x73, 0x73 ;  ROM:\ROM-Adress
000FAAC0  db 0x65, 0x20, 0x3D, 0x20, 0x10, 0x5C, 0x00, 0x46, 0x65, 0x68, 0x6C, 0x65, 0x72, 0x00, 0x8C, 0x02 ; e = .\.Fehler...
000FAAD0  db 0x16, 0x20, 0x52, 0x41, 0x4D, 0x00, 0x8C, 0x56, 0x44, 0x55, 0x20, 0x52, 0x41, 0x4D, 0x00, 0x8C ; . RAM..VDU RAM..
000FAAE0  db 0x02, 0x20, 0x02, 0x1F, 0x00, 0x8C, 0x44, 0x4D, 0x41, 0x02, 0x1F, 0x00, 0x8C, 0x46, 0x6C, 0x6F ; . ....DMA....Flo
000FAAF0  db 0x70, 0x70, 0x79, 0x2D, 0x44, 0x69, 0x73, 0x6B, 0x2D, 0x43, 0x6F, 0x6E, 0x74, 0x72, 0x6F, 0x6C ; ppy-Disk-Control
000FAB00  db 0x6C, 0x65, 0x72, 0x20, 0x6F, 0x64, 0x65, 0x72, 0x8C, 0x4C, 0x61, 0x75, 0x66, 0x77, 0x65, 0x72 ; ler oder.Laufwer
000FAB10  db 0x6B, 0x00, 0x8C, 0x5A, 0x65, 0x69, 0x74, 0x67, 0x65, 0x62, 0x65, 0x72, 0x00, 0x8C, 0x02, 0x16 ; k..Zeitgeber....
; string: " Status-Register"
000FAB20  db 0x20, 0x53, 0x74, 0x61, 0x74, 0x75, 0x73, 0x2D, 0x52, 0x65, 0x67, 0x69, 0x73, 0x74, 0x65, 0x72 ;  Status-Register
000FAB30  db 0x00, 0x20, 0x69, 0x6E, 0x20, 0x64, 0x65, 0x72, 0x20, 0x45, 0x63, 0x68, 0x74, 0x7A, 0x65, 0x69 ; . in der Echtzei
000FAB40  db 0x74, 0x2D, 0x55, 0x68, 0x72, 0x00, 0x8C, 0x56, 0x44, 0x55, 0x02, 0x1F, 0x00, 0x20, 0x61, 0x6D ; t-Uhr..VDU... am
000FAB50  db 0x20, 0x41, 0x75, 0x73, 0x67, 0x61, 0x6E, 0x67, 0x20, 0x66, 0x75, 0x65, 0x72, 0x20, 0x64, 0x65 ;  Ausgang fuer de
000FAB60  db 0x6E, 0x20, 0x53, 0x79, 0x73, 0x74, 0x65, 0x6D, 0x2D, 0x44, 0x72, 0x75, 0x63, 0x6B, 0x65, 0x72 ; n System-Drucker
000FAB70  db 0x00, 0x20, 0x61, 0x6D, 0x20, 0x73, 0x65, 0x72, 0x69, 0x65, 0x6C, 0x6C, 0x65, 0x6E, 0x20, 0x53 ; . am seriellen S
000FAB80  db 0x79, 0x73, 0x74, 0x65, 0x6D, 0x2D, 0x41, 0x75, 0x73, 0x67, 0x61, 0x6E, 0x67, 0x00, 0x20, 0x69 ; ystem-Ausgang. i
000FAB90  db 0x6E, 0x20, 0x64, 0x65, 0x6E, 0x20, 0x53, 0x74, 0x65, 0x75, 0x65, 0x72, 0x2D, 0x52, 0x65, 0x67 ; n den Steuer-Reg
000FABA0  db 0x69, 0x73, 0x74, 0x65, 0x72, 0x6E, 0x20, 0x66, 0x75, 0x65, 0x72, 0x20, 0x64, 0x69, 0x65, 0x20 ; istern fuer die 
000FABB0  db 0x4D, 0x61, 0x75, 0x73, 0x00, 0x3A, 0x20, 0x46, 0x61, 0x6C, 0x73, 0x63, 0x68, 0x65, 0x20, 0x52 ; Maus.: Falsche R
000FABC0  db 0x4F, 0x53, 0x2D, 0x50, 0x72, 0x75, 0x65, 0x66, 0x73, 0x75, 0x6D, 0x6D, 0x65, 0x00, 0x8C, 0x48 ; OS-Pruefsumme..H
000FABD0  db 0x61, 0x75, 0x70, 0x74, 0x73, 0x70, 0x65, 0x69, 0x63, 0x68, 0x65, 0x72, 0x20, 0x28, 0x50, 0x61 ; auptspeicher (Pa
000FABE0  db 0x72, 0x69, 0x74, 0x79, 0x2D, 0x46, 0x65, 0x68, 0x6C, 0x65, 0x72, 0x29, 0x00, 0x8B, 0x77, 0x61 ; rity-Fehler)..wa
000FABF0  db 0x72, 0x74, 0x65, 0x6E, 0x00, 0x02, 0x04, 0x00, 0x02, 0x05, 0x00, 0x4D, 0x1B, 0x84, 0x72, 0x7A ; rten.......M..rz
000FAC00  db 0x00, 0x02, 0x09, 0x00, 0x4D, 0x61, 0x69, 0x00, 0x02, 0x06, 0x00, 0x02, 0x07, 0x00, 0x02, 0x0A ; ....Mai.........
000FAC10  db 0x00, 0x02, 0x0B, 0x00, 0x02, 0x08, 0x00, 0x02, 0x0D, 0x00, 0x44, 0x65, 0x7A, 0x02, 0x0F, 0x00 ; ..........Dez...
000FAC20  db 0x11, 0x3A, 0x12, 0x20, 0x61, 0x6D, 0x20, 0x13, 0x20, 0x0F, 0x20, 0x14, 0x00, 0x20, 0x69, 0x6D ; .:. am . . .. im
000FAC30  db 0x20, 0x00, 0x42, 0x69, 0x74, 0x74, 0x65, 0x20, 0x00, 0x00, 0x00, 0x00, 0x00, 0x00, 0x00, 0x00 ;  .Bitte ........
000FAC40  db 0x00, 0x00, 0x00, 0x00, 0x00, 0x00, 0x00, 0x00, 0x00, 0x00, 0x00, 0x00, 0x00, 0x00, 0x00, 0x00 ; ................
000FAC50  db 0x00, 0x00, 0x00, 0x00, 0x00, 0x00, 0x00, 0x00, 0x00, 0xEA, 0x5E, 0x2C, 0x00, 0xFC, 0xE8, 0x4D ; ..........^,...M
000FAC60  db 0xDF, 0x80, 0xFC, 0x02, 0x72, 0x15, 0x80, 0xFC, 0x06, 0x73, 0x05, 0x80, 0xFA, 0x02, 0x72, 0x05 ; ....r....s....r.
000FAC70  db 0xB4, 0x01, 0xE9, 0xD7, 0x00, 0xE8, 0xF1, 0x02, 0xE8, 0xA8, 0x01, 0x8A, 0x5E, 0x01, 0x02, 0xDB ; ............^...
000FAC80  db 0x32, 0xFF, 0x2E, 0xFF, 0x97, 0x8A, 0x2C, 0xE9, 0xC4, 0x00, 0x67, 0x2D, 0xA0, 0x2D, 0xE4, 0x2C ; 2.....,...g-.-.,
000FAC90  db 0x96, 0x2C, 0xE8, 0x2C, 0xA2, 0x2C, 0xB6, 0x4A, 0xE8, 0x1C, 0x01, 0xB4, 0xC5, 0xE8, 0x4F, 0x00 ; .,.,.,.J......O.
000FACA0  db 0xEB, 0x3A, 0xB0, 0x04, 0xE8, 0x73, 0x02, 0x8A, 0xDC, 0xD0, 0xE3, 0xD0, 0xE3, 0x32, 0xFF, 0xB6 ; .:...s.......2..
000FACB0  db 0x4A, 0xE8, 0x27, 0x01, 0xB4, 0x4D, 0xE8, 0x40, 0x02, 0x8A, 0x66, 0x07, 0xD0, 0xC4, 0xD0, 0xC4 ; J.'..M.@..f.....
000FACC0  db 0x02, 0x66, 0x06, 0xE8, 0x33, 0x02, 0xB0, 0x03, 0xE8, 0x2B, 0x02, 0xE8, 0x23, 0x02, 0x43, 0x43 ; .f..3....+..#.CC
000FACD0  db 0xE8, 0x1E, 0x02, 0x26, 0x8A, 0x27, 0xE8, 0x4C, 0x00, 0x8A, 0x46, 0x00, 0x9C, 0xB9, 0x1B, 0x03 ; ...&.'.L..F.....
000FACE0  db 0xE2, 0xFE, 0x9D, 0xC3, 0xB6, 0x46, 0xEB, 0x02, 0xB6, 0x42, 0xE8, 0xCA, 0x00, 0xB4, 0xE6, 0xE8 ; .....F...B......
000FACF0  db 0x07, 0x02, 0x8A, 0x66, 0x07, 0xD0, 0xC4, 0xD0, 0xC4, 0x02, 0x66, 0x06, 0xE8, 0xFA, 0x01, 0x8A ; ...f......f.....
000FAD00  db 0x66, 0x05, 0xE8, 0xF4, 0x01, 0x8A, 0x66, 0x07, 0xE8, 0xEE, 0x01, 0x8A, 0x66, 0x04, 0xE8, 0xE8 ; f.....f.....f...
000FAD10  db 0x01, 0xB0, 0x03, 0xE8, 0xE0, 0x01, 0x26, 0x8A, 0x27, 0xE8, 0xDD, 0x01, 0x26, 0x8A, 0x27, 0xE8 ; ......&.'...&.'.
000FAD20  db 0xD7, 0x01, 0x26, 0x8A, 0x27, 0xE8, 0x51, 0x01, 0xE8, 0x73, 0x01, 0x75, 0x01, 0xC3, 0xB9, 0x07 ; ..&.'.Q..s.u....
000FAD30  db 0x00, 0x8A, 0x26, 0x43, 0x04, 0xD0, 0xDC, 0x72, 0x02, 0xE2, 0xFA, 0xBB, 0x44, 0x2D, 0x03, 0xD9 ; ..&C...r....D-..
000FAD40  db 0x2E, 0x8A, 0x27, 0xC3, 0x20, 0x20, 0x10, 0x08, 0x20, 0x04, 0x03, 0x02, 0x32, 0xC0, 0x89, 0x46 ; ..'.  .. ...2..F
000FAD50  db 0x00, 0x88, 0x26, 0x41, 0x04, 0x80, 0xFC, 0x01, 0xF5, 0x9C, 0xB0, 0x02, 0xE8, 0xBB, 0x01, 0x88 ; ..&A............
000FAD60  db 0x26, 0x40, 0x04, 0x9D, 0xE9, 0x39, 0xDE, 0xC6, 0x06, 0x3E, 0x04, 0x00, 0xBA, 0xF2, 0x03, 0xB0 ; &@...9...>......
000FAD70  db 0x08, 0xEE, 0xB9, 0x1E, 0x00, 0xE2, 0xFE, 0xC6, 0x06, 0x3F, 0x04, 0x00, 0xC7, 0x06, 0x40, 0x04 ; .........?....@.
000FAD80  db 0x00, 0x00, 0xB0, 0x0C, 0xEE, 0xE8, 0xF9, 0x00, 0xE8, 0xE6, 0x00, 0xB4, 0x03, 0xE8, 0x69, 0x01 ; ..............i.
000FAD90  db 0xB0, 0x00, 0xE8, 0x61, 0x01, 0xB0, 0x01, 0xE8, 0x5C, 0x01, 0x33, 0xC0, 0x8A, 0x46, 0x00, 0xC3 ; ...a....\.3..F..
000FADA0  db 0xA0, 0x41, 0x04, 0x8A, 0xE0, 0xC3, 0x9C, 0x0E, 0xE8, 0x01, 0x00, 0xC3, 0xE8, 0xFF, 0xDD, 0xE8 ; .A..............
000FADB0  db 0xB7, 0x01, 0xE8, 0x6E, 0x00, 0xEB, 0x97, 0x52, 0xB0, 0x03, 0xE8, 0x5D, 0x01, 0x75, 0x0B, 0xB0 ; ...n...R...].u..
000FADC0  db 0x06, 0xE8, 0x56, 0x01, 0x8A, 0xC4, 0x32, 0xE4, 0xEB, 0x07, 0x8A, 0xCC, 0xB8, 0x80, 0x00, 0xD3 ; ..V...2.........
000FADD0  db 0xC0, 0x8A, 0x5E, 0x00, 0xB7, 0x00, 0xF7, 0xE3, 0x8B, 0xD8, 0x5A, 0x8B, 0x46, 0x0A, 0xB1, 0x04 ; ..^.......Z.F...
000FADE0  db 0xD3, 0xC0, 0x8A, 0xD0, 0x80, 0xE2, 0x0F, 0x24, 0xF0, 0x03, 0x46, 0x02, 0x73, 0x02, 0xFE, 0xC2 ; .......$..F.s...
000FADF0  db 0x8B, 0xC8, 0x03, 0xC3, 0x74, 0x02, 0x72, 0x26, 0xB0, 0x06, 0xE6, 0x0A, 0xFA, 0xE6, 0x0C, 0x8A ; ....t.r&........
000FAE00  db 0xC1, 0xE6, 0x04, 0x8A, 0xC5, 0xE6, 0x04, 0x8A, 0xC2, 0xE6, 0x81, 0x4B, 0x8A, 0xC3, 0xE6, 0x05 ; ...........K....
000FAE10  db 0x8A, 0xC7, 0xE6, 0x05, 0xFB, 0x8A, 0xC6, 0xE6, 0x0B, 0xB0, 0x02, 0xE6, 0x0A, 0xC3, 0xB4, 0x09 ; ................
000FAE20  db 0xE9, 0x29, 0xFF, 0x8A, 0x3E, 0x3F, 0x04, 0x84, 0x3E, 0x3E, 0x04, 0x75, 0x10, 0x53, 0xE8, 0x25 ; .)..>?..>>.u.S.%
000FAE30  db 0x00, 0x74, 0x05, 0xE8, 0x20, 0x00, 0x75, 0x19, 0x5B, 0x08, 0x3E, 0x3E, 0x04, 0xB4, 0x0F, 0xE8 ; .t.. .u.[.>>....
000FAE40  db 0xB7, 0x00, 0x8A, 0x66, 0x06, 0xE8, 0xB1, 0x00, 0x8A, 0x66, 0x05, 0xE8, 0x10, 0x00, 0x72, 0x01 ; ...f.....f....r.
000FAE50  db 0xC3, 0xB4, 0x40, 0xE9, 0xF6, 0xFE, 0xB4, 0x07, 0xE8, 0x9E, 0x00, 0x8A, 0x66, 0x06, 0xE8, 0x18 ; ..@.........f...
000FAE60  db 0x00, 0xB0, 0x09, 0xE8, 0xB4, 0x00, 0x74, 0x09, 0xB9, 0xC6, 0x01, 0xE2, 0xFE, 0xFE, 0xCC, 0x75 ; ......t........u
000FAE70  db 0xF7, 0xB4, 0x08, 0xE8, 0x83, 0x00, 0xEB, 0x26, 0x90, 0x80, 0x26, 0x3E, 0x04, 0x7F, 0xE8, 0x78 ; .......&..&>...x
000FAE80  db 0x00, 0xB9, 0x00, 0x00, 0xB0, 0x05, 0xF6, 0x06, 0x3E, 0x04, 0x80, 0x75, 0x0B, 0xE2, 0xF7, 0xFE ; ........>..u....
000FAE90  db 0xC8, 0x75, 0xF3, 0xB4, 0x80, 0xE9, 0xB4, 0xFE, 0x80, 0x26, 0x3E, 0x04, 0x7F, 0xC3, 0xFC, 0xBA ; .u.......&>.....
000FAEA0  db 0xF4, 0x03, 0x8D, 0x1E, 0x42, 0x04, 0xB4, 0x07, 0xB9, 0x00, 0x00, 0xEC, 0xD0, 0xD0, 0x72, 0x07 ; ....B.........r.
000FAEB0  db 0xE2, 0xF9, 0xB4, 0x20, 0xE9, 0x95, 0xFE, 0xD0, 0xD0, 0x73, 0x13, 0x0A, 0xE4, 0x74, 0xF3, 0x42 ; ... .....s...t.B
000FAEC0  db 0xEC, 0x4A, 0x88, 0x07, 0x43, 0xFE, 0xCC, 0xB9, 0x0C, 0x00, 0xE2, 0xFE, 0xEB, 0xDD, 0xA0, 0x46 ; .J..C..........F
000FAED0  db 0x04, 0x3A, 0x46, 0x07, 0xA0, 0x47, 0x04, 0x74, 0x0B, 0xB0, 0x04, 0xE8, 0x3C, 0x00, 0x8A, 0xC4 ; .:F..G.t....<...
000FAEE0  db 0x02, 0x06, 0x47, 0x04, 0x2A, 0x46, 0x04, 0x8A, 0x26, 0x42, 0x04, 0xF6, 0xC4, 0xC0, 0xB4, 0x00 ; ..G.*F..&B......
000FAEF0  db 0xC3, 0x26, 0x8A, 0x27, 0xEB, 0x03, 0xE8, 0x21, 0x00, 0xBA, 0xF4, 0x03, 0xB9, 0x00, 0x00, 0xEC ; .&.'...!........
000FAF00  db 0xD0, 0xD0, 0x72, 0x07, 0xE2, 0xF9, 0xB4, 0x20, 0xE9, 0x41, 0xFE, 0xD0, 0xD0, 0x72, 0xF7, 0x8A ; ..r.... .A...r..
000FAF10  db 0xC4, 0x42, 0xEE, 0xB9, 0x08, 0x00, 0xE2, 0xFE, 0x43, 0xC3, 0xC4, 0x1E, 0x78, 0x00, 0x98, 0x03 ; .B......C...x...
000FAF20  db 0xD8, 0x26, 0x8A, 0x27, 0x0A, 0xE4, 0xC3, 0x00, 0x00, 0x00, 0x00, 0x00, 0x00, 0x00, 0x00, 0x00 ; .&.'............
000FAF30  db 0x00, 0x00, 0x00, 0x00, 0x00, 0x00, 0x00, 0x00, 0x00, 0x00, 0x00, 0x00, 0x00, 0x00, 0x00, 0x00 ; ................
000FAF40  db 0x00, 0x00, 0x00, 0x00, 0x00, 0x00, 0x00, 0x00, 0x00, 0x00, 0x00, 0x00, 0x00, 0x00, 0x00, 0x00 ; ................
000FAF50  db 0x00, 0x00, 0x00, 0x00, 0x00, 0x00, 0x00, 0x1E, 0x50, 0x33, 0xC0, 0x8E, 0xD8, 0x80, 0x0E, 0x3E ; ........P3.....>
000FAF60  db 0x04, 0x80, 0xB0, 0x66, 0xE6, 0x20, 0x58, 0x1F, 0xCF, 0xC6, 0x06, 0x40, 0x04, 0xFF, 0x8A, 0x4E ; ...f. X....@...N
000FAF70  db 0x06, 0xB0, 0x80, 0xFE, 0xC1, 0xD2, 0xC0, 0x84, 0x06, 0x3F, 0x04, 0x75, 0x2B, 0xA2, 0x3F, 0x04 ; .........?.u+.?.
000FAF80  db 0xB1, 0x04, 0xD2, 0xC0, 0x0A, 0x46, 0x06, 0x0C, 0x0C, 0xBA, 0xF2, 0x03, 0xEE, 0xB0, 0x0A, 0xE8 ; .....F..........
000FAF90  db 0x88, 0xFF, 0x80, 0xFC, 0x04, 0x73, 0x02, 0xB4, 0x04, 0xB0, 0x7D, 0xB9, 0xC6, 0x01, 0xE2, 0xFE ; .....s....}.....
000FAFA0  db 0xFE, 0xC8, 0x75, 0xF7, 0xFE, 0xCC, 0x75, 0xF1, 0xC3, 0x00, 0x00, 0x00, 0x00, 0x00, 0x00, 0x00 ; ..u...u.........
000FAFB0  db 0x00, 0x00, 0x00, 0x00, 0x00, 0x00, 0x00, 0x00, 0x00, 0x00, 0x00, 0x00, 0x00, 0x00, 0x00, 0x00 ; ................
000FAFC0  db 0x00, 0x00, 0x00, 0x00, 0x00, 0x00, 0x00, 0xDF, 0x02, 0x64, 0x02, 0x09, 0x2A, 0xFF, 0x50, 0xF6 ; .........d..*.P.
000FAFD0  db 0x0F, 0x04, 0xEA, 0xB3, 0x0E, 0x00, 0xFC, 0x05, 0xC4, 0x00, 0x01, 0x00, 0x04, 0x00, 0x07, 0xA6 ; ................
000FAFE0  db 0xC2, 0x00, 0xBA, 0x01, 0xC4, 0x00, 0x03, 0x19, 0xB4, 0x00, 0x60, 0x4F, 0x56, 0x3A, 0x51, 0x60 ; ..........`OV:Q`
000FAFF0  db 0x70, 0x1F, 0x00, 0x0D, 0x0B, 0x0D, 0x00, 0x00, 0x00, 0x00, 0x5E, 0x2E, 0x5D, 0x28, 0x0D, 0x5E ; p.........^.](.^
000FB000  db 0x6E, 0xA3, 0xFF, 0x00, 0xCC, 0x01, 0xCA, 0x09, 0xCE, 0x00, 0x00, 0x00, 0x00, 0x00, 0x00, 0x00 ; n...............
000FB010  db 0x08, 0x00, 0xFF, 0xBA, 0x14, 0xC0, 0x00, 0x00, 0x08, 0x08, 0x08, 0x08, 0x08, 0x08, 0x08, 0x10 ; ................
000FB020  db 0x18, 0x18, 0x18, 0x18, 0x18, 0x18, 0x18, 0x0E, 0x00, 0x0F, 0x08, 0x00, 0xB0, 0x03, 0xC4, 0x02 ; ................
000FB030  db 0x03, 0x00, 0x03, 0x02, 0xCE, 0x05, 0x10, 0x0A, 0x00, 0x08, 0x03, 0x00, 0x00, 0x00, 0x00, 0x00 ; ................
000FB040  db 0x00, 0x00, 0x00, 0x00, 0x00, 0x55, 0x31, 0x18, 0x33, 0x31, 0x33, 0xD8, 0x33, 0x7D, 0x37, 0x96 ; .....U1.313.3}7.
000FB050  db 0x32, 0xFC, 0x33, 0xED, 0x33, 0xE9, 0x34, 0x03, 0x35, 0x16, 0x35, 0xD9, 0x32, 0x94, 0x36, 0x6F ; 2.3.3.4.5.5.2.6o
000FB060  db 0x37, 0x27, 0x35, 0x0B, 0x33, 0xEA, 0x6A, 0x30, 0x00, 0xFC, 0xE8, 0x41, 0xDB, 0x80, 0xFC, 0x10 ; 7'5.3.j0...A....
000FB070  db 0x73, 0x1F, 0x8A, 0x1E, 0x10, 0x04, 0x80, 0xE3, 0x30, 0x80, 0xFB, 0x30, 0xBB, 0x00, 0xB8, 0x75 ; s.......0..0...u
000FB080  db 0x03, 0xBB, 0x00, 0xB0, 0x8E, 0xC3, 0x8A, 0xDC, 0x32, 0xFF, 0x03, 0xDB, 0x2E, 0xFF, 0xA7, 0x45 ; ........2......E
000FB090  db 0x30, 0xC3, 0x00, 0x00, 0x00, 0x00, 0x00, 0x00, 0x00, 0x00, 0x00, 0x00, 0x00, 0x00, 0x00, 0x00 ; 0...............
000FB0A0  db 0x00, 0x00, 0x00, 0x00, 0x38, 0x28, 0x2D, 0x0A, 0x1F, 0x06, 0x19, 0x1C, 0x02, 0x07, 0x06, 0x07 ; ....8(-.........
000FB0B0  db 0x00, 0x00, 0x00, 0x00, 0x71, 0x50, 0x5A, 0x0A, 0x1F, 0x06, 0x19, 0x1C, 0x02, 0x07, 0x06, 0x07 ; ....qPZ.........
000FB0C0  db 0x00, 0x00, 0x00, 0x00, 0x38, 0x28, 0x2D, 0x0A, 0x7F, 0x06, 0x64, 0x70, 0x02, 0x01, 0x06, 0x07 ; ....8(-...dp....
000FB0D0  db 0x00, 0x00, 0x00, 0x00, 0x61, 0x50, 0x52, 0x0F, 0x19, 0x06, 0x19, 0x19, 0x02, 0x0D, 0x0B, 0x0C ; ....aPR.........
000FB0E0  db 0x00, 0x00, 0x00, 0x00, 0xE8, 0x1D, 0x00, 0x8B, 0x16, 0x63, 0x04, 0x83, 0xC2, 0x04, 0xA0, 0x65 ; .........c.....e
000FB0F0  db 0x04, 0xEE, 0xC3, 0xE8, 0x0E, 0x00, 0x8B, 0x16, 0x63, 0x04, 0x83, 0xC2, 0x04, 0xA0, 0x65, 0x04 ; ........c.....e.
000FB100  db 0x24, 0xF7, 0xEE, 0xC3, 0x8B, 0x16, 0x63, 0x04, 0x81, 0xFA, 0xB4, 0x03, 0x74, 0x13, 0x83, 0xC2 ; $.....c.....t...
000FB110  db 0x06, 0x33, 0xC9, 0xEC, 0x24, 0x08, 0x74, 0x02, 0xE2, 0xF9, 0xEC, 0x24, 0x08, 0x75, 0x02, 0xE2 ; .3..$.t....$.u..
000FB120  db 0xF9, 0xC3, 0xE8, 0x01, 0x00, 0xCB, 0xBB, 0xE8, 0x03, 0xB9, 0x2E, 0x22, 0x7A, 0x06, 0xBB, 0xD0 ; ..........."z...
000FB130  db 0x07, 0xB9, 0xB8, 0x88, 0xB0, 0xB6, 0xE6, 0x43, 0x8A, 0xC3, 0xE6, 0x42, 0x8A, 0xC7, 0xE6, 0x42 ; .......C...B...B
000FB140  db 0xE4, 0x61, 0x0C, 0x03, 0xE6, 0x61, 0xB4, 0x02, 0x51, 0xE2, 0xFE, 0x59, 0xFE, 0xCC, 0x75, 0xF8 ; .a...a..Q..Y..u.
000FB150  db 0x24, 0xFE, 0xE6, 0x61, 0xC3, 0xBF, 0x4E, 0x04, 0xB9, 0x15, 0x00, 0x33, 0xC0, 0x8E, 0xC0, 0xFC ; $..a..N....3....
000FB160  db 0xF3, 0xAA, 0xA0, 0x10, 0x04, 0x24, 0x30, 0x3C, 0x30, 0xB3, 0x07, 0x74, 0x03, 0x8A, 0x5E, 0x00 ; .....$0<0..t..^.
000FB170  db 0x88, 0x1E, 0x49, 0x04, 0xC4, 0x3E, 0x74, 0x00, 0xB0, 0x24, 0xE8, 0xF9, 0xDA, 0x74, 0x02, 0xB0 ; ..I..>t..$...t..
000FB180  db 0x07, 0x8A, 0xE8, 0xBE, 0x88, 0x31, 0xEB, 0x69, 0x83, 0xEA, 0x05, 0x89, 0x16, 0x63, 0x04, 0xA3 ; .....1.i.....c..
000FB190  db 0x65, 0x04, 0xF6, 0xC3, 0x02, 0xB8, 0x28, 0x00, 0x74, 0x02, 0xD1, 0xE0, 0xA3, 0x4A, 0x04, 0x03 ; e.....(.t....J..
000FB1A0  db 0xDB, 0x2E, 0x8B, 0x87, 0x08, 0x38, 0xA3, 0x4C, 0x04, 0xC7, 0x06, 0x60, 0x04, 0x07, 0x06, 0xE9 ; .....8.L...`....
000FB1B0  db 0x32, 0xFF, 0x8E, 0xDB, 0xB0, 0x23, 0xBB, 0xBC, 0x31, 0xE9, 0xC5, 0xDA, 0x24, 0x30, 0x75, 0x06 ; 2....#..1...$0u.
000FB1C0  db 0xBE, 0xD1, 0x31, 0xE9, 0xC8, 0xCE, 0xBE, 0xCD, 0x31, 0xB0, 0x03, 0xEB, 0x0F, 0x4A, 0xEE, 0xB0 ; ..1.....1....J..
000FB1D0  db 0x07, 0xBE, 0xD6, 0x31, 0xEB, 0x06, 0x4A, 0xEE, 0x8C, 0xD8, 0xFF, 0xE0, 0x8B, 0xF8, 0xB0, 0x24 ; ...1..J........$
000FB1E0  db 0xBB, 0xE6, 0x31, 0xE9, 0x9B, 0xDA, 0x8A, 0xE8, 0x8B, 0xDF, 0x8C, 0xC8, 0x8E, 0xC0, 0xBF, 0xA4 ; ..1.............
000FB1F0  db 0x30, 0xBA, 0xD9, 0x03, 0x33, 0xC0, 0x80, 0xFB, 0x07, 0x75, 0x04, 0xB2, 0xB9, 0xFE, 0xC4, 0xEE ; 0...3....u......
000FB200  db 0x4A, 0x8A, 0xC4, 0xEE, 0x80, 0xEA, 0x04, 0x8A, 0xFD, 0x8A, 0xC3, 0x3C, 0x06, 0x75, 0x02, 0xFE ; J..........<.u..
000FB210  db 0xC8, 0x24, 0xFE, 0x32, 0xE4, 0xB1, 0x03, 0xD3, 0xE0, 0x03, 0xF8, 0xB9, 0x10, 0x00, 0x33, 0xC0 ; .$.2..........3.
000FB220  db 0x26, 0x8A, 0x25, 0xEF, 0x47, 0xFE, 0xC0, 0xE2, 0xF7, 0xFC, 0x80, 0xC2, 0x04, 0x80, 0xFB, 0x07 ; &.%.G...........
000FB230  db 0x74, 0x11, 0xB0, 0x12, 0xEE, 0xB8, 0x00, 0xB8, 0x8E, 0xC0, 0xB9, 0x00, 0x20, 0x33, 0xC0, 0x33 ; t........... 3.3
000FB240  db 0xFF, 0xF3, 0xAB, 0x8A, 0xEF, 0x32, 0xFF, 0x2E, 0x8A, 0x87, 0x18, 0x38, 0x24, 0xF7, 0xEE, 0x8A ; .....2.....8$...
000FB250  db 0xE5, 0xBF, 0x00, 0xB0, 0xB9, 0x00, 0x08, 0x80, 0xFB, 0x07, 0x74, 0x0B, 0xF6, 0xC3, 0x04, 0x75 ; ..........t....u
000FB260  db 0x10, 0xBF, 0x00, 0xB8, 0xB9, 0x00, 0x20, 0xB0, 0x20, 0x8E, 0xC7, 0x33, 0xFF, 0xF3, 0xAB, 0x8A ; ...... . ..3....
000FB270  db 0xFC, 0xB0, 0x10, 0x80, 0xFB, 0x05, 0x74, 0x11, 0x8A, 0xC7, 0xB1, 0x04, 0xD2, 0xC8, 0x24, 0x07 ; ......t.......$.
000FB280  db 0x0C, 0x30, 0x80, 0xFB, 0x06, 0x75, 0x02, 0x0C, 0x07, 0x42, 0xEE, 0x8A, 0xE0, 0x32, 0xFF, 0x2E ; .0...u...B...2..
000FB290  db 0x8A, 0x87, 0x18, 0x38, 0xFF, 0xE6, 0x80, 0x3E, 0x49, 0x04, 0x03, 0x77, 0x3B, 0x8A, 0x5E, 0x00 ; ...8...>I..w;.^.
000FB2A0  db 0x80, 0xFB, 0x04, 0x72, 0x0C, 0x80, 0xFB, 0x08, 0x73, 0x2E, 0x80, 0x3E, 0x49, 0x04, 0x01, 0x77 ; ...r....s..>I..w
000FB2B0  db 0x27, 0x88, 0x1E, 0x62, 0x04, 0xA1, 0x4C, 0x04, 0x32, 0xFF, 0x53, 0xF7, 0xE3, 0xA3, 0x4E, 0x04 ; '..b..L.2.S...N.
000FB2C0  db 0xD1, 0xE8, 0x8B, 0xD8, 0xE8, 0x3D, 0xFE, 0xB4, 0x0C, 0xE8, 0x84, 0x00, 0x5B, 0x03, 0xDB, 0x8B ; .....=......[...
000FB2D0  db 0x8F, 0x50, 0x04, 0xD1, 0xEB, 0xEB, 0x70, 0x90, 0xC3, 0xE8, 0x28, 0xFE, 0x8B, 0x46, 0x02, 0x0A ; .P....p...(..F..
000FB2E0  db 0xE4, 0x8A, 0x26, 0x66, 0x04, 0x75, 0x07, 0x80, 0xE4, 0x20, 0x0A, 0xC4, 0xEB, 0x11, 0x86, 0xC4 ; ..&f.u... ......
000FB2F0  db 0x24, 0xDF, 0x80, 0x3E, 0x49, 0x04, 0x05, 0x74, 0x06, 0x0A, 0xE4, 0x74, 0x02, 0x0C, 0x20, 0xA2 ; $..>I..t...t.. .
000FB300  db 0x66, 0x04, 0x8B, 0x16, 0x63, 0x04, 0x83, 0xC2, 0x05, 0xEE, 0xC3, 0xA1, 0x49, 0x04, 0x89, 0x46 ; f...c.......I..F
000FB310  db 0x00, 0xA0, 0x62, 0x04, 0x88, 0x46, 0x03, 0xC3, 0x89, 0x0E, 0x60, 0x04, 0x80, 0x3E, 0x49, 0x04 ; ..b..F....`..>I.
000FB320  db 0x07, 0x74, 0x08, 0x80, 0xFD, 0x20, 0x72, 0x03, 0xB9, 0x1E, 0x1E, 0xB4, 0x0A, 0x8B, 0xD9, 0xEB ; .t... r.........
000FB330  db 0x1F, 0x8A, 0x5E, 0x03, 0x32, 0xFF, 0xD1, 0xE3, 0x89, 0x97, 0x50, 0x04, 0xD1, 0xEB, 0x8B, 0xCA ; ..^.2.....P.....
000FB340  db 0x3A, 0x1E, 0x62, 0x04, 0x74, 0x01, 0xC3, 0xE8, 0x47, 0x00, 0x8B, 0xDF, 0xD1, 0xEB, 0xB4, 0x0E ; :.b.t...G.......
000FB350  db 0x8B, 0x16, 0x63, 0x04, 0x8A, 0xC4, 0xEE, 0x42, 0x8A, 0xC7, 0xEE, 0x4A, 0x8A, 0xC4, 0x40, 0xEE ; ..c....B...J..@.
000FB360  db 0x8A, 0xC3, 0x42, 0xEE, 0x4A, 0xC3, 0xA0, 0x49, 0x04, 0x3C, 0x07, 0x74, 0x0A, 0xA8, 0x04, 0x74 ; ..B.J..I.<.t...t
000FB370  db 0x06, 0x8B, 0x0E, 0x50, 0x04, 0xEB, 0x43, 0x8A, 0x5E, 0x03, 0x32, 0xFF, 0xD0, 0xE3, 0x8B, 0x8F ; ...P..C.^.2.....
000FB380  db 0x50, 0x04, 0xD0, 0xEB, 0xEB, 0x0B, 0xA0, 0x49, 0x04, 0x3C, 0x07, 0x74, 0x04, 0xA8, 0x04, 0x75 ; P......I.<.t...u
000FB390  db 0x29, 0xA1, 0x4A, 0x04, 0xD1, 0xE0, 0xF6, 0xE5, 0x8B, 0xF9, 0x81, 0xE7, 0xFF, 0x00, 0xD1, 0xE7 ; ).J.............
000FB3A0  db 0x03, 0xF8, 0xA1, 0x4C, 0x04, 0x81, 0xE3, 0xFF, 0x00, 0x74, 0x09, 0x52, 0xA1, 0x4C, 0x04, 0xF7 ; ...L.....t.R.L..
000FB3B0  db 0xE3, 0x03, 0xF8, 0x5A, 0xF8, 0xC3, 0x8B, 0x0E, 0x50, 0x04, 0xB8, 0x50, 0x00, 0xF6, 0xE5, 0xD1 ; ...Z....P..P....
000FB3C0  db 0xE0, 0xD1, 0xE0, 0x8B, 0xF9, 0x81, 0xE7, 0xFF, 0x00, 0x03, 0xC7, 0x80, 0x3E, 0x49, 0x04, 0x06 ; ............>I..
000FB3D0  db 0x74, 0x02, 0x03, 0xC7, 0x8B, 0xF8, 0xF9, 0xC3, 0x8A, 0x5E, 0x03, 0x02, 0xDB, 0x32, 0xFF, 0x8B ; t........^...2..
000FB3E0  db 0x87, 0x50, 0x04, 0x89, 0x46, 0x06, 0xA1, 0x60, 0x04, 0x89, 0x46, 0x04, 0xC3, 0x8B, 0xCA, 0x2A ; .P..F..`..F....*
000FB3F0  db 0xE8, 0x8B, 0x1E, 0x4A, 0x04, 0xD1, 0xE3, 0xF7, 0xDB, 0xFD, 0xEB, 0x0B, 0x8B, 0xD1, 0x02, 0xE8 ; ...J............
000FB400  db 0x8B, 0x1E, 0x4A, 0x04, 0xD1, 0xE3, 0xFC, 0x53, 0x8A, 0x1E, 0x62, 0x04, 0xE8, 0x77, 0xFF, 0x8B ; ..J....S..b..w..
000FB410  db 0xF7, 0x8B, 0xCA, 0xE8, 0x70, 0xFF, 0xE8, 0xEB, 0xFC, 0x5A, 0x8A, 0x4E, 0x06, 0x2A, 0x4E, 0x04 ; ....p....Z.N.*N.
000FB420  db 0xFE, 0xC1, 0x32, 0xED, 0x8A, 0x7E, 0x03, 0x8A, 0x5E, 0x07, 0x2A, 0x5E, 0x05, 0x8A, 0x46, 0x00 ; ..2..~..^.*^..F.
000FB430  db 0x2A, 0xD8, 0xFE, 0xC3, 0xE8, 0x2F, 0x00, 0x72, 0x3D, 0x0A, 0xC0, 0x74, 0x18, 0x06, 0x1F, 0x56 ; *..../.r=..t...V
000FB440  db 0x57, 0x51, 0xF3, 0xA5, 0x59, 0x5F, 0x5E, 0x03, 0xF2, 0x03, 0xFA, 0xFE, 0xCB, 0x75, 0xF0, 0x8A ; WQ..Y_^......u..
000FB450  db 0xD8, 0x33, 0xC0, 0x8E, 0xD8, 0x8A, 0xE7, 0xB0, 0x20, 0x57, 0x51, 0xF3, 0xAB, 0x59, 0x5F, 0x03 ; .3...... WQ..Y_.
000FB460  db 0xFA, 0xFE, 0xCB, 0x75, 0xF4, 0xC3, 0x80, 0x3E, 0x49, 0x04, 0x07, 0x74, 0x08, 0xF6, 0x06, 0x49 ; ...u...>I..t...I
000FB470  db 0x04, 0x04, 0x74, 0x01, 0xF9, 0xC3, 0x50, 0x80, 0x3E, 0x49, 0x04, 0x06, 0x74, 0x0A, 0x03, 0xC9 ; ..t...P.>I..t...
000FB480  db 0x0A, 0xF6, 0x79, 0x17, 0x47, 0x46, 0xEB, 0x0B, 0x8B, 0xC2, 0xD1, 0xE8, 0x98, 0x8B, 0xD0, 0x0A ; ..y.GF..........
000FB490  db 0xF6, 0x79, 0x08, 0x81, 0xC7, 0xF0, 0x00, 0x81, 0xC6, 0xF0, 0x00, 0x58, 0x0A, 0xC0, 0x74, 0x2C ; .y.........X..t,
000FB4A0  db 0xD0, 0xE3, 0xD0, 0xE3, 0x06, 0x1F, 0x56, 0x57, 0x51, 0xF3, 0xA4, 0x59, 0x5F, 0x5E, 0x56, 0x57 ; ......VWQ..Y_^VW
000FB4B0  db 0x51, 0x81, 0xC7, 0x00, 0x20, 0x81, 0xC6, 0x00, 0x20, 0xF3, 0xA4, 0x59, 0x5F, 0x5E, 0x03, 0xFA ; Q... ... ..Y_^..
000FB4C0  db 0x03, 0xF2, 0xFE, 0xCB, 0x75, 0xE0, 0x33, 0xF6, 0x8E, 0xDE, 0x8A, 0xD8, 0x8A, 0xC7, 0xD0, 0xE3 ; ....u.3.........
000FB4D0  db 0xD0, 0xE3, 0x57, 0x51, 0xF3, 0xAA, 0x59, 0x5F, 0x57, 0x51, 0x81, 0xC7, 0x00, 0x20, 0xF3, 0xAA ; ..WQ..Y_WQ... ..
000FB4E0  db 0x59, 0x5F, 0x03, 0xFA, 0xFE, 0xCB, 0x75, 0xEA, 0xC3, 0xE8, 0x7A, 0xFE, 0x73, 0x03, 0xE9, 0xFE ; Y_....u...z.s...
000FB4F0  db 0x01, 0x26, 0x8B, 0x05, 0x89, 0x46, 0x00, 0xC3, 0xE8, 0x66, 0x01, 0x53, 0xE8, 0xEC, 0x00, 0x5B ; .&...F...f.S...[
000FB500  db 0xE2, 0xF9, 0xC3, 0xE8, 0x60, 0xFE, 0x8B, 0x4E, 0x04, 0x72, 0xED, 0x8A, 0x46, 0x00, 0x8A, 0x66 ; ....`..N.r..F..f
000FB510  db 0x02, 0xFC, 0xAB, 0xE2, 0xFD, 0xC3, 0xE8, 0x4D, 0xFE, 0x8B, 0x4E, 0x04, 0x72, 0xDA, 0xFC, 0x8A ; .......M..N.r...
000FB520  db 0x46, 0x00, 0xAA, 0x47, 0xE2, 0xF9, 0xC3, 0x8A, 0x1E, 0x62, 0x04, 0xD0, 0xE3, 0x32, 0xFF, 0x8B ; F..G.....b...2..
000FB530  db 0x8F, 0x50, 0x04, 0x33, 0xD2, 0x86, 0xD1, 0xD0, 0xEB, 0xE8, 0x4A, 0xFE, 0x1A, 0xE4, 0x8A, 0x46 ; .P.3......J....F
000FB540  db 0x00, 0x3C, 0x20, 0x73, 0x22, 0x3C, 0x07, 0x75, 0x03, 0xE9, 0xE2, 0xFB, 0x3C, 0x0A, 0x74, 0x44 ; .< s"<.u....<.tD
000FB550  db 0x3C, 0x08, 0x75, 0x0A, 0x0A, 0xD2, 0x75, 0x01, 0xC3, 0xFE, 0xCA, 0xEB, 0x79, 0x90, 0x3C, 0x0D ; <.u...u.....y.<.
000FB560  db 0x75, 0x05, 0xB2, 0x00, 0xEB, 0x70, 0x90, 0x57, 0x03, 0xFA, 0x03, 0xFA, 0x0A, 0xE4, 0x75, 0x06 ; u....p.W......u.
000FB570  db 0x8A, 0x46, 0x00, 0xAA, 0xEB, 0x13, 0x52, 0x51, 0x80, 0x3E, 0x49, 0x04, 0x06, 0x75, 0x02, 0x2B ; .F....RQ.>I..u.+
000FB580  db 0xFA, 0xE8, 0xDD, 0x00, 0xE8, 0x64, 0x00, 0x59, 0x5A, 0x5F, 0xFE, 0xC2, 0x3A, 0x16, 0x4A, 0x04 ; .....d.YZ_..:.J.
000FB590  db 0x72, 0x44, 0x32, 0xD2, 0x80, 0xFD, 0x18, 0x72, 0x33, 0x26, 0x8A, 0x7D, 0x01, 0xE8, 0xC6, 0xFE ; rD2....r3&.}....
000FB5A0  db 0x73, 0x02, 0x32, 0xFF, 0x53, 0xE8, 0x2E, 0x00, 0xE8, 0x59, 0xFB, 0x8A, 0x1E, 0x62, 0x04, 0xB9 ; s.2.S....Y...b..
000FB5B0  db 0x00, 0x01, 0xE8, 0xD1, 0xFD, 0x8B, 0xF7, 0x8B, 0x3E, 0x4E, 0x04, 0x8B, 0x0E, 0x4A, 0x04, 0x8B ; ........>N...J..
000FB5C0  db 0xD1, 0x03, 0xD2, 0xFC, 0x5B, 0xB3, 0x18, 0xB0, 0x01, 0xE9, 0x68, 0xFE, 0x8B, 0x1E, 0x4A, 0x04 ; ....[.....h...J.
000FB5D0  db 0x03, 0xDB, 0x03, 0xFB, 0xFE, 0xC5, 0x8A, 0x1E, 0x62, 0x04, 0x8A, 0xCA, 0x32, 0xFF, 0x03, 0xDB ; ........b...2...
000FB5E0  db 0x89, 0x8F, 0x50, 0x04, 0x03, 0xFA, 0x03, 0xFA, 0xE9, 0x5F, 0xFD, 0x51, 0x57, 0xB9, 0x08, 0x00 ; ..P......_.QW...
000FB5F0  db 0x80, 0x3E, 0x49, 0x04, 0x06, 0x74, 0x44, 0x8A, 0x46, 0x02, 0x24, 0x03, 0x32, 0xE4, 0x8B, 0xF0 ; .>I..tD.F.$.2...
000FB600  db 0x56, 0x33, 0xC0, 0x1E, 0x8E, 0xDA, 0x8A, 0x2F, 0x43, 0x1F, 0xD0, 0xED, 0x73, 0x02, 0x0B, 0xC6 ; V3...../C...s...
000FB610  db 0xD1, 0xE6, 0xD1, 0xE6, 0x0A, 0xED, 0x75, 0xF2, 0x86, 0xE0, 0xF6, 0x46, 0x02, 0x80, 0x74, 0x03 ; ......u....F..t.
000FB620  db 0x26, 0x33, 0x05, 0x26, 0x89, 0x05, 0xB8, 0x00, 0x20, 0xF6, 0xC1, 0x01, 0x74, 0x03, 0xB8, 0x50 ; &3.&.... ...t..P
000FB630  db 0xE0, 0x03, 0xF8, 0x5E, 0xE2, 0xCA, 0x5F, 0x47, 0x47, 0x59, 0xC3, 0x1E, 0x8E, 0xDA, 0x8A, 0x07 ; ...^.._GGY......
000FB640  db 0xF6, 0x46, 0x02, 0x80, 0x74, 0x03, 0x26, 0x32, 0x05, 0x26, 0x88, 0x05, 0x43, 0xB8, 0x00, 0x20 ; .F..t.&2.&..C.. 
000FB650  db 0xF6, 0xC1, 0x01, 0x74, 0x03, 0xB8, 0x50, 0xE0, 0x03, 0xF8, 0xE2, 0xE2, 0x1F, 0x5F, 0x47, 0x59 ; ...t..P......_GY
000FB660  db 0xC3, 0x8A, 0x66, 0x00, 0x80, 0xFC, 0x80, 0x72, 0x0A, 0x80, 0xE4, 0x7F, 0xE8, 0x16, 0x00, 0x75 ; ..f....r.......u
000FB670  db 0x07, 0xB4, 0x20, 0x8C, 0xCA, 0xBB, 0x6E, 0x3A, 0x8A, 0xC4, 0x32, 0xE4, 0x03, 0xC0, 0x03, 0xC0 ; .. ...n:..2.....
000FB680  db 0x03, 0xC0, 0x03, 0xD8, 0xC3, 0x50, 0x8B, 0x1E, 0x7C, 0x00, 0x8B, 0x16, 0x7E, 0x00, 0x8B, 0xC2 ; .....P..|...~...
000FB690  db 0x0B, 0xC3, 0x58, 0xC3, 0xE8, 0x1D, 0x00, 0x8A, 0x46, 0x00, 0xD2, 0xC8, 0x22, 0xC4, 0xF6, 0x46 ; ..X.....F..."..F
000FB6A0  db 0x00, 0x80, 0x74, 0x07, 0x26, 0x32, 0x05, 0x26, 0x88, 0x05, 0xC3, 0xF6, 0xD4, 0x26, 0x20, 0x25 ; ..t.&2.&.....& %
000FB6B0  db 0x26, 0x08, 0x05, 0xC3, 0xB0, 0x50, 0xD1, 0xCA, 0xF6, 0xE2, 0xF6, 0xC6, 0x80, 0x74, 0x03, 0x05 ; &....P.......t..
000FB6C0  db 0x00, 0x20, 0x8B, 0xD1, 0xD1, 0xEA, 0xD1, 0xEA, 0x80, 0x3E, 0x49, 0x04, 0x06, 0x75, 0x10, 0xD1 ; . .......>I..u..
000FB6D0  db 0xEA, 0x03, 0xC2, 0x8B, 0xF8, 0x80, 0xE1, 0x07, 0xFE, 0xC1, 0xB4, 0x01, 0xD2, 0xCC, 0xC3, 0x03 ; ................
000FB6E0  db 0xC2, 0x8B, 0xF8, 0x80, 0xE1, 0x03, 0xFE, 0xC1, 0x02, 0xC9, 0xB4, 0x03, 0xD2, 0xCC, 0xC3, 0x8C ; ................
000FB6F0  db 0xCA, 0xBB, 0x6E, 0x3A, 0xE8, 0x12, 0x00, 0x72, 0x0C, 0xE8, 0x89, 0xFF, 0x74, 0x07, 0xE8, 0x08 ; ..n:...r....t...
000FB700  db 0x00, 0x73, 0x02, 0x0C, 0x80, 0x88, 0x46, 0x00, 0xC3, 0x53, 0xB9, 0x80, 0x00, 0x57, 0x51, 0x53 ; .s....F..S...WQS
000FB710  db 0xB9, 0x08, 0x00, 0x26, 0x8B, 0x05, 0x8A, 0xE8, 0x86, 0xE0, 0x80, 0x3E, 0x49, 0x04, 0x06, 0x74 ; ...&.......>I..t
000FB720  db 0x1A, 0x51, 0xB1, 0x08, 0xBE, 0x03, 0x00, 0x32, 0xED, 0x85, 0xC6, 0x74, 0x01, 0xF9, 0xD0, 0xDD ; .Q.....2...t....
000FB730  db 0xD1, 0xE6, 0xD1, 0xE6, 0xFE, 0xC9, 0x75, 0xF1, 0x58, 0x8A, 0xC8, 0x1E, 0x8E, 0xDA, 0x3A, 0x2F ; ......u.X.....:/
000FB740  db 0x1F, 0x75, 0x20, 0xB8, 0x00, 0x20, 0xF6, 0xC1, 0x01, 0x74, 0x03, 0xB8, 0x50, 0xE0, 0x03, 0xF8 ; .u .. ...t..P...
000FB750  db 0x43, 0xFE, 0xC9, 0x75, 0xBE, 0x58, 0x59, 0x5F, 0x5B, 0x2B, 0xC3, 0xD1, 0xE8, 0xD1, 0xE8, 0xD1 ; C..u.XY_[+......
000FB760  db 0xE8, 0xF9, 0xC3, 0x5B, 0x59, 0x5F, 0x83, 0xC3, 0x08, 0xE2, 0xA2, 0x33, 0xC0, 0x5B, 0xC3, 0xE8 ; ...[Y_.....3.[..
000FB770  db 0x42, 0xFF, 0x26, 0x8A, 0x05, 0x22, 0xC4, 0xD2, 0xC0, 0x88, 0x46, 0x00, 0xC3, 0x8B, 0x16, 0x63 ; B.&.."....F....c
000FB780  db 0x04, 0x83, 0xC2, 0x06, 0xEC, 0x24, 0x06, 0x3C, 0x02, 0x74, 0x08, 0x72, 0x02, 0x42, 0xEE, 0x33 ; .....$.<.t.r.B.3
000FB790  db 0xC0, 0xEB, 0x69, 0x83, 0xEA, 0x06, 0xB0, 0x10, 0xEE, 0x42, 0xEC, 0x8A, 0xE0, 0x4A, 0xB0, 0x11 ; ..i......B...J..
000FB7A0  db 0xEE, 0x42, 0xEC, 0x83, 0xC2, 0x06, 0xEE, 0x33, 0xDB, 0x8A, 0x1E, 0x49, 0x04, 0x2E, 0x8A, 0x9F ; .B.....3...I....
000FB7B0  db 0x00, 0x38, 0x2B, 0xC3, 0x72, 0x0A, 0x8B, 0x0E, 0x4E, 0x04, 0xD1, 0xE9, 0x2B, 0xC1, 0x73, 0x02 ; .8+.r...N...+.s.
000FB7C0  db 0x33, 0xC0, 0xD0, 0xEB, 0xFE, 0xCB, 0xB3, 0x28, 0x74, 0x02, 0xD0, 0xE3, 0xF6, 0xF3, 0x8A, 0xE8 ; 3......(t.......
000FB7D0  db 0xD0, 0xE5, 0x8A, 0xD4, 0x80, 0x3E, 0x49, 0x04, 0x06, 0x75, 0x02, 0xD0, 0xE2, 0xE8, 0x86, 0xFC ; .....>I..u......
000FB7E0  db 0xB1, 0x02, 0x72, 0x02, 0xD2, 0xE5, 0x33, 0xDB, 0x8A, 0xDA, 0x41, 0xD3, 0xE3, 0x8A, 0xF5, 0xD2 ; ..r...3...A.....
000FB7F0  db 0xEE, 0x89, 0x56, 0x06, 0x88, 0x6E, 0x05, 0x89, 0x5E, 0x02, 0xB0, 0x01, 0x88, 0x46, 0x01, 0xC3 ; ..V..n..^....F..
000FB800  db 0x02, 0x02, 0x04, 0x04, 0x02, 0x02, 0x02, 0x04, 0x00, 0x08, 0x00, 0x08, 0x00, 0x10, 0x00, 0x10 ; ................
000FB810  db 0x00, 0x40, 0x00, 0x40, 0x00, 0x40, 0x00, 0x10, 0x28, 0x28, 0x29, 0x29, 0x0A, 0x0E, 0x1A, 0x29 ; .@.@.@..(())...)
000FB820  db 0x00, 0x00, 0x00, 0x00, 0x00, 0x00, 0x00, 0x00, 0x00, 0x00, 0x00, 0x00, 0x00, 0x00, 0x00, 0x00 ; ................
000FB830  db 0x00, 0x00, 0x00, 0x00, 0x00, 0x00, 0x00, 0x00, 0x00, 0x00, 0x00, 0x00, 0x00, 0x00, 0x00, 0x00 ; ................
000FB840  db 0x00, 0xEA, 0xCE, 0x0B, 0x00, 0xFC, 0x00, 0x00, 0x00, 0x00, 0x00, 0x00, 0x00, 0xEA, 0xD8, 0x0B ; ................
000FB850  db 0x00, 0xFC, 0x8A, 0x02, 0x03, 0x00, 0x5C, 0x4C, 0x61, 0x73, 0x74, 0x20, 0x75, 0x73, 0x65, 0x64 ; ......\Last used
000FB860  db 0x20, 0x61, 0x74, 0x20, 0x8A, 0x5C, 0x07, 0x00, 0x02, 0x03, 0x8B, 0x74, 0x69, 0x6D, 0x65, 0x20 ;  at .\.....time 
000FB870  db 0x61, 0x6E, 0x64, 0x20, 0x64, 0x61, 0x74, 0x65, 0x8B, 0x75, 0x73, 0x65, 0x72, 0x20, 0x6F, 0x70 ; and date.user op
000FB880  db 0x74, 0x69, 0x6F, 0x6E, 0x73, 0x20, 0x28, 0x69, 0x66, 0x20, 0x72, 0x65, 0x71, 0x75, 0x69, 0x72 ; tions (if requir
000FB890  db 0x65, 0x64, 0x29, 0x5C, 0x07, 0x07, 0x07, 0x00, 0x8F, 0x66, 0x69, 0x74, 0x20, 0x6E, 0x65, 0x77 ; ed)\.....fit new
000FB8A0  db 0x20, 0x62, 0x61, 0x74, 0x74, 0x65, 0x72, 0x69, 0x65, 0x73, 0x5C, 0x00, 0x5C, 0x43, 0x68, 0x65 ;  batteries\.\Che
000FB8B0  db 0x63, 0x6B, 0x20, 0x6B, 0x65, 0x79, 0x62, 0x6F, 0x61, 0x72, 0x64, 0x20, 0x61, 0x6E, 0x64, 0x20 ; ck keyboard and 
000FB8C0  db 0x6D, 0x6F, 0x75, 0x73, 0x65, 0x00, 0x5C, 0x49, 0x6E, 0x73, 0x65, 0x72, 0x74, 0x20, 0x61, 0x20 ; mouse.\Insert a 
000FB8D0  db 0x8C, 0x64, 0x69, 0x73, 0x6B, 0x20, 0x69, 0x6E, 0x74, 0x6F, 0x8E, 0x20, 0x41, 0x5C, 0x54, 0x68 ; .disk into. A\Th
000FB8E0  db 0x65, 0x6E, 0x20, 0x70, 0x72, 0x65, 0x73, 0x73, 0x20, 0x61, 0x6E, 0x79, 0x20, 0x6B, 0x65, 0x79 ; en press any key
000FB8F0  db 0x00, 0x5C, 0x02, 0x10, 0x3A, 0x02, 0x1B, 0x61, 0x6C, 0x02, 0x1D, 0x20, 0x69, 0x6E, 0x63, 0x6F ; .\..:..al.. inco
000FB900  db 0x72, 0x72, 0x65, 0x63, 0x74, 0x3A, 0x5C, 0x52, 0x4F, 0x4D, 0x20, 0x61, 0x64, 0x64, 0x72, 0x65 ; rrect:\ROM addre
000FB910  db 0x73, 0x73, 0x20, 0x3D, 0x20, 0x10, 0x5C, 0x00, 0x02, 0x10, 0x3A, 0x20, 0x46, 0x61, 0x75, 0x6C ; ss = .\...: Faul
000FB920  db 0x74, 0x79, 0x20, 0x00, 0x8C, 0x52, 0x41, 0x4D, 0x00, 0x56, 0x44, 0x55, 0x20, 0x52, 0x41, 0x4D ; ty ..RAM.VDU RAM
000FB930  db 0x00, 0x02, 0x20, 0x02, 0x1F, 0x00, 0x02, 0x1E, 0x02, 0x1F, 0x00, 0x66, 0x6C, 0x6F, 0x70, 0x70 ; .. ........flopp
000FB940  db 0x79, 0x8D, 0x02, 0x1F, 0x20, 0x6F, 0x72, 0x8D, 0x8E, 0x00, 0x02, 0x11, 0x20, 0x02, 0x12, 0x00 ; y... or..... ...
000FB950  db 0x8C, 0x02, 0x14, 0x20, 0x02, 0x15, 0x00, 0x02, 0x17, 0x20, 0x74, 0x69, 0x6D, 0x65, 0x20, 0x63 ; ... ..... time c
000FB960  db 0x6C, 0x6F, 0x63, 0x6B, 0x00, 0x56, 0x44, 0x55, 0x02, 0x1F, 0x00, 0x8C, 0x02, 0x18, 0x02, 0x1A ; lock.VDU........
000FB970  db 0x00, 0x8C, 0x73, 0x65, 0x72, 0x69, 0x61, 0x6C, 0x02, 0x1A, 0x00, 0x6D, 0x6F, 0x75, 0x73, 0x65 ; ..serial...mouse
000FB980  db 0x20, 0x63, 0x6F, 0x6F, 0x72, 0x64, 0x69, 0x6E, 0x61, 0x74, 0x65, 0x20, 0x02, 0x15, 0x73, 0x00 ;  coordinate ..s.
000FB990  db 0x52, 0x4F, 0x53, 0x02, 0x1D, 0x00, 0x6D, 0x65, 0x6D, 0x6F, 0x72, 0x79, 0x20, 0x28, 0x70, 0x61 ; ROS...memory (pa
000FB9A0  db 0x72, 0x69, 0x74, 0x79, 0x20, 0x65, 0x72, 0x72, 0x6F, 0x72, 0x29, 0x00, 0x8F, 0x77, 0x61, 0x69 ; rity error)..wai
000FB9B0  db 0x74, 0x00, 0x02, 0x04, 0x79, 0x00, 0x02, 0x05, 0x79, 0x00, 0x4D, 0x61, 0x72, 0x63, 0x68, 0x00 ; t...y...y.March.
000FB9C0  db 0x02, 0x09, 0x00, 0x4D, 0x61, 0x79, 0x00, 0x4A, 0x75, 0x6E, 0x65, 0x00, 0x4A, 0x75, 0x6C, 0x79 ; ...May.June.July
000FB9D0  db 0x00, 0x02, 0x0A, 0x00, 0x02, 0x0B, 0x00, 0x4F, 0x63, 0x74, 0x6F, 0x62, 0x65, 0x72, 0x00, 0x02 ; .......October..
000FB9E0  db 0x0D, 0x00, 0x02, 0x0E, 0x00, 0x11, 0x3A, 0x12, 0x20, 0x6F, 0x6E, 0x20, 0x13, 0x20, 0x0F, 0x20 ; ......:. on . . 
000FB9F0  db 0x14, 0x00, 0x5C, 0x8F, 0x73, 0x65, 0x74, 0x20, 0x00, 0x53, 0x59, 0x53, 0x54, 0x45, 0x4D, 0x20 ; ..\.set .SYSTEM 
000FBA00  db 0x00, 0x20, 0x64, 0x69, 0x73, 0x6B, 0x00, 0x20, 0x64, 0x72, 0x69, 0x76, 0x65, 0x00, 0x50, 0x6C ; . disk. drive.Pl
000FBA10  db 0x65, 0x61, 0x73, 0x65, 0x20, 0x00, 0x00, 0x00, 0x00, 0x00, 0x00, 0x00, 0x00, 0x00, 0x00, 0x00 ; ease ...........
000FBA20  db 0x00, 0x00, 0x00, 0x00, 0x00, 0x00, 0x00, 0x00, 0x00, 0x00, 0x00, 0x00, 0x00, 0x00, 0x00, 0x00 ; ................
000FBA30  db 0x00, 0x00, 0x00, 0x00, 0x00, 0x00, 0x00, 0x00, 0x00, 0x00, 0x00, 0x00, 0x00, 0x00, 0x00, 0x00 ; ................
000FBA40  db 0x00, 0x00, 0x00, 0x00, 0x00, 0x00, 0x00, 0x00, 0x00, 0x00, 0x00, 0x00, 0x00, 0x00, 0x00, 0x00 ; ................
000FBA50  db 0x00, 0x00, 0x00, 0x00, 0x00, 0x00, 0x00, 0x00, 0x00, 0x00, 0x00, 0x00, 0x00, 0x00, 0x00, 0x00 ; ................
000FBA60  db 0x00, 0x00, 0x00, 0x00, 0x00, 0x00, 0x00, 0x00, 0x00, 0x00, 0x00, 0x00, 0x00, 0x00, 0x00, 0x00 ; ................
000FBA70  db 0x00, 0x00, 0x00, 0x00, 0x00, 0x00, 0x7E, 0xC3, 0xA5, 0x81, 0xA5, 0x99, 0xC3, 0x7E, 0x7E, 0xFF ; ......~......~~.
000FBA80  db 0xDB, 0xFF, 0xDB, 0xE7, 0xFF, 0x7E, 0x00, 0x6C, 0xFE, 0xFE, 0x7C, 0x38, 0x10, 0x00, 0x00, 0x10 ; .....~.l..|8....
000FBA90  db 0x38, 0x7C, 0xFE, 0x7C, 0x38, 0x10, 0x00, 0x38, 0x38, 0xD6, 0xFE, 0xD6, 0x10, 0x38, 0x00, 0x10 ; 8|.|8..88....8..
000FBAA0  db 0x38, 0x7C, 0xFE, 0xD6, 0x10, 0x38, 0x00, 0x00, 0x18, 0x3C, 0x3C, 0x18, 0x00, 0x00, 0xFF, 0xFF ; 8|...8...<<.....
000FBAB0  db 0xE7, 0xC3, 0xC3, 0xE7, 0xFF, 0xFF, 0x00, 0x3C, 0x66, 0x42, 0x42, 0x66, 0x3C, 0x00, 0xFF, 0xC3 ; .......<fBBf<...
000FBAC0  db 0x99, 0xBD, 0xBD, 0x99, 0xC3, 0xFF, 0x0F, 0x07, 0x0F, 0x7D, 0xCC, 0xCC, 0xCC, 0x78, 0x3C, 0x66 ; .........}...x<f
000FBAD0  db 0x66, 0x66, 0x3C, 0x18, 0x7E, 0x18, 0x30, 0x38, 0x3C, 0x34, 0x30, 0xD0, 0xF0, 0x60, 0x3F, 0x33 ; ff<.~.08<40..`?3
000FBAE0  db 0x3F, 0x33, 0x33, 0xDD, 0xFF, 0x66, 0x99, 0x5A, 0x24, 0xC3, 0xC3, 0x24, 0x5A, 0x99, 0x40, 0x70 ; ?33..f.Z$..$Z.@p
000FBAF0  db 0x7C, 0x7E, 0x7C, 0x70, 0x40, 0x00, 0x02, 0x0E, 0x3E, 0x7E, 0x3E, 0x0E, 0x02, 0x00, 0x18, 0x3C ; |~|p@...>~>....<
000FBB00  db 0x7E, 0x18, 0x18, 0x7E, 0x3C, 0x18, 0x6C, 0x6C, 0x6C, 0x6C, 0x6C, 0x00, 0x6C, 0x00, 0x7E, 0xF4 ; ~..~<.lllll.l.~.
000FBB10  db 0xF4, 0x74, 0x34, 0x34, 0x34, 0x00, 0x3C, 0x60, 0x38, 0x6C, 0x6C, 0x38, 0x0C, 0x78, 0x00, 0x00 ; .t444.<`8ll8.x..
000FBB20  db 0x00, 0x00, 0x7E, 0x7E, 0x7E, 0x00, 0x18, 0x3C, 0x7E, 0x18, 0x7E, 0x3C, 0x18, 0x7E, 0x18, 0x3C ; ..~~~..<~.~<.~.<
000FBB30  db 0x7E, 0x18, 0x18, 0x18, 0x18, 0x18, 0x18, 0x18, 0x18, 0x18, 0x18, 0x7E, 0x3C, 0x18, 0x00, 0x04 ; ~..........~<...
000FBB40  db 0x06, 0xFF, 0xFF, 0x06, 0x04, 0x00, 0x00, 0x20, 0x60, 0xFF, 0xFF, 0x60, 0x20, 0x00, 0x00, 0x60 ; ....... `..` ..`
000FBB50  db 0x60, 0x60, 0x60, 0x7E, 0x00, 0x00, 0x00, 0x24, 0x66, 0xFF, 0xFF, 0x66, 0x24, 0x00, 0x00, 0x08 ; ```~...$f..f$...
000FBB60  db 0x1C, 0x3E, 0x7F, 0x7F, 0x7F, 0x00, 0x00, 0x7F, 0x7F, 0x7F, 0x3E, 0x1C, 0x08, 0x00, 0x00, 0x00 ; .>........>.....
000FBB70  db 0x00, 0x00, 0x00, 0x00, 0x00, 0x00, 0x18, 0x18, 0x18, 0x18, 0x18, 0x00, 0x18, 0x00, 0x6C, 0x6C ; ..............ll
000FBB80  db 0x6C, 0x00, 0x00, 0x00, 0x00, 0x00, 0x6C, 0x6C, 0xFE, 0x6C, 0xFE, 0x6C, 0x6C, 0x00, 0x18, 0x3E ; l.....ll.l.ll..>
000FBB90  db 0x58, 0x3C, 0x1A, 0x7C, 0x18, 0x00, 0x00, 0x63, 0x66, 0x0C, 0x18, 0x33, 0x63, 0x00, 0x1C, 0x36 ; X<.|...cf..3c..6
000FBBA0  db 0x1C, 0x3B, 0x6E, 0x66, 0x3B, 0x00, 0x18, 0x18, 0x30, 0x00, 0x00, 0x00, 0x00, 0x00, 0x0C, 0x18 ; .;nf;...0.......
000FBBB0  db 0x30, 0x30, 0x30, 0x18, 0x0C, 0x00, 0x30, 0x18, 0x0C, 0x0C, 0x0C, 0x18, 0x30, 0x00, 0x00, 0x66 ; 000...0.....0..f
000FBBC0  db 0x3C, 0xFF, 0x3C, 0x66, 0x00, 0x00, 0x00, 0x18, 0x18, 0x7E, 0x18, 0x18, 0x00, 0x00, 0x00, 0x00 ; <.<f.....~......
000FBBD0  db 0x00, 0x00, 0x00, 0x18, 0x18, 0x30, 0x00, 0x00, 0x00, 0x7E, 0x00, 0x00, 0x00, 0x00, 0x00, 0x00 ; .....0...~......
000FBBE0  db 0x00, 0x00, 0x00, 0x18, 0x18, 0x00, 0x06, 0x0C, 0x18, 0x30, 0x60, 0xC0, 0x80, 0x00, 0x7C, 0xC6 ; .........0`...|.
000FBBF0  db 0xCE, 0xD6, 0xE6, 0xC6, 0x7C, 0x00, 0x18, 0x38, 0x18, 0x18, 0x18, 0x18, 0x18, 0x00, 0x3C, 0x66 ; ....|..8......<f
000FBC00  db 0x06, 0x0C, 0x18, 0x30, 0x7E, 0x00, 0x3C, 0x66, 0x06, 0x1C, 0x06, 0x66, 0x3C, 0x00, 0x1C, 0x3C ; ...0~.<f...f<..<
000FBC10  db 0x6C, 0xCC, 0xFE, 0x0C, 0x0C, 0x00, 0x7E, 0x60, 0x7C, 0x06, 0x06, 0x66, 0x3C, 0x00, 0x3C, 0x66 ; l.....~`|..f<.<f
000FBC20  db 0x60, 0x7C, 0x66, 0x66, 0x3C, 0x00, 0x7E, 0x06, 0x06, 0x0C, 0x18, 0x18, 0x18, 0x00, 0x3C, 0x66 ; `|ff<.~.......<f
000FBC30  db 0x66, 0x3C, 0x66, 0x66, 0x3C, 0x00, 0x3C, 0x66, 0x66, 0x3E, 0x0C, 0x18, 0x30, 0x00, 0x00, 0x00 ; f<ff<.<ff>..0...
000FBC40  db 0x18, 0x18, 0x00, 0x18, 0x18, 0x00, 0x00, 0x00, 0x18, 0x18, 0x00, 0x18, 0x18, 0x30, 0x0C, 0x18 ; .............0..
000FBC50  db 0x30, 0x60, 0x30, 0x18, 0x0C, 0x00, 0x00, 0x00, 0x7E, 0x00, 0x00, 0x7E, 0x00, 0x00, 0x60, 0x30 ; 0`0.....~..~..`0
000FBC60  db 0x18, 0x0C, 0x18, 0x30, 0x60, 0x00, 0x3C, 0x66, 0x06, 0x0C, 0x18, 0x00, 0x18, 0x00, 0x7C, 0xC6 ; ...0`.<f......|.
000FBC70  db 0xDE, 0xDE, 0xDE, 0xC0, 0x7C, 0x00, 0x38, 0x6C, 0xC6, 0xC6, 0xFE, 0xC6, 0xC6, 0x00, 0xFC, 0xC6 ; ....|.8l........
000FBC80  db 0xC6, 0xFC, 0xC6, 0xC6, 0xFC, 0x00, 0x3C, 0x66, 0xC0, 0xC0, 0xC0, 0x66, 0x3C, 0x00, 0xF8, 0xCC ; ......<f...f<...
000FBC90  db 0xC6, 0xC6, 0xC6, 0xCC, 0xF8, 0x00, 0xFE, 0xC0, 0xC0, 0xF8, 0xC0, 0xC0, 0xFE, 0x00, 0xFE, 0xC0 ; ................
000FBCA0  db 0xC0, 0xF8, 0xC0, 0xC0, 0xC0, 0x00, 0x3C, 0x66, 0xC0, 0xC0, 0xCE, 0x66, 0x3E, 0x00, 0xC6, 0xC6 ; ......<f...f>...
000FBCB0  db 0xC6, 0xFE, 0xC6, 0xC6, 0xC6, 0x00, 0x78, 0x30, 0x30, 0x30, 0x30, 0x30, 0x78, 0x00, 0x06, 0x06 ; ......x00000x...
000FBCC0  db 0x06, 0x06, 0xC6, 0xC6, 0x7C, 0x00, 0xC6, 0xCC, 0xD8, 0xF0, 0xD8, 0xCC, 0xC6, 0x00, 0xC0, 0xC0 ; ....|...........
000FBCD0  db 0xC0, 0xC0, 0xC0, 0xC0, 0xFE, 0x00, 0xC6, 0xEE, 0xFE, 0xD6, 0xC6, 0xC6, 0xC6, 0x00, 0xC6, 0xE6 ; ................
000FBCE0  db 0xF6, 0xDE, 0xCE, 0xC6, 0xC6, 0x00, 0x38, 0x6C, 0xC6, 0xC6, 0xC6, 0x6C, 0x38, 0x00, 0xFC, 0xC6 ; ......8l...l8...
000FBCF0  db 0xC6, 0xFC, 0xC0, 0xC0, 0xC0, 0x00, 0x38, 0x6C, 0xC6, 0xC6, 0xDA, 0x6C, 0x36, 0x00, 0xFC, 0xC6 ; ......8l...l6...
000FBD00  db 0xC6, 0xFC, 0xCC, 0xC6, 0xC6, 0x00, 0x7C, 0xC6, 0xC0, 0x7C, 0x06, 0xC6, 0x7C, 0x00, 0xFC, 0x30 ; ......|..|..|..0
000FBD10  db 0x30, 0x30, 0x30, 0x30, 0x30, 0x00, 0xC6, 0xC6, 0xC6, 0xC6, 0xC6, 0xC6, 0x7C, 0x00, 0xC6, 0xC6 ; 00000.......|...
000FBD20  db 0xC6, 0xC6, 0xC6, 0x6C, 0x38, 0x00, 0xC6, 0xC6, 0xC6, 0xD6, 0xFE, 0xEE, 0xC6, 0x00, 0xC6, 0xC6 ; ...l8...........
000FBD30  db 0x6C, 0x38, 0x6C, 0xC6, 0xC6, 0x00, 0x66, 0x66, 0x66, 0x3C, 0x18, 0x18, 0x18, 0x00, 0xFE, 0x06 ; l8l...fff<......
000FBD40  db 0x0C, 0x18, 0x30, 0x60, 0xFE, 0x00, 0x3C, 0x30, 0x30, 0x30, 0x30, 0x30, 0x3C, 0x00, 0xC0, 0x60 ; ..0`..<00000<..`
000FBD50  db 0x30, 0x18, 0x0C, 0x06, 0x02, 0x00, 0x3C, 0x0C, 0x0C, 0x0C, 0x0C, 0x0C, 0x3C, 0x00, 0x08, 0x1C ; 0.....<.....<...
000FBD60  db 0x36, 0x63, 0x00, 0x00, 0x00, 0x00, 0x00, 0x00, 0x00, 0x00, 0x00, 0x00, 0x00, 0xFF, 0x30, 0x18 ; 6c............0.
000FBD70  db 0x0C, 0x00, 0x00, 0x00, 0x00, 0x00, 0x00, 0x00, 0x7C, 0x06, 0x7E, 0xC6, 0x7E, 0x00, 0xC0, 0xC0 ; ........|.~.~...
000FBD80  db 0xFC, 0xC6, 0xC6, 0xC6, 0xFC, 0x00, 0x00, 0x00, 0x7C, 0xC6, 0xC0, 0xC6, 0x7C, 0x00, 0x06, 0x06 ; ........|...|...
000FBD90  db 0x7E, 0xC6, 0xC6, 0xC6, 0x7E, 0x00, 0x00, 0x00, 0x7C, 0xC6, 0xFE, 0xC0, 0x7C, 0x00, 0x3C, 0x66 ; ~...~...|...|.<f
000FBDA0  db 0x60, 0xF8, 0x60, 0x60, 0x60, 0x00, 0x00, 0x00, 0x7E, 0xC6, 0xC6, 0x7E, 0x06, 0xFC, 0xC0, 0xC0 ; `.```...~..~....
000FBDB0  db 0xFC, 0xC6, 0xC6, 0xC6, 0xC6, 0x00, 0x18, 0x00, 0x18, 0x18, 0x18, 0x18, 0x18, 0x00, 0x0C, 0x00 ; ................
000FBDC0  db 0x0C, 0x0C, 0x0C, 0x0C, 0xCC, 0x78, 0xC0, 0xC0, 0xC6, 0xCC, 0xF8, 0xCC, 0xC6, 0x00, 0x18, 0x18 ; .....x..........
000FBDD0  db 0x18, 0x18, 0x18, 0x18, 0x18, 0x00, 0x00, 0x00, 0x6C, 0xFE, 0xD6, 0xC6, 0xC6, 0x00, 0x00, 0x00 ; ........l.......
000FBDE0  db 0xFC, 0xC6, 0xC6, 0xC6, 0xC6, 0x00, 0x00, 0x00, 0x7C, 0xC6, 0xC6, 0xC6, 0x7C, 0x00, 0x00, 0x00 ; ........|...|...
000FBDF0  db 0xFC, 0xC6, 0xC6, 0xFC, 0xC0, 0xC0, 0x00, 0x00, 0x7E, 0xC6, 0xC6, 0x7E, 0x06, 0x06, 0x00, 0x00 ; ........~..~....
000FBE00  db 0xFC, 0xC6, 0xC0, 0xC0, 0xC0, 0x00, 0x00, 0x00, 0x7C, 0xC0, 0x7C, 0x06, 0xFC, 0x00, 0x60, 0x60 ; ........|.|...``
000FBE10  db 0xFC, 0x60, 0x60, 0x66, 0x3C, 0x00, 0x00, 0x00, 0xC6, 0xC6, 0xC6, 0xC6, 0x7E, 0x00, 0x00, 0x00 ; .``f<.......~...
000FBE20  db 0xC6, 0xC6, 0xC6, 0x6C, 0x38, 0x00, 0x00, 0x00, 0xC6, 0xC6, 0xD6, 0xFE, 0x6C, 0x00, 0x00, 0x00 ; ...l8.......l...
000FBE30  db 0xC6, 0x6C, 0x38, 0x6C, 0xC6, 0x00, 0x00, 0x00, 0xC6, 0xC6, 0xC6, 0x7E, 0x06, 0xFC, 0x00, 0x00 ; .l8l.......~....
000FBE40  db 0x7E, 0x0C, 0x18, 0x30, 0x7E, 0x00, 0x0E, 0x18, 0x18, 0x70, 0x18, 0x18, 0x0E, 0x00, 0x18, 0x18 ; ~..0~....p......
000FBE50  db 0x18, 0x00, 0x18, 0x18, 0x18, 0x00, 0x70, 0x18, 0x18, 0x0E, 0x18, 0x18, 0x70, 0x00, 0x32, 0x4C ; ......p.....p.2L
000FBE60  db 0x00, 0x00, 0x00, 0x00, 0x00, 0x00, 0x00, 0x18, 0x3C, 0x66, 0xC3, 0xC3, 0xFF, 0x00, 0xEA, 0xD6 ; ........<f......
000FBE70  db 0x0C, 0x00, 0xFC, 0x00, 0x00, 0x00, 0x00, 0x00, 0x00, 0x00, 0x00, 0x00, 0x00, 0x00, 0x00, 0x00 ; ................
000FBE80  db 0x00, 0x00, 0x00, 0x00, 0x00, 0x00, 0x00, 0x00, 0x00, 0x00, 0x00, 0x00, 0x00, 0x00, 0x00, 0x00 ; ................
000FBE90  db 0x00, 0x00, 0x00, 0x00, 0x00, 0x00, 0x00, 0x00, 0x00, 0x00, 0x00, 0x00, 0x00, 0x00, 0x00, 0x00 ; ................
000FBEA0  db 0x00, 0x00, 0x00, 0x00, 0x00, 0xEA, 0x24, 0x0D, 0x00, 0xFC, 0x2E, 0x27, 0xE8, 0xD1, 0xD7, 0xCB ; ......$....'....
000FBEB0  db 0xBA, 0xAF, 0x3E, 0xE9, 0x43, 0xD9, 0x00, 0x2E, 0xAD, 0x8E, 0xC0, 0x8B, 0xD6, 0xBE, 0x6E, 0x3A ; ..>.C.........n:
000FBEC0  db 0xB1, 0x04, 0x2E, 0xAD, 0xAB, 0xE2, 0xFB, 0x33, 0xC0, 0xB1, 0x0C, 0xF3, 0xAB, 0x81, 0xFF, 0x00 ; .......3........
000FBED0  db 0x10, 0x72, 0xED, 0x8B, 0xF2, 0xB6, 0x03, 0xC3, 0x2E, 0xAD, 0x8B, 0xC8, 0xB8, 0x20, 0x07, 0xF3 ; .r........... ..
000FBEE0  db 0xAB, 0xB2, 0xC0, 0xB0, 0x20, 0xEE, 0x2E, 0xAC, 0xFF, 0xE3, 0xBA, 0xC0, 0x03, 0x32, 0xC0, 0xEE ; .... ........2..
000FBEF0  db 0xEE, 0xC3, 0x00, 0x4D, 0x3F, 0x4D, 0x3F, 0xBF, 0x17, 0x4D, 0x3F, 0x4D, 0x3F, 0x34, 0x0F, 0x2F ; ...M?M?..M?M?4./
000FBF00  db 0x13, 0x4D, 0x3F, 0x24, 0x0D, 0x5F, 0x11, 0x47, 0x3F, 0x47, 0x3F, 0x47, 0x3F, 0x47, 0x3F, 0x57 ; .M?$._.G?G?G?G?W
000FBF10  db 0x2F, 0x47, 0x3F, 0x65, 0x30, 0xD8, 0x0B, 0xCE, 0x0B, 0x59, 0x2C, 0xAC, 0x0F, 0xE2, 0x0B, 0x00 ; /G?e0....Y,.....
000FBF20  db 0x11, 0xB3, 0x0E, 0x2D, 0x0B, 0xE5, 0x0A, 0xD6, 0x0C, 0x4D, 0x3F, 0x4D, 0x3F, 0xA4, 0x30, 0xC7 ; ...-.....M?M?.0.
000FBF30  db 0x2F, 0x00, 0x00, 0x00, 0x00, 0x00, 0x00, 0x00, 0x00, 0x00, 0x00, 0x00, 0x00, 0x00, 0x00, 0x00 ; /...............
000FBF40  db 0x00, 0x00, 0x00, 0x00, 0x00, 0x00, 0x00, 0x50, 0xB0, 0x20, 0xE6, 0x20, 0x58, 0xCF, 0x00, 0x00 ; .......P. . X...
000FBF50  db 0x00, 0x00, 0x00, 0x00, 0xEA, 0x34, 0x0F, 0x00, 0xFC, 0xFD, 0x26, 0xF7, 0x26, 0xF7, 0x26, 0xFD ; .....4....&.&.&.
000FBF60  db 0x26, 0xFD, 0x26, 0xF7, 0x26, 0xF7, 0x26, 0xFD, 0x26, 0x02, 0x27, 0xB7, 0x3E, 0xFD, 0x26, 0xFD ; &.&.&.&.&.'.>.&.
000FBF70  db 0x26, 0xD8, 0x3E, 0x05, 0xC4, 0x00, 0x01, 0x01, 0x04, 0x00, 0x07, 0x23, 0xC2, 0x00, 0xDA, 0x01 ; &.>........#....
000FBF80  db 0xC4, 0x00, 0x03, 0x19, 0xD4, 0x00, 0x70, 0x4F, 0x5C, 0x2F, 0x5F, 0x07, 0x04, 0x11, 0x00, 0x07 ; ......pO\/_.....
000FBF90  db 0x06, 0x00, 0x00, 0x00, 0x00, 0x00, 0xE1, 0x24, 0xC7, 0x28, 0x08, 0xE0, 0xF0, 0xA3, 0xFF, 0x00 ; .......$.(......
000FBFA0  db 0xCC, 0x01, 0xCA, 0x09, 0xCE, 0x00, 0x00, 0x00, 0x00, 0x00, 0x00, 0x00, 0x0C, 0x00, 0xFF, 0xDA ; ................
000FBFB0  db 0x14, 0xC0, 0x00, 0x00, 0x01, 0x02, 0x03, 0x04, 0x05, 0x06, 0x07, 0x10, 0x11, 0x12, 0x13, 0x14 ; ................
000FBFC0  db 0x15, 0x16, 0x17, 0x08, 0x00, 0x0F, 0x00, 0x00, 0xB8, 0x03, 0xC4, 0x02, 0x03, 0x00, 0x03, 0x02 ; ................
000FBFD0  db 0xCE, 0x05, 0x10, 0x0E, 0x00, 0x20, 0x07, 0x00, 0x00, 0x00, 0x00, 0x00, 0x00, 0x00, 0x00, 0x00 ; ..... ..........
000FBFE0  db 0x00, 0x00, 0x00, 0x00, 0x00, 0x00, 0x00, 0x00, 0x00, 0x00, 0x00, 0x00, 0x00, 0x00, 0x00, 0x00 ; ................
000FBFF0  db 0xEA, 0x5B, 0x20, 0x00, 0xFC, 0x07, 0x00, 0x00, 0x00, 0x00, 0x00, 0x00, 0x00, 0x00, 0xFF, 0xFF ; .[ .............
; ---- POST entry (FC00:0000) ----
000FC000  E9 C6 00             jmp    0xfc0c9 ; jump 0xc0c9
000FC003  db 0x28, 0x43, 0x29, 0x20, 0x43, 0x6F, 0x70, 0x79, 0x72, 0x69, 0x67, 0x68, 0x74, 0x20, 0x31, 0x39 ; (C) Copyright 19
000FC013  db 0x38, 0x38, 0x20, 0x41, 0x6D, 0x73, 0x74, 0x72, 0x61, 0x64, 0x20, 0x70, 0x6C, 0x63, 0x28, 0x28 ; 88 Amstrad plc((
000FC023  db 0x43, 0x43, 0x29, 0x29, 0x20, 0x20, 0x43, 0x43, 0x6F, 0x6F, 0x70, 0x70, 0x79, 0x79, 0x72, 0x72 ; CC))  CCooppyyrr
000FC033  db 0x69, 0x69, 0x67, 0x67, 0x68, 0x68, 0x74, 0x74, 0x20, 0x20, 0x31, 0x31, 0x39, 0x39, 0x38, 0x38 ; iigghhtt  119988
000FC043  db 0x38, 0x38, 0x20, 0x20, 0x41, 0x41, 0x6D, 0x6D, 0x73, 0x73, 0x74, 0x74, 0x72, 0x72, 0x61, 0x61 ; 88  AAmmssttrraa
000FC053  db 0x64, 0x64, 0x20, 0x20, 0x70, 0x70, 0x6C, 0x6C, 0x63, 0x63, 0x60, 0x32, 0xE4, 0x8B, 0xD8, 0x8B ; dd  ppllcc`2....
000FC063  db 0xEA, 0xB8, 0x00, 0xB8, 0x8E, 0xD8, 0xC6, 0x07, 0x2E, 0xB4, 0xB0, 0x8E, 0xD8, 0xC6, 0x07, 0x2E ; ................
000FC073  db 0xD1, 0xCB, 0x43, 0xB9, 0x7E, 0x00, 0xBA, 0xD4, 0x03, 0xEB, 0x05, 0x8B, 0xCF, 0xBA, 0xB4, 0x03 ; ..C.~...........
000FC083  db 0xB0, 0x0F, 0xEE, 0x8A, 0xC3, 0x42, 0xEE, 0x8B, 0xD5, 0xFF, 0xE1, 0xB9, 0x04, 0x10, 0xBA, 0xC2 ; .....B..........
000FC093  db 0x03, 0x33, 0xC0, 0x80, 0xED, 0x04, 0x8A, 0xC5, 0xEE, 0x8A, 0x07, 0xEC, 0xF6, 0xD0, 0x24, 0x10 ; .3............$.
000FC0A3  db 0xD2, 0xE8, 0x0A, 0xE0, 0xFE, 0xC9, 0x75, 0xEB, 0x80, 0xFC, 0x0A, 0x72, 0x03, 0x80, 0xEC, 0x06 ; ......u....r....
000FC0B3  db 0x8B, 0xDE, 0xBE, 0xD7, 0x2F, 0x80, 0xFC, 0x05, 0x76, 0x03, 0xBE, 0x73, 0x3F, 0xFC, 0x8C, 0xC8 ; ..../...v..s?...
000FC0C3  db 0x8E, 0xD0, 0xBC, 0x59, 0x3F, 0xC3 ; ...Y?.
000FC0C9  FA                   cli ; IF=0 (disable maskable interrupts)
000FC0CA  33 C0                xor    ax, ax ; ax ^= ax; flags
000FC0CC  E6 A0                out    0xa0, al ; IO[PIC2_CMD] = al
000FC0CE  BA F2 03             mov    dx, 0x3f2 ; dx = 0x3f2
000FC0D1  EE                   out    dx, al ; IO[FDC_DOR] = al
000FC0D2  8E D8                mov    ds, ax ; ds = ax
000FC0D4  81 3E 72 04 34 12    cmp    word ptr [0x472], 0x1234 ; flags = mem16(ds/ss:0x472) - 0x1234
000FC0DA  75 08                jne    0xfc0e4 ; if ZF=0 then jump 0xc0e4
000FC0DC  FF 06 72 04          inc    word ptr [0x472] ; mem16(ds/ss:0x472)++ ; flags (CF unchanged)
000FC0E0  E6 66                out    0x66, al ; IO[0x66] = al
000FC0E2  EB FE                jmp    0xfc0e2 ; jump 0xc0e2
000FC0E4  7C 04                jl     0xfc0ea ; if SF!=OF then jump 0xc0ea
000FC0E6  FF 0E 72 04          dec    word ptr [0x472] ; mem16(ds/ss:0x472)-- ; flags (CF unchanged)
000FC0EA  BA FC 03             mov    dx, 0x3fc ; dx = 0x3fc
000FC0ED  B0 10                mov    al, 0x10 ; al = 0x10
000FC0EF  EE                   out    dx, al ; IO[0x3fc] = al
000FC0F0  B0 0D                mov    al, 0xd ; al = 0xd
000FC0F2  BB F8 00             mov    bx, 0xf8 ; bx = 0xf8
000FC0F5  E9 89 0B             jmp    0xfcc81 ; jump 0xcc81
000FC0F8  db 0x75, 0x0C, 0x02, 0xC0, 0x72, 0x28, 0x81, 0x3E, 0x72, 0x04, 0x34, 0x12, 0x74, 0x20, 0xB8, 0x0B ; u...r(.>r.4.t ..
000FC108  db 0x82, 0xEF, 0xB9, 0x40, 0x00, 0xBB, 0x05, 0x02, 0x33, 0xC0, 0x2E, 0x8A, 0x27, 0x80, 0xFC, 0xFE ; ...@....3...'...
000FC118  db 0x74, 0x01, 0xEF, 0xFE, 0xC0, 0x81, 0xFB, 0x2E, 0x02, 0x74, 0x01, 0x43, 0xE2, 0xEC, 0xB0, 0x23 ; t........t.C...#
000FC128  db 0xBB, 0x2E, 0x01, 0xE9, 0x53, 0x0B, 0x8A, 0xE0, 0xB7, 0x00, 0x74, 0x02, 0xB7, 0xFF, 0xBA, 0xDA ; ....S.....t.....
000FC138  db 0x03, 0xEC, 0xB2, 0x7A, 0xEC, 0xA8, 0x20, 0x75, 0x4E, 0xEC, 0x24, 0xC0, 0xB1, 0x02, 0xD2, 0xC0 ; ...z.. uN.$.....
000FC148  db 0x8A, 0xD8, 0xFE, 0xCE, 0xEC, 0xFE, 0xC6, 0xEC, 0x24, 0x20, 0xD2, 0xC8, 0xD0, 0xC8, 0x0A, 0xD8 ; ........$ ......
000FC158  db 0xB6, 0x42, 0xEC, 0xB6, 0x03, 0xEC, 0x24, 0x20, 0xD2, 0xC8, 0x0A, 0xD8, 0x80, 0xE4, 0xC0, 0x0A ; .B....$ ........
000FC168  db 0xE3, 0x24, 0x08, 0x74, 0x07, 0xEC, 0x24, 0xC0, 0xD2, 0xC8, 0x0A, 0xE0, 0xB0, 0x23, 0xBA, 0x70 ; .$.t..$......#.p
000FC178  db 0x00, 0xEF, 0xB8, 0x28, 0x01, 0xEF, 0x0A, 0xFF, 0x75, 0x0B, 0xBB, 0x88, 0x01, 0xE9, 0x01, 0x0B ; ...(....u.......
000FC188  db 0x8A, 0xE1, 0xB0, 0x14, 0xEF, 0x2A, 0xC0, 0x8A, 0xE0, 0xBA, 0x79, 0x03, 0xEC, 0x24, 0x07, 0x75 ; .....*....y..$.u
000FC198  db 0x2F, 0x0A, 0xE4, 0x75, 0x12, 0xB8, 0x00, 0xE0, 0x8E, 0xD8, 0x81, 0x3E, 0x00, 0x00, 0x55, 0xAA ; /..u.......>..U.
000FC1A8  db 0x75, 0x05, 0xEA, 0x03, 0x00, 0x00, 0xE0, 0xB8, 0x00, 0xC0, 0x8E, 0xD8, 0x81, 0x3E, 0x00, 0x00 ; u............>..
000FC1B8  db 0x55, 0xAA, 0x75, 0x25, 0x80, 0x3E, 0x02, 0x00, 0x20, 0x74, 0x1E, 0xEA, 0x03, 0x00, 0x00, 0xC0 ; U.u%.>.. t......
000FC1C8  db 0x33, 0xDB, 0xB9, 0x00, 0x40, 0x33, 0xC0, 0x2E, 0x02, 0x07, 0x43, 0xE2, 0xFA, 0x0A, 0xC0, 0x75 ; 3...@3....C....u
000FC1D8  db 0x03, 0xEB, 0x54, 0x90, 0xB0, 0x0D, 0xE9, 0xE0, 0x15, 0xBB, 0x49, 0x0B, 0x2E, 0x8A, 0x0F, 0x32 ; ..T.......I....2
000FC1E8  db 0xED, 0xE3, 0x0F, 0x43, 0x2E, 0x8B, 0x17, 0x43, 0x43, 0x2E, 0x8A, 0x07, 0xEE, 0x43, 0xE2, 0xF9 ; ...C...CC....C..
000FC1F8  db 0xEB, 0xEA, 0x32, 0xC0, 0xE6, 0x83, 0xE6, 0x81, 0xE6, 0x82, 0xE9, 0x15, 0x04, 0x00, 0x00, 0x00 ; ..2.............
000FC208  db 0x00, 0x00, 0x00, 0x01, 0x01, 0x01, 0x80, 0x20, 0x02, 0xFE, 0xFE, 0x00, 0x00, 0x01, 0x01, 0x01 ; ....... ........
000FC218  db 0x78, 0x00, 0x0D, 0x1C, 0x07, 0x22, 0xFF, 0xFF, 0xFF, 0xFF, 0x0D, 0x1C, 0x1B, 0x01, 0x0A, 0x0A ; x...."..........
000FC228  db 0x20, 0x07, 0x00, 0xE3, 0xE3, 0x00, 0x00, 0xB0, 0x28, 0xBB, 0x37, 0x02, 0xE9, 0x4A, 0x0A, 0x0A ;  .......(.7..J..
000FC238  db 0xC0, 0x74, 0x03, 0xE9, 0xE0, 0x00, 0xBA, 0xD8, 0x03, 0xB0, 0x12, 0xEE, 0xB8, 0x00, 0xB8, 0x8E ; .t..............
000FC248  db 0xC0, 0x8E, 0xD8, 0x33, 0xFF, 0xBA, 0xDD, 0x03, 0xB8, 0x01, 0x00, 0xEF, 0x33, 0xC9, 0x89, 0x0D ; ...3........3...
000FC258  db 0x3B, 0x0D, 0x75, 0x13, 0xF7, 0xD1, 0x89, 0x0D, 0x3B, 0x0D, 0x75, 0x0B, 0xF7, 0xD1, 0x83, 0xF9 ; ;.u.....;.u.....
000FC268  db 0x01, 0x13, 0xC9, 0x73, 0xE9, 0xEB, 0x05, 0xB0, 0x02, 0xE9, 0x4D, 0x15, 0xBE, 0xFF, 0x00, 0x33 ; ...s......M....3
000FC278  db 0xC0, 0x8E, 0xD8, 0x81, 0x3E, 0x72, 0x04, 0x34, 0x12, 0x74, 0x5F, 0x8C, 0xC0, 0x8E, 0xD8, 0xFC ; ....>r.4.t_.....
000FC288  db 0xB0, 0x0F, 0xEE, 0x33, 0xFF, 0xB9, 0x00, 0x20, 0x8B, 0xC6, 0x8A, 0xE0, 0xF3, 0xAB, 0xB9, 0x00 ; ...3... ........
000FC298  db 0x40, 0x33, 0xFF, 0xBB, 0x08, 0x04, 0x8B, 0xC3, 0xFE, 0xCC, 0xEF, 0x8B, 0xC6, 0x32, 0x05, 0x88 ; @3...........2..
000FC2A8  db 0x25, 0x32, 0x25, 0x0B, 0xC0, 0x75, 0xC0, 0xD0, 0xCB, 0xFE, 0xCF, 0x75, 0xE9, 0x47, 0xE2, 0xE3 ; %2%..u.....u.G..
000FC2B8  db 0xF7, 0xD6, 0xFD, 0x8B, 0xCF, 0x4F, 0xBB, 0x01, 0x00, 0x8B, 0xC3, 0xEF, 0x8B, 0xC6, 0x32, 0x05 ; .....O........2.
000FC2C8  db 0x88, 0x25, 0x32, 0x25, 0x0B, 0xC0, 0x75, 0x9F, 0xD0, 0xC3, 0xFE, 0xC7, 0x80, 0xFF, 0x04, 0x75 ; .%2%..u........u
000FC2D8  db 0xE8, 0x4F, 0xE2, 0xE2, 0xF7, 0xC6, 0xFF, 0x00, 0x74, 0xA5, 0xBA, 0xDA, 0x03, 0x33, 0xC9, 0xEC ; .O......t....3..
000FC2E8  db 0x8A, 0xE0, 0xEC, 0x32, 0xC4, 0x24, 0x01, 0x75, 0x04, 0xE2, 0xF7, 0xEB, 0x4B, 0x32, 0xDB, 0x33 ; ...2.$.u....K2.3
000FC2F8  db 0xC9, 0xBE, 0xFE, 0x02, 0xEB, 0x25, 0xB3, 0x08, 0xB9, 0x60, 0x0C, 0xBE, 0x08, 0x03, 0xEB, 0x1B ; .....%...`......
000FC308  db 0x81, 0xF9, 0x1C, 0x0B, 0x77, 0x32, 0x32, 0xDB, 0xB9, 0x00, 0x04, 0xBE, 0x18, 0x03, 0xEB, 0x0B ; ....w22.........
000FC318  db 0x81, 0xF9, 0x96, 0x03, 0x77, 0x22, 0xB0, 0x0F, 0xE9, 0x9E, 0x14, 0xEC, 0x24, 0x08, 0x8A, 0xF8 ; ....w"......$...
000FC328  db 0xEC, 0x24, 0x08, 0x32, 0xF8, 0x8A, 0xF8, 0xF9, 0x74, 0x0C, 0x32, 0xC3, 0x75, 0x08, 0x33, 0xC0 ; .$.2....t.2.u.3.
000FC338  db 0x8E, 0xD8, 0x89, 0x0F, 0xFF, 0xE6, 0xE2, 0xE8, 0xB0, 0x09, 0xE9, 0x7C, 0x14, 0xB0, 0xA0, 0xBF ; ...........|....
000FC348  db 0x4D, 0x03, 0xE9, 0x11, 0xFD, 0xBA, 0x08, 0x00, 0xB0, 0x04, 0xEE, 0xB9, 0x08, 0x00, 0xBA, 0x00 ; M...............
000FC358  db 0x00, 0xBE, 0x5E, 0x03, 0xEB, 0x13, 0x42, 0xE2, 0xF8, 0xB9, 0x08, 0x00, 0xBA, 0x07, 0x00, 0xBE ; ..^...B.........
000FC368  db 0x6C, 0x03, 0xEB, 0x05, 0x4A, 0xE2, 0xF8, 0xEB, 0x1C, 0xE6, 0x0C, 0x8A, 0xC2, 0x90, 0xEE, 0x90 ; l...J...........
000FC378  db 0x90, 0xEE, 0x90, 0x90, 0xEC, 0x3A, 0xC2, 0x75, 0x07, 0xEC, 0x3A, 0xC2, 0x75, 0x02, 0xFF, 0xE6 ; .....:.u..:.u...
000FC388  db 0xB0, 0x04, 0xE9, 0x34, 0x14, 0xB0, 0xA2, 0xBF, 0x95, 0x03, 0xE9, 0xC9, 0xFC, 0x33, 0xC0, 0x8E ; ...4.........3..
000FC398  db 0xD8, 0x32, 0xC0, 0xE6, 0x61, 0xBA, 0x43, 0x00, 0xB0, 0xB0, 0xF8, 0xEE, 0x33, 0xDB, 0xBA, 0x42 ; .2..a.C.....3..B
000FC3A8  db 0x00, 0x8A, 0xC3, 0xEE, 0xEB, 0x00, 0xEE, 0x8B, 0x36, 0x00, 0x04, 0xEC, 0x3A, 0xC3, 0x75, 0x3E ; ........6...:.u>
000FC3B8  db 0x90, 0xEC, 0x3A, 0xC3, 0x75, 0x38, 0xF7, 0xD3, 0x0B, 0xDB, 0x75, 0xE2, 0xB0, 0x78, 0xE6, 0x43 ; ..:.u8....u..x.C
000FC3C8  db 0xBA, 0x41, 0x00, 0xB0, 0x7C, 0xF8, 0xEE, 0xB0, 0x2E, 0x90, 0x90, 0xEE, 0xB9, 0xA0, 0x05, 0x90 ; .A..|...........
000FC3D8  db 0x90, 0x90, 0xB0, 0x48, 0xE6, 0x43, 0xEB, 0x00, 0xEC, 0xEB, 0x00, 0xEC, 0x3C, 0x2E, 0x77, 0x04 ; ...H.C......<.w.
000FC3E8  db 0xE2, 0xF0, 0xEB, 0x0A, 0x81, 0xF9, 0x10, 0x05, 0x77, 0x04, 0x89, 0x0F, 0xEB, 0x0B, 0x89, 0x0F ; ........w.......
000FC3F8  db 0xB0, 0x06, 0xE9, 0xC4, 0x13, 0x0F, 0x1D, 0x2D, 0x4D, 0xB0, 0xA4, 0xBF, 0x09, 0x04, 0xE9, 0x55 ; .......-M......U
000FC408  db 0xFC, 0xB0, 0xB0, 0xE6, 0x61, 0xBB, 0xFD, 0x03, 0xB9, 0x04, 0x00, 0xBA, 0x60, 0x00, 0x2E, 0x8A ; ....a.......`...
000FC418  db 0x07, 0xE6, 0x64, 0xEC, 0x2E, 0x3A, 0x07, 0x75, 0x5F, 0xF6, 0xD0, 0xE6, 0x64, 0xEC, 0xF6, 0xD0 ; ..d..:.u_...d...
000FC428  db 0x34, 0x8D, 0x2E, 0x3A, 0x07, 0x75, 0x51, 0x43, 0xE2, 0xE4, 0xB9, 0x04, 0x00, 0x42, 0x8A, 0xC5 ; 4..:.uQC.....B..
000FC438  db 0xBF, 0x3E, 0x04, 0xEB, 0x48, 0x90, 0x3A, 0xC5, 0x75, 0x3E, 0xF6, 0xD0, 0xBF, 0x4A, 0x04, 0xEB ; .>..H.:.u>...J..
000FC448  db 0x3C, 0x90, 0x34, 0x1F, 0x3A, 0xC5, 0x75, 0x30, 0xB5, 0x10, 0x0A, 0xC0, 0x74, 0xE0, 0xD0, 0xD8 ; <.4.:.u0....t...
000FC458  db 0x8A, 0xE8, 0x73, 0xDA, 0xB0, 0x31, 0xEE, 0xB0, 0xB0, 0xE6, 0x43, 0xEB, 0x00, 0xE4, 0x62, 0x24 ; ..s..1....C...b$
000FC468  db 0x20, 0x75, 0x15, 0x40, 0xE6, 0x42, 0xEB, 0x00, 0xFE, 0xC8, 0xE6, 0x42, 0xB9, 0x06, 0x00, 0x90 ;  u.@.B.....B....
000FC478  db 0xE2, 0xFE, 0xE4, 0x62, 0x24, 0x20, 0x75, 0x1D, 0xB0, 0x07, 0xE9, 0x3C, 0x13, 0xE6, 0x65, 0xB0 ; ...b$ u....<..e.
000FC488  db 0x30, 0xEE, 0xE4, 0x62, 0xD2, 0xD0, 0x24, 0x10, 0x8A, 0xE0, 0xB0, 0x34, 0xEE, 0xE4, 0x62, 0x24 ; 0..b..$....4..b$
000FC498  db 0x0F, 0x0A, 0xC4, 0xFF, 0xE7, 0xB0, 0xA6, 0xBF, 0xA5, 0x04, 0xE9, 0xB9, 0xFB, 0xBA, 0x70, 0x00 ; ..............p.
000FC4A8  db 0xB3, 0x7F, 0xBE, 0xAF, 0x04, 0xEB, 0x55, 0xB0, 0x00, 0xBD, 0xB7, 0x04, 0xEB, 0x7E, 0x90, 0x8E ; ......U......~..
000FC4B8  db 0xC0, 0xB3, 0x7F, 0xBE, 0xC0, 0x04, 0xEB, 0x44, 0xB0, 0x00, 0xBD, 0xC7, 0x04, 0xEB, 0x6D, 0x8C ; .......D......m.
000FC4C8  db 0xC1, 0x3A, 0xC1, 0x74, 0x6D, 0xBD, 0xD2, 0x04, 0xEB, 0x60, 0x8A, 0xC8, 0x32, 0xED, 0x8A, 0xE5 ; .:.tm....`..2...
000FC4D8  db 0xB0, 0x14, 0xEF, 0xBD, 0xE0, 0x04, 0xEB, 0x52, 0x3A, 0xC5, 0x75, 0x56, 0xF6, 0xD0, 0x8A, 0xE0 ; .......R:.uV....
000FC4E8  db 0xB0, 0x14, 0xEF, 0xBD, 0xF0, 0x04, 0xEB, 0x42, 0xF6, 0xD0, 0x3A, 0xC5, 0x75, 0x44, 0x80, 0xFD ; .......B..:.uD..
000FC4F8  db 0x01, 0x12, 0xED, 0x73, 0xD9, 0x8A, 0xE1, 0xB0, 0x14, 0xEF, 0xEB, 0x3B, 0xB0, 0x0A, 0xBD, 0x0C ; ...s.......;....
000FC508  db 0x05, 0xEB, 0x29, 0x90, 0x8A, 0xF8, 0xBF, 0x0A, 0x00, 0x33, 0xC9, 0xB0, 0x0A, 0xBD, 0x1A, 0x05 ; ..)......3......
000FC518  db 0xEB, 0x1A, 0x32, 0xF8, 0x80, 0xE7, 0x80, 0x8A, 0xF8, 0x74, 0x06, 0x32, 0xC3, 0x24, 0x80, 0x74 ; ..2......t.2.$.t
000FC528  db 0x07, 0xE2, 0xE8, 0x4F, 0x75, 0xE5, 0xEB, 0x0A, 0xFF, 0xE6, 0xB0, 0x14, 0xEE, 0x42, 0xEC, 0x4A ; ...Ou........B.J
000FC538  db 0xFF, 0xE5, 0xB0, 0x08, 0xE9, 0x82, 0x12, 0xBA, 0xFB, 0x03, 0xB0, 0x9B, 0xEE, 0xEB, 0x00, 0xBA ; ................
000FC548  db 0xF8, 0x03, 0xB0, 0x0C, 0xEE, 0xEB, 0x00, 0x42, 0x32, 0xC0, 0xEE, 0xEB, 0x00, 0xBA, 0xFB, 0x03 ; .......B2.......
000FC558  db 0xB0, 0x1B, 0xEE, 0xEB, 0x00, 0xBA, 0xF9, 0x03, 0xB0, 0x00, 0xEE, 0xB9, 0x62, 0x02, 0xE2, 0xFE ; ............b...
000FC568  db 0x42, 0x42, 0xEC, 0xEB, 0x00, 0x90, 0xBA, 0xF8, 0x03, 0xEC, 0xB3, 0x41, 0xBE, 0x79, 0x05, 0xEB ; BB.........A.y..
000FC578  db 0x05, 0xB3, 0x43, 0xBE, 0xC2, 0x05, 0x33, 0xC9, 0xBA, 0xFD, 0x03, 0xEC, 0x24, 0x20, 0x75, 0x05 ; ..C...3.....$ u.
000FC588  db 0xE2, 0xF6, 0xEB, 0x31, 0x90, 0xBA, 0xF8, 0x03, 0x8A, 0xC3, 0xEE, 0xBA, 0xFD, 0x03, 0xB4, 0x04 ; ...1............
000FC598  db 0x33, 0xC9, 0xEB, 0x00, 0xEC, 0x24, 0x01, 0x75, 0x08, 0xE2, 0xF9, 0xFE, 0xCC, 0x75, 0xF5, 0xEB ; 3....$.u.....u..
000FC5A8  db 0x14, 0xBA, 0xF8, 0x03, 0xEC, 0x3A, 0xC3, 0x75, 0x0C, 0xEB, 0x00, 0xBA, 0xFD, 0x03, 0xEC, 0x24 ; .....:.u.......$
000FC5B8  db 0x0E, 0x75, 0x02, 0xFF, 0xE6, 0xB0, 0x0B, 0xE9, 0xFF, 0x11, 0xB0, 0xA8, 0xBF, 0xCA, 0x05, 0xE9 ; .u..............
000FC5C8  db 0x94, 0xFA, 0xBA, 0x7A, 0x03, 0x32, 0xC0, 0xEE, 0xBA, 0x78, 0x03, 0x32, 0xED, 0x8A, 0xC5, 0xEE ; ...z.2...x.2....
000FC5D8  db 0x8B, 0x3E, 0x00, 0x04, 0xEC, 0x3A, 0xC5, 0x75, 0x17, 0xF6, 0xD0, 0xEE, 0x8B, 0x3E, 0x00, 0x04 ; .>...:.u.....>..
000FC5E8  db 0xEC, 0xF6, 0xD0, 0x3A, 0xC5, 0x75, 0x09, 0x80, 0xFD, 0x01, 0x12, 0xED, 0x73, 0xDF, 0xEB, 0x05 ; ...:.u......s...
000FC5F8  db 0xB0, 0x0A, 0xE9, 0xC4, 0x11, 0xBA, 0x78, 0x00, 0x32, 0xC0, 0xEE, 0xEC, 0x0A, 0xC0, 0x75, 0x0D ; ......x.2.....u.
000FC608  db 0x42, 0x42, 0x32, 0xC0, 0xEE, 0xEC, 0x0A, 0xC0, 0x75, 0x03, 0xE9, 0xCC, 0xFB, 0xB0, 0x0C, 0xE9 ; BB2.....u.......
000FC618  db 0xA7, 0x11, 0xBA, 0x79, 0x03, 0xEC, 0x33, 0xF6, 0xB2, 0x10, 0x24, 0x07, 0x74, 0x72, 0xB0, 0xAA ; ...y..3...$.tr..
000FC628  db 0xBF, 0x2E, 0x06, 0xE9, 0x30, 0xFA, 0x33, 0xDB, 0xB9, 0x04, 0x00, 0xB8, 0x00, 0x80, 0x8E, 0xD8 ; ....0.3.........
000FC638  db 0x89, 0x07, 0x05, 0x00, 0x08, 0xE2, 0xF7, 0xB8, 0x00, 0x80, 0xB9, 0x04, 0x00, 0x8E, 0xD8, 0x39 ; ...............9
000FC648  db 0x07, 0x75, 0x05, 0x05, 0x00, 0x08, 0xE2, 0xF5, 0xB1, 0x03, 0xD2, 0xCC, 0x8A, 0xD4, 0x33, 0xC0 ; .u............3.
000FC658  db 0x8E, 0xD8, 0x8A, 0xF2, 0x8B, 0xC8, 0x89, 0x0F, 0x39, 0x0F, 0x75, 0x1E, 0x8B, 0xC1, 0xF7, 0xD0 ; ........9.u.....
000FC668  db 0x89, 0x07, 0x39, 0x07, 0x75, 0x14, 0x83, 0xF9, 0x01, 0x13, 0xC9, 0x73, 0xE9, 0x8C, 0xD8, 0x05 ; ..9.u......s....
000FC678  db 0x00, 0x08, 0x8E, 0xD8, 0xFE, 0xCE, 0x75, 0xDE, 0xEB, 0x05, 0xB0, 0x01, 0xE9, 0x3A, 0x11, 0x33 ; ......u......:.3
000FC688  db 0xC0, 0x8E, 0xD8, 0x8B, 0x2E, 0x72, 0x04, 0x33, 0xF6, 0x81, 0xFD, 0x34, 0x12, 0x74, 0x01, 0x4E ; .....r.3...4.t.N
000FC698  db 0x8A, 0xF2, 0x33, 0xC0, 0x8E, 0xC0, 0x8E, 0xD8, 0xFC, 0xB9, 0x00, 0x40, 0x33, 0xFF, 0x8B, 0xC6 ; ..3........@3...
000FC6A8  db 0xF3, 0xAB, 0x8C, 0xC0, 0x05, 0x00, 0x08, 0x8E, 0xC0, 0xFE, 0xCE, 0x75, 0xEC, 0x8A, 0xE2, 0xBA ; ...........u....
000FC6B8  db 0x79, 0x03, 0xEC, 0x8A, 0xD4, 0x24, 0x07, 0x74, 0x0A, 0x81, 0xFD, 0x34, 0x12, 0x87, 0x2E, 0x72 ; y....$.t...4...r
000FC6C8  db 0x04, 0x75, 0x03, 0xE9, 0x80, 0x00, 0x87, 0x2E, 0x72, 0x04, 0x8A, 0xF2, 0x8B, 0xFE, 0xF7, 0xD7 ; .u......r.......
000FC6D8  db 0x33, 0xC0, 0x8E, 0xD0, 0xB9, 0x00, 0x20, 0x33, 0xE4, 0x90, 0x5D, 0x33, 0xEE, 0x57, 0x58, 0x33 ; 3..... 3..]3.WX3
000FC6E8  db 0xC7, 0x0B, 0xE8, 0x58, 0x33, 0xC6, 0x0B, 0xE8, 0x57, 0x58, 0x33, 0xC7, 0x0B, 0xC5, 0xE1, 0xEA ; ...X3...WX3.....
000FC6F8  db 0x0B, 0xC9, 0x75, 0x86, 0x8C, 0xD0, 0x05, 0x00, 0x08, 0xFE, 0xCE, 0x75, 0xD5, 0x87, 0xF7, 0x8A ; ..u........u....
000FC708  db 0xF2, 0x2D, 0x00, 0x08, 0xBB, 0x04, 0x00, 0x8E, 0xD0, 0xBC, 0x02, 0x80, 0xB9, 0x00, 0x20, 0x90 ; .-............ .
000FC718  db 0x2B, 0xE3, 0x5D, 0x33, 0xEE, 0x57, 0x58, 0x33, 0xC7, 0x0B, 0xE8, 0x2B, 0xE3, 0x58, 0x33, 0xC6 ; +.]3.WX3...+.X3.
000FC728  db 0x0B, 0xE8, 0x57, 0x58, 0x33, 0xC7, 0x0B, 0xC5, 0xE1, 0xE6, 0x0B, 0xC9, 0x75, 0xC4, 0x8C, 0xD0 ; ..WX3.......u...
000FC738  db 0x2D, 0x00, 0x08, 0xFE, 0xCE, 0x75, 0xD0, 0x0B, 0xF6, 0x75, 0x0B, 0xB0, 0xAC, 0xBF, 0x4B, 0x07 ; -....u...u....K.
000FC748  db 0xE9, 0x13, 0xF9, 0xE9, 0x4A, 0xFF, 0xB8, 0x30, 0x00, 0x8E, 0xD0, 0xBC, 0x00, 0x01, 0x33, 0xC0 ; ....J..0......3.
000FC758  db 0x8E, 0xC0, 0x8E, 0xD8, 0x33, 0xC9, 0xE8, 0x3D, 0x00, 0xE8, 0x3A, 0x00, 0x80, 0xFD, 0x01, 0x12 ; ....3..=..:.....
000FC768  db 0xED, 0x73, 0xF3, 0xFE, 0xC5, 0x33, 0xFF, 0xFC, 0xB8, 0x92, 0x07, 0xAB, 0x8C, 0xC8, 0xAB, 0xE2 ; .s...3..........
000FC778  db 0xF7, 0xC7, 0x06, 0x20, 0x00, 0x97, 0x07, 0x33, 0xDB, 0xB0, 0xFE, 0xE6, 0x21, 0xFB, 0xE2, 0xFE ; ... ...3....!...
000FC788  db 0xFA, 0xB0, 0xFF, 0xE6, 0x21, 0x80, 0xFB, 0x3B, 0x74, 0x1D, 0xB0, 0x03, 0xE9, 0x2A, 0x10, 0xB3 ; ....!..;t....*..
000FC798  db 0x3B, 0xB0, 0x60, 0xE6, 0x20, 0xCF, 0x8A, 0xC5, 0xE6, 0x21, 0x8B, 0x1E, 0x00, 0x04, 0xE4, 0x21 ; ;.`. ....!.....!
000FC7A8  db 0x3A, 0xC5, 0x75, 0xE6, 0xF6, 0xD5, 0xC3, 0x8A, 0xC2, 0x48, 0x48, 0xE6, 0x65, 0xB1, 0x05, 0x98 ; :.u......HH.e...
000FC7B8  db 0xD3, 0xE0, 0xA3, 0x15, 0x04, 0x05, 0x40, 0x00, 0xA3, 0x13, 0x04, 0xE8, 0xFE, 0x00, 0xE8, 0x13 ; ......@.........
000FC7C8  db 0x01, 0xBE, 0xF3, 0x3E, 0xBF, 0x00, 0x00, 0x1E, 0x8C, 0xC8, 0x8E, 0xD8, 0xB9, 0x1F, 0x00, 0xA5 ; ...>............
000FC7D8  db 0xAB, 0xE2, 0xFC, 0x33, 0xC0, 0xB9, 0xC2, 0x01, 0xF3, 0xAB, 0x1F, 0x32, 0xDB, 0xC7, 0x06, 0x60 ; ...3.......2...`
000FC7E8  db 0x04, 0xFF, 0xFF, 0x9B, 0xDB, 0xE3, 0x9B, 0xDD, 0x3E, 0x60, 0x04, 0x9B, 0xFF, 0x06, 0x60, 0x04 ; ........>`....`.
000FC7F8  db 0x74, 0x02, 0x43, 0x43, 0xB0, 0x23, 0xE8, 0x75, 0x04, 0x8A, 0xF8, 0x24, 0x30, 0x74, 0x0A, 0xB8 ; t.CC.#.u...$0t..
000FC808  db 0x03, 0x00, 0xCD, 0x10, 0xB8, 0x07, 0x00, 0xCD, 0x10, 0x8A, 0xC7, 0x24, 0x70, 0x0A, 0xC3, 0x0C ; ...........$p...
000FC818  db 0x0D, 0xE6, 0x64, 0xA2, 0x10, 0x04, 0x24, 0x30, 0x74, 0x0E, 0x3C, 0x20, 0x77, 0x0A, 0xB0, 0x03 ; ..d...$0t.< w...
000FC828  db 0x74, 0x02, 0x48, 0x48, 0xB4, 0x00, 0xCD, 0x10, 0xB0, 0xBC, 0xE6, 0x21, 0xFB, 0xB0, 0x70, 0xE6 ; t.HH.......!..p.
000FC838  db 0x61, 0xB0, 0x40, 0xE6, 0x61, 0xB0, 0x80, 0xE6, 0xA0, 0xB4, 0x00, 0xCD, 0x13, 0x73, 0x0D, 0xBA ; a.@.a........s..
000FC848  db 0x79, 0x03, 0xEC, 0x24, 0x07, 0x74, 0x4B, 0xB0, 0x05, 0xE9, 0x6D, 0x0F, 0x32, 0xD2, 0xB5, 0x0A ; y..$.tK...m.2...
000FC858  db 0xE8, 0x4B, 0x25, 0x72, 0xEA, 0xB0, 0x23, 0xE8, 0x14, 0x04, 0x75, 0x06, 0xA8, 0x40, 0x74, 0x32 ; .K%r..#...u..@t2
000FC868  db 0x32, 0xC0, 0x9C, 0xB2, 0x01, 0xB5, 0x0A, 0xE8, 0x34, 0x25, 0x73, 0x0A, 0x9D, 0x75, 0x23, 0x80 ; 2.......4%s..u#.
000FC878  db 0x26, 0x10, 0x04, 0xBF, 0xEB, 0x17, 0x9D, 0x74, 0x19, 0xB0, 0x23, 0xE8, 0xF0, 0x03, 0x0C, 0x40 ; &......t..#....@
000FC888  db 0x8A, 0xE0, 0xBA, 0x70, 0x00, 0xB0, 0x23, 0xEF, 0x80, 0x0E, 0x10, 0x04, 0x40, 0xA0, 0x10, 0x04 ; ...p..#.....@...
000FC898  db 0xE6, 0x64, 0xE8, 0xAE, 0x00, 0xE4, 0x21, 0x24, 0xBC, 0xE6, 0x21, 0xE8, 0xBF, 0x1D, 0x33, 0xC9 ; .d....!$..!...3.
000FC8A8  db 0x8E, 0xD9, 0x8E, 0xC1, 0xB0, 0x0A, 0xE2, 0xFE, 0xFE, 0xC8, 0x75, 0xFA, 0xE8, 0xF2, 0x00, 0xE8 ; ..........u.....
000FC8B8  db 0x99, 0x01, 0xC7, 0x06, 0x72, 0x04, 0x34, 0x12, 0xCD, 0x19, 0xEB, 0xF6 ; ....r.4.....
000FC8C4  FC                   cld                        
000FC8C5  B8 1E 00             mov    ax, 0x1e             ; ax = 0x1e
000FC8C8  BF 1A 04             mov    di, 0x41a            ; di = 0x41a
000FC8CB  AB                   stosw  word ptr es:[di], ax
000FC8CC  AB                   stosw  word ptr es:[di], ax
000FC8CD  BF 80 04             mov    di, 0x480            ; di = 0x480
000FC8D0  AB                   stosw  word ptr es:[di], ax
000FC8D1  05 20 00             add    ax, 0x20             ; ax += 0x20; flags
000FC8D4  AB                   stosw  word ptr es:[di], ax
000FC8D5  C3                   ret                         ; return
000FC8D6  db 0xBC, 0x03, 0x78, 0x03, 0x78, 0x02, 0xB1, 0x42, 0xC7, 0x06, 0x00, 0x04, 0xF8, 0x03, 0xBA, 0xFB ; ..x.x..B........
000FC8E6  db 0x02, 0xB0, 0xAA, 0xEE, 0xEB, 0x00, 0xEC, 0x3C, 0xAA, 0x75, 0x12, 0xF6, 0xD0, 0xEE, 0xEB, 0x00 ; .......<.u......
000FC8F6  db 0xEC, 0x3C, 0x55, 0x75, 0x08, 0xC7, 0x06, 0x02, 0x04, 0xF8, 0x02, 0x41, 0x41, 0x80, 0xE1, 0xBF ; .<Uu.......AA...
000FC906  db 0xBB, 0x08, 0x04, 0xBF, 0xD6, 0x08, 0x2E, 0x8B, 0x15, 0xB0, 0xAA, 0xEE, 0xEC, 0x3C, 0xAA, 0x75 ; .............<.u
000FC916  db 0x0F, 0xF6, 0xD0, 0xEE, 0xEC, 0x3C, 0x55, 0x75, 0x07, 0x89, 0x17, 0x43, 0x43, 0x80, 0xC1, 0x40 ; .....<Uu...CC..@
000FC926  db 0x47, 0x47, 0x81, 0xFF, 0xDC, 0x08, 0x72, 0xDE, 0xBA, 0x01, 0x02, 0xEC, 0x24, 0x0F, 0x75, 0x03 ; GG....r.....$.u.
000FC936  db 0x80, 0xC9, 0x08, 0x88, 0x0E, 0x11, 0x04, 0xB8, 0x14, 0x14, 0xBF, 0x78, 0x04, 0xAB, 0xAB, 0xB8 ; ...........x....
000FC946  db 0x01, 0x01, 0xAB, 0xAB, 0xC3, 0xB8, 0x00, 0xC0, 0x8E, 0xD8, 0x05, 0x80, 0x00, 0x81, 0x3E, 0x00 ; ..............>.
000FC956  db 0x00, 0x55, 0xAA, 0x75, 0x14, 0x1E, 0x0E, 0xE8, 0x15, 0x00, 0x1F, 0x8A, 0x36, 0x02, 0x00, 0x32 ; .U.u........6..2
000FC966  db 0xD2, 0xB1, 0x03, 0xD3, 0xEA, 0x8C, 0xD8, 0x03, 0xC2, 0x3D, 0x00, 0xF0, 0x72, 0xDA, 0xC3, 0x1E ; .........=..r...
000FC976  db 0x8A, 0x16, 0x02, 0x00, 0x32, 0xF6, 0xB9, 0x00, 0x02, 0x33, 0xDB, 0x02, 0x37, 0x43, 0xE2, 0xFB ; ....2....3..7C..
000FC986  db 0x8C, 0xD8, 0x05, 0x20, 0x00, 0x8E, 0xD8, 0xFE, 0xCA, 0x75, 0xEB, 0x1F, 0x0A, 0xF6, 0x74, 0x08 ; ... .....u....t.
000FC996  db 0x33, 0xDB, 0xB0, 0x07, 0xE8, 0xE3, 0x0C, 0xCB, 0x1E, 0xBB, 0x03, 0x00, 0x53, 0xB8, 0x40, 0x00 ; 3...........S.@.
000FC9A6  db 0x8E, 0xC0, 0xCB, 0x8B, 0x16, 0x13, 0x04, 0xB0, 0x00, 0xE8, 0xCE, 0x0C, 0xB0, 0x14, 0xE8, 0xBF ; ................
000FC9B6  db 0x02, 0x75, 0x34, 0xA0, 0x10, 0x04, 0x24, 0x30, 0x3C, 0x10, 0x75, 0x0A, 0xB8, 0x0D, 0x0E, 0xCD ; .u4...$0<.u.....
000FC9C6  db 0x10, 0xB8, 0x0A, 0x0E, 0xCD, 0x10, 0xB4, 0x02, 0xCD, 0x1A, 0x51, 0xB4, 0x04, 0xCD, 0x1A, 0x87 ; ..........Q.....
000FC9D6  db 0xCA, 0x86, 0xE9, 0x5B, 0xB0, 0x01, 0xE8, 0x56, 0x00, 0x81, 0x3E, 0x72, 0x04, 0x34, 0x12, 0x75 ; ...[...V..>r.4.u
000FC9E6  db 0x21, 0xB8, 0x0A, 0x0E, 0xCD, 0x10, 0xC3, 0xB0, 0x03, 0xE8, 0x8E, 0x0C, 0xB0, 0x0D, 0xE8, 0x7F ; !...............
000FC9F6  db 0x02, 0x24, 0x80, 0x75, 0x05, 0xB0, 0x04, 0xE8, 0x80, 0x0C, 0xB3, 0x00, 0xB8, 0x14, 0x01, 0xCD ; .$.u............
000FCA06  db 0x15, 0xC3, 0xB0, 0x0E, 0xE8, 0x69, 0x02, 0x8A, 0xD8, 0xB0, 0x0F, 0xE8, 0x62, 0x02, 0x8A, 0xF8 ; .....i......b...
000FCA16  db 0xB0, 0x13, 0xE8, 0x5B, 0x02, 0x8A, 0xD0, 0xB6, 0x19, 0x3C, 0x80, 0x73, 0x02, 0xB6, 0x20, 0xB0 ; ...[.....<.s.. .
000FCA26  db 0x11, 0xE8, 0x4C, 0x02, 0x8A, 0xE8, 0xB0, 0x12, 0xE8, 0x45, 0x02, 0x8A, 0xC8, 0xB0, 0x02, 0x50 ; ..L......E.....P
000FCA36  db 0x8A, 0xE1, 0x8A, 0xC4, 0xB1, 0x04, 0xD2, 0xC4, 0x25, 0x0F, 0x0F, 0xD5, 0x0A, 0x48, 0x3C, 0x0C ; ........%....H<.
000FCA46  db 0x72, 0x02, 0xB0, 0x00, 0x8A, 0xC8, 0x80, 0xE7, 0x7F, 0x58, 0xE9, 0x2D, 0x0C, 0xBA, 0x79, 0x03 ; r........X.-..y.
000FCA56  db 0xEC, 0x24, 0x07, 0x74, 0x6E, 0xB2, 0x05, 0xFA, 0xFF, 0x36, 0x24, 0x00, 0xFF, 0x36, 0x26, 0x00 ; .$.tn....6$..6&.
000FCA66  db 0xC7, 0x06, 0x24, 0x00, 0xCA, 0x0A, 0x8C, 0x0E, 0x26, 0x00, 0xE4, 0x61, 0x50, 0x24, 0xBF, 0x0C ; ..$.....&..aP$..
000FCA76  db 0x80, 0xE6, 0x61, 0xB9, 0x10, 0x27, 0xE2, 0xFE, 0x58, 0xE6, 0x61, 0xBB, 0x0A, 0x00, 0xFB, 0x0A ; ..a..'..X.a.....
000FCA86  db 0xFF, 0x75, 0x06, 0xE2, 0xFA, 0xFE, 0xCB, 0x75, 0xF6, 0xFA, 0x8F, 0x06, 0x26, 0x00, 0x8F, 0x06 ; .u.....u....&...
000FCA96  db 0x24, 0x00, 0xE8, 0x29, 0xFE, 0xC7, 0x06, 0x17, 0x04, 0x00, 0x00, 0xFB, 0x80, 0xFF, 0xAA, 0x74 ; $..)...........t
000FCAA6  db 0x12, 0x8A, 0xC2, 0x0A, 0xC0, 0x74, 0x05, 0xE8, 0xD0, 0x0B, 0x32, 0xD2, 0xB8, 0x07, 0x0E, 0xCD ; .....t....2.....
000FCAB6  db 0x10, 0xEB, 0xA4, 0xB8, 0x0D, 0x0E, 0xCD, 0x10, 0xB9, 0x50, 0x00, 0xBB, 0x01, 0x00, 0xB8, 0x20 ; .........P..... 
000FCAC6  db 0x0A, 0xCD, 0x10, 0xC3, 0x50, 0xE4, 0x60, 0x0A, 0xFF, 0xB7, 0xFF, 0x75, 0x02, 0x8A, 0xF8, 0xE4 ; ....P.`....u....
000FCAD6  db 0x61, 0x0C, 0x80, 0xE6, 0x61, 0x24, 0x7F, 0xE6, 0x61, 0xB0, 0x61, 0xE6, 0x20, 0x58, 0xCF ; a...a$..a.a. X.
; ---- Vector INT 19 (Bootstrap Loader) ----
000FCAE5  33 C0                xor    ax, ax ; ax ^= ax; flags
000FCAE7  8E D8                mov    ds, ax ; ds = ax
000FCAE9  8C 0E 7A 00          mov    word ptr [0x7a], cs ; mem16(ds/ss:0x7a) = cs
000FCAED  C7 06 78 00 C7 2F    mov    word ptr [0x78], 0x2fc7 ; mem16(ds/ss:0x78) = 0x2fc7
000FCAF3  B9 0A 00             mov    cx, 0xa ; cx = 0xa
000FCAF6  B4 00                mov    ah, 0 ; ah = 0x0
000FCAF8  CD 13                int    0x13 ; BIOS interrupt 0x13 (Disk Services)
000FCAFA  51                   push   cx ; push cx
000FCAFB  33 D2                xor    dx, dx ; dx ^= dx; flags
000FCAFD  BB 00 7C             mov    bx, 0x7c00 ; bx = 0x7c00
000FCB00  8E C2                mov    es, dx ; es = dx
000FCB02  B9 01 00             mov    cx, 1 ; cx = 0x1
000FCB05  B8 01 02             mov    ax, 0x201 ; ax = 0x201
000FCB08  CD 13                int    0x13 ; BIOS interrupt 0x13 (Disk Services)
000FCB0A  59                   pop    cx ; pop -> cx
000FCB0B  73 19                jae    0xfcb26 ; if CF=0 then jump 0xcb26
000FCB0D  D0 C4                rol    ah, 1               
000FCB0F  72 1C                jb     0xfcb2d ; if CF=1 then jump 0xcb2d
000FCB11  F6 C1 01             test   cl, 1 ; flags = cl & 0x1
000FCB14  74 0C                je     0xfcb22 ; if ZF=1 then jump 0xcb22
000FCB16  51                   push   cx ; push cx
000FCB17  33 D2                xor    dx, dx ; dx ^= dx; flags
000FCB19  B9 01 27             mov    cx, 0x2701 ; cx = 0x2701
000FCB1C  B8 01 04             mov    ax, 0x401 ; ax = 0x401
000FCB1F  CD 13                int    0x13 ; BIOS interrupt 0x13 (Disk Services)
000FCB21  59                   pop    cx ; pop -> cx
000FCB22  E2 D2                loop   0xfcaf6 ; CX-- ; if CX!=0 jump 0xcaf6
000FCB24  EB 07                jmp    0xfcb2d ; jump 0xcb2d
000FCB26  33 C0                xor    ax, ax ; ax ^= ax; flags
000FCB28  8E D8                mov    ds, ax ; ds = ax
000FCB2A  06                   push   es ; push es
000FCB2B  53                   push   bx ; push bx
000FCB2C  CB                   retf ; return
; ---- Vector INT 18 (ROM BASIC / Boot Failure) ----
000FCB2D  B0 06                mov    al, 6 ; al = 0x6
000FCB2F  E8 4E 0B             call   0xfd680 ; call 0xd680
000FCB32  33 C0                xor    ax, ax ; ax ^= ax; flags
000FCB34  8E C0                mov    es, ax ; es = ax
000FCB36  E8 8B FD             call   0xfc8c4 ; call 0xc8c4
000FCB39  B4 00                mov    ah, 0 ; ah = 0x0
000FCB3B  CD 16                int    0x16 ; BIOS interrupt 0x16 (Keyboard Services)
000FCB3D  B8 0A 0E             mov    ax, 0xe0a ; ax = 0xe0a
000FCB40  CD 10                int    0x10 ; BIOS interrupt 0x10 (Video Services)
000FCB42  B8 0D 0E             mov    ax, 0xe0d ; ax = 0xe0d
000FCB45  CD 10                int    0x10 ; BIOS interrupt 0x10 (Video Services)
000FCB47  CD 19                int    0x19 ; BIOS interrupt 0x19 (Bootstrap Loader)
000FCB49  01 61 00             add    word ptr [bx + di], sp ; mem16(ds/ss:bx + di) += sp; flags
000FCB4C  80 03 43             add    byte ptr [bp + di], 0x43 ; mem8(ds/ss:bp + di) += 0x43; flags
000FCB4F  00 34                add    byte ptr [si], dh ; mem8(ds/ss:si) += dh; flags
000FCB51  74 B0                je     0xfcb03 ; if ZF=1 then jump 0xcb03
000FCB53  02 40 00             add    al, byte ptr [bx + si] ; al += mem8(ds/ss:bx + si); flags
000FCB56  00 00                add    byte ptr [bx + si], al ; mem8(ds/ss:bx + si) += al; flags
000FCB58  02 41 00             add    al, byte ptr [bx + di] ; al += mem8(ds/ss:bx + di); flags
000FCB5B  12 00                adc    al, byte ptr [bx + si]
000FCB5D  02 42 00             add    al, byte ptr [bp + si] ; al += mem8(ds/ss:bp + si); flags
000FCB60  01 00                add    word ptr [bx + si], ax ; mem16(ds/ss:bx + si) += ax; flags
000FCB62  01 0F                add    word ptr [bx], cx ; mem16(ds/ss:bx) += cx; flags
000FCB64  00 0F                add    byte ptr [bx], cl ; mem8(ds/ss:bx) += cl; flags
000FCB66  01 08                add    word ptr [bx + si], cx ; mem16(ds/ss:bx + si) += cx; flags
000FCB68  00 00                add    byte ptr [bx + si], al ; mem8(ds/ss:bx + si) += al; flags
000FCB6A  01 0B                add    word ptr [bp + di], cx ; mem16(ds/ss:bp + di) += cx; flags
000FCB6C  00 58 01             add    byte ptr [bx + si + 1], bl ; mem8(ds/ss:bx + si + 0x1) += bl; flags
000FCB6F  0C 00                or     al, 0 ; al |= 0x0; flags
000FCB71  00 02                add    byte ptr [bp + si], al ; mem8(ds/ss:bp + si) += al; flags
000FCB73  01 00                add    word ptr [bx + si], ax ; mem16(ds/ss:bx + si) += ax; flags
000FCB75  db 0xFF, 0xFF, 0x01, 0x0A, 0x00, 0x00, 0x01, 0x20, 0x00, 0x13, 0x03, 0x21, 0x00, 0x08, 0x09, 0xFF ; ....... ...!....
000FCB85  db 0x01, 0xF2, 0x03, 0x00, 0x01, 0xFC, 0x03, 0x00, 0x00, 0x00, 0x00, 0x00, 0x00, 0x00, 0x00, 0x00 ; ................
000FCB95  db 0x00, 0x00, 0x00, 0x00, 0x00, 0x00, 0x00, 0x00, 0x00, 0x00, 0x00 ; ...........
000FCBA0  8B E5                mov    sp, bp ; sp = bp
000FCBA2  58                   pop    ax ; pop -> ax
000FCBA3  5B                   pop    bx ; pop -> bx
000FCBA4  59                   pop    cx ; pop -> cx
000FCBA5  5A                   pop    dx ; pop -> dx
000FCBA6  1F                   pop    ds ; pop -> ds
000FCBA7  07                   pop    es ; pop -> es
000FCBA8  5D                   pop    bp ; pop -> bp
000FCBA9  5F                   pop    di ; pop -> di
000FCBAA  5E                   pop    si ; pop -> si
000FCBAB  CA 02 00             retf   2 ; return
000FCBAE  FB                   sti                         ; IF=1 (enable maskable interrupts)
000FCBAF  57                   push   di                   ; push di
000FCBB0  55                   push   bp                   ; push bp
000FCBB1  06                   push   es                   ; push es
000FCBB2  1E                   push   ds                   ; push ds
000FCBB3  52                   push   dx                   ; push dx
000FCBB4  51                   push   cx                   ; push cx
000FCBB5  53                   push   bx                   ; push bx
000FCBB6  50                   push   ax                   ; push ax
000FCBB7  33 DB                xor    bx, bx               ; bx ^= bx; flags
000FCBB9  8E DB                mov    ds, bx               ; ds = bx
000FCBBB  8B EC                mov    bp, sp               ; bp = sp
000FCBBD  87 76 10             xchg   word ptr [bp + 0x10], si ; swap mem16(ds/ss:bp + 0x10) <-> si
000FCBC0  FF D6                call   si                   ; call si
000FCBC2  8B E5                mov    sp, bp ; sp = bp
000FCBC4  58                   pop    ax ; pop -> ax
000FCBC5  5B                   pop    bx ; pop -> bx
000FCBC6  59                   pop    cx ; pop -> cx
000FCBC7  5A                   pop    dx ; pop -> dx
000FCBC8  1F                   pop    ds ; pop -> ds
000FCBC9  07                   pop    es ; pop -> es
000FCBCA  5D                   pop    bp ; pop -> bp
000FCBCB  5F                   pop    di ; pop -> di
000FCBCC  5E                   pop    si ; pop -> si
000FCBCD  CF                   iret                       
; ---- Vector INT 12 (Conventional Memory Size) ----
000FCBCE  1E                   push   ds ; push ds
000FCBCF  33 C0                xor    ax, ax ; ax ^= ax; flags
000FCBD1  8E D8                mov    ds, ax ; ds = ax
000FCBD3  A1 13 04             mov    ax, word ptr [0x413] ; ax = mem16(ds/ss:0x413)
000FCBD6  1F                   pop    ds ; pop -> ds
000FCBD7  CF                   iret                       
; ---- Vector INT 11 (Equipment List) ----
000FCBD8  1E                   push   ds ; push ds
000FCBD9  33 C0                xor    ax, ax ; ax ^= ax; flags
000FCBDB  8E D8                mov    ds, ax ; ds = ax
000FCBDD  A1 10 04             mov    ax, word ptr [0x410] ; ax = mem16(ds/ss:0x410)
000FCBE0  1F                   pop    ds ; pop -> ds
000FCBE1  CF                   iret                       
; ---- Vector INT 15 (System Services) ----
000FCBE2  E8 C9 FF             call   0xfcbae ; call 0xcbae
000FCBE5  80 FC 07             cmp    ah, 7 ; flags = ah - 0x7
000FCBE8  F5                   cmc                        
000FCBE9  72 0C                jb     0xfcbf7 ; if CF=1 then jump 0xcbf7
000FCBEB  02 E4                add    ah, ah ; ah += ah; flags
000FCBED  86 DC                xchg   ah, bl ; swap ah <-> bl
000FCBEF  32 FF                xor    bh, bh ; bh ^= bh; flags
000FCBF1  2E FF 97 FC 0B       call   word ptr cs:[bx + 0xbfc] ; call mem16(cs:bx + 0xbfc)
000FCBF6  F8                   clc                        
000FCBF7  9F                   lahf                       
000FCBF8  88 66 16             mov    byte ptr [bp + 0x16], ah ; mem8(ds/ss:bp + 0x16) = ah
000FCBFB  C3                   ret ; return
000FCBFC  db 0x0A, 0x0C, 0x2D, 0x0C, 0x61, 0x0C, 0xC7, 0x0C, 0xCC, 0x0C, 0xD1, 0x0C, 0x64, 0x18, 0xFA, 0xBA ; ..-.a.......d...
000FCC0C  db 0x78, 0x00, 0xE8, 0x0D, 0x00, 0x89, 0x46, 0x04, 0x42, 0x42, 0xE8, 0x05, 0x00, 0x89, 0x46, 0x06 ; x.....F.BB....F.
000FCC1C  db 0xFB, 0xC3, 0xEC, 0x8A, 0xE0, 0xEC, 0x3A, 0xC4, 0x75, 0xF8, 0x98, 0x50, 0x32, 0xC0, 0xEE, 0x58 ; ......:.u..P2..X
000FCC2C  db 0xC3, 0x3C, 0x40, 0x72, 0x05, 0xC6, 0x46, 0x01, 0x01, 0xC3, 0x8A, 0x66, 0x02, 0xBA, 0x70, 0x00 ; .<@r..F....f..p.
000FCC3C  db 0xEF, 0x3C, 0x14, 0x72, 0x0C, 0x50, 0xBB, 0x47, 0x0C, 0xEB, 0x42, 0x8A, 0xE1, 0xB0, 0x14, 0xEF ; .<.r.P.G..B.....
000FCC4C  db 0x58, 0x3C, 0x0E, 0x72, 0x09, 0xE8, 0x6D, 0x00, 0x2A, 0xE0, 0xB4, 0x02, 0x75, 0x02, 0x32, 0xE4 ; X<.r..m.*...u.2.
000FCC5C  db 0x88, 0x66, 0x01, 0xFB, 0xC3, 0x3C, 0x40, 0x72, 0x05, 0xC6, 0x46, 0x01, 0x01, 0xC3, 0xE8, 0x09 ; .f...<@r..F.....
000FCC6C  db 0x00, 0x74, 0x02, 0xB4, 0x02, 0x89, 0x46, 0x00, 0xFB, 0xC3, 0x52, 0x51, 0x53, 0xE8, 0x04, 0x00 ; .t....F...RQS...
000FCC7C  db 0x5B, 0x59, 0x5A, 0xC3, 0x5B ; [YZ.[
000FCC81  FA                   cli ; IF=0 (disable maskable interrupts)
000FCC82  BA 70 00             mov    dx, 0x70 ; dx = 0x70
000FCC85  EE                   out    dx, al ; IO[CMOS_ADDR] = al
000FCC86  42                   inc    dx ; dx++ ; flags (CF unchanged)
000FCC87  EC                   in     al, dx ; al = IO[dx]
000FCC88  4A                   dec    dx ; dx-- ; flags (CF unchanged)
000FCC89  8A C8                mov    cl, al ; cl = al
000FCC8B  32 E4                xor    ah, ah ; ah ^= ah; flags
000FCC8D  B5 3F                mov    ch, 0x3f ; ch = 0x3f
000FCC8F  8A C5                mov    al, ch ; al = ch
000FCC91  EE                   out    dx, al ; IO[dx] = al
000FCC92  42                   inc    dx ; dx++ ; flags (CF unchanged)
000FCC93  EC                   in     al, dx ; al = IO[dx]
000FCC94  4A                   dec    dx ; dx-- ; flags (CF unchanged)
000FCC95  02 E0                add    ah, al ; ah += al; flags
000FCC97  FE CD                dec    ch ; ch-- ; flags (CF unchanged)
000FCC99  80 FD 14             cmp    ch, 0x14 ; flags = ch - 0x14
000FCC9C  73 F1                jae    0xfcc8f ; if CF=0 then jump 0xcc8f
000FCC9E  8A EC                mov    ch, ah ; ch = ah
000FCCA0  2A E8                sub    ch, al ; ch -= al; flags
000FCCA2  B0 AA                mov    al, 0xaa ; al = 0xaa
000FCCA4  2A C5                sub    al, ch ; al -= ch; flags
000FCCA6  86 C1                xchg   cl, al ; swap cl <-> al
000FCCA8  80 EC AA             sub    ah, 0xaa ; ah -= 0xaa; flags
000FCCAB  FF E3                jmp    bx ; jump bx
000FCCAD  52                   push   dx ; push dx
000FCCAE  8A E0                mov    ah, al ; ah = al
000FCCB0  E8 0B 00             call   0xfccbe ; call 0xccbe
000FCCB3  86 E0                xchg   al, ah ; swap al <-> ah
000FCCB5  FE C0                inc    al ; al++ ; flags (CF unchanged)
000FCCB7  E8 07 00             call   0xfccc1 ; call 0xccc1
000FCCBA  86 E0                xchg   al, ah ; swap al <-> ah
000FCCBC  5A                   pop    dx ; pop -> dx
000FCCBD  C3                   ret ; return
000FCCBE  BA 70 00             mov    dx, 0x70             ; dx = 0x70
000FCCC1  FA                   cli                         ; IF=0 (disable maskable interrupts)
000FCCC2  EE                   out    dx, al               ; IO[dx] = al
000FCCC3  42                   inc    dx                   ; dx++ ; flags (CF unchanged)
000FCCC4  EC                   in     al, dx               ; al = IO[dx]
000FCCC5  4A                   dec    dx                   ; dx-- ; flags (CF unchanged)
000FCCC6  C3                   ret                         ; return
000FCCC7  db 0xBA, 0xDD, 0x03, 0xEE, 0xC3, 0xBA, 0xDE, 0x03, 0xEE, 0xC3, 0xBA, 0xDF, 0x03, 0xEE, 0xC3 ; ...............
; ---- Vector INT 1A (Time-of-Day) ----
000FCCD6  E8 D5 FE             call   0xfcbae ; call 0xcbae
000FCCD9  80 FC 08             cmp    ah, 8 ; flags = ah - 0x8
000FCCDC  73 0B                jae    0xfcce9 ; if CF=0 then jump 0xcce9
000FCCDE  02 E4                add    ah, ah ; ah += ah; flags
000FCCE0  8A DC                mov    bl, ah ; bl = ah
000FCCE2  32 FF                xor    bh, bh ; bh ^= bh; flags
000FCCE4  2E FF A7 EA 0C       jmp    word ptr cs:[bx + 0xcea] ; jump mem16(cs:bx + 0xcea)
000FCCE9  C3                   ret ; return
000FCCEA  db 0xFA, 0x0C, 0x14, 0x0D, 0xDF, 0x0D, 0xB2, 0x0D, 0x39, 0x0E, 0xFE, 0x0D, 0x60, 0x0E, 0x86, 0x0E ; ........9...`...
000FCCFA  db 0xFA, 0xA1, 0x6E, 0x04, 0x89, 0x46, 0x04, 0xA1, 0x6C, 0x04, 0x89, 0x46, 0x06, 0x32, 0xC0, 0x86 ; ..n..F..l..F.2..
000FCD0A  db 0x06, 0x70, 0x04, 0x24, 0x01, 0x88, 0x46, 0x00, 0xFB, 0xC3, 0xFA, 0x89, 0x0E, 0x6E, 0x04, 0x89 ; .p.$..F......n..
000FCD1A  db 0x16, 0x6C, 0x04, 0xC6, 0x06, 0x70, 0x04, 0x00, 0xFB, 0xC3 ; .l...p....
; ---- Vector INT 08 (System Timer) ----
000FCD24  1E                   push   ds ; push ds
000FCD25  52                   push   dx ; push dx
000FCD26  50                   push   ax ; push ax
000FCD27  33 C0                xor    ax, ax ; ax ^= ax; flags
000FCD29  8E D8                mov    ds, ax ; ds = ax
000FCD2B  FB                   sti ; IF=1 (enable maskable interrupts)
000FCD2C  FE 0E 40 04          dec    byte ptr [0x440] ; mem8(ds/ss:0x440)-- ; flags (CF unchanged)
000FCD30  75 0B                jne    0xfcd3d ; if ZF=0 then jump 0xcd3d
000FCD32  C6 06 3F 04 00       mov    byte ptr [0x43f], 0 ; mem8(ds/ss:0x43f) = 0x0
000FCD37  BA F2 03             mov    dx, 0x3f2 ; dx = 0x3f2
000FCD3A  B0 0C                mov    al, 0xc ; al = 0xc
000FCD3C  EE                   out    dx, al ; IO[FDC_DOR] = al
000FCD3D  FF 06 6C 04          inc    word ptr [0x46c] ; mem16(ds/ss:0x46c)++ ; flags (CF unchanged)
000FCD41  75 04                jne    0xfcd47 ; if ZF=0 then jump 0xcd47
000FCD43  FF 06 6E 04          inc    word ptr [0x46e] ; mem16(ds/ss:0x46e)++ ; flags (CF unchanged)
000FCD47  81 3E 6C 04 B0 00    cmp    word ptr [0x46c], 0xb0 ; flags = mem16(ds/ss:0x46c) - 0xb0
000FCD4D  75 14                jne    0xfcd63 ; if ZF=0 then jump 0xcd63
000FCD4F  83 3E 6E 04 18       cmp    word ptr [0x46e], 0x18 ; flags = mem16(ds/ss:0x46e) - 0x18
000FCD54  75 0D                jne    0xfcd63 ; if ZF=0 then jump 0xcd63
000FCD56  C6 06 70 04 FF       mov    byte ptr [0x470], 0xff ; mem8(ds/ss:0x470) = 0xff
000FCD5B  33 C0                xor    ax, ax ; ax ^= ax; flags
000FCD5D  A3 6C 04             mov    word ptr [0x46c], ax ; mem16(ds/ss:0x46c) = ax
000FCD60  A3 6E 04             mov    word ptr [0x46e], ax ; mem16(ds/ss:0x46e) = ax
000FCD63  F6 06 6C 04 FF       test   byte ptr [0x46c], 0xff ; flags = mem8(ds/ss:0x46c) & 0xff
000FCD68  75 03                jne    0xfcd6d ; if ZF=0 then jump 0xcd6d
000FCD6A  E8 0F 00             call   0xfcd7c ; call 0xcd7c
000FCD6D  B8 40 00             mov    ax, 0x40 ; ax = 0x40
000FCD70  8E D8                mov    ds, ax ; ds = ax
000FCD72  CD 1C                int    0x1c ; BIOS interrupt 0x1C (User Timer Tick)
000FCD74  B0 60                mov    al, 0x60 ; al = 0x60
000FCD76  E6 20                out    0x20, al ; IO[PIC1_CMD] = al
000FCD78  58                   pop    ax ; pop -> ax
000FCD79  5A                   pop    dx ; pop -> dx
000FCD7A  1F                   pop    ds ; pop -> ds
000FCD7B  CF                   iret                       
000FCD7C  53                   push   bx                   ; push bx
000FCD7D  BA 70 00             mov    dx, 0x70             ; dx = 0x70
000FCD80  E8 19 01             call   0xfce9c              ; call 0xce9c
000FCD83  B4 02                mov    ah, 2 ; ah = 0x2
000FCD85  B3 0E                mov    bl, 0xe ; bl = 0xe
000FCD87  E8 15 00             call   0xfcd9f ; call 0xcd9f
000FCD8A  80 C4 02             add    ah, 2 ; ah += 0x2; flags
000FCD8D  E8 0F 00             call   0xfcd9f ; call 0xcd9f
000FCD90  80 C4 02             add    ah, 2 ; ah += 0x2; flags
000FCD93  E8 09 00             call   0xfcd9f ; call 0xcd9f
000FCD96  FE C4                inc    ah ; ah++ ; flags (CF unchanged)
000FCD98  80 FC 0A             cmp    ah, 0xa ; flags = ah - 0xa
000FCD9B  72 F6                jb     0xfcd93 ; if CF=1 then jump 0xcd93
000FCD9D  5B                   pop    bx ; pop -> bx
000FCD9E  C3                   ret ; return
000FCD9F  8A C4                mov    al, ah               ; al = ah
000FCDA1  EE                   out    dx, al               ; IO[dx] = al
000FCDA2  42                   inc    dx                   ; dx++ ; flags (CF unchanged)
000FCDA3  EC                   in     al, dx               ; al = IO[dx]
000FCDA4  8A F8                mov    bh, al               ; bh = al
000FCDA6  4A                   dec    dx                   ; dx-- ; flags (CF unchanged)
000FCDA7  8A C3                mov    al, bl               ; al = bl
000FCDA9  EE                   out    dx, al               ; IO[dx] = al
000FCDAA  42                   inc    dx                   ; dx++ ; flags (CF unchanged)
000FCDAB  8A C7                mov    al, bh               ; al = bh
000FCDAD  EE                   out    dx, al               ; IO[dx] = al
000FCDAE  4A                   dec    dx                   ; dx-- ; flags (CF unchanged)
000FCDAF  FE C3                inc    bl                   ; bl++ ; flags (CF unchanged)
000FCDB1  C3                   ret                         ; return
000FCDB2  db 0xE8, 0x6E, 0x00, 0x8A, 0x66, 0x06, 0x80, 0xE4, 0x01, 0x80, 0xCC, 0x02, 0x8A, 0xDC, 0xB0, 0x0B ; .n..f...........
000FCDC2  db 0xEF, 0xB0, 0x04, 0x8A, 0xE5, 0xEF, 0xB0, 0x02, 0x8A, 0xE1, 0xEF, 0xB0, 0x00, 0x8A, 0x66, 0x07 ; ..............f.
000FCDD2  db 0xEF, 0xB8, 0x0A, 0x20, 0xEF, 0xB8, 0x0B, 0x7F, 0x22, 0xE3, 0xEF, 0xEB, 0x3A, 0xE8, 0xBA, 0x00 ; ... ...."...:...
000FCDE2  db 0x72, 0x39, 0xB0, 0x04, 0xE8, 0xD8, 0xFE, 0x88, 0x46, 0x05, 0xB0, 0x02, 0xE8, 0xD0, 0xFE, 0x88 ; r9......F.......
000FCDF2  db 0x46, 0x04, 0xB0, 0x00, 0xE8, 0xC8, 0xFE, 0x88, 0x46, 0x07, 0xEB, 0x1E, 0xE8, 0x9B, 0x00, 0x72 ; F.......F......r
000FCE02  db 0x1A, 0xB0, 0x09, 0x8A, 0xE1, 0xEF, 0xB0, 0x08, 0x8A, 0x66, 0x07, 0xEF, 0xB0, 0x07, 0x8A, 0x66 ; .........f.....f
000FCE12  db 0x06, 0xEF, 0xB0, 0x06, 0x32, 0xE4, 0xEF, 0xE8, 0x60, 0xFF, 0xF8, 0x9F, 0x88, 0x66, 0x16, 0xFB ; ....2...`....f..
000FCE22  db 0xC3, 0xBA, 0x70, 0x00, 0xB0, 0x0B, 0xE8, 0x96, 0xFE, 0x0C, 0x80, 0x8A, 0xD8, 0x8A, 0xE0, 0xB0 ; ..p.............
000FCE32  db 0x0B, 0xEF, 0xB8, 0x0A, 0x70, 0xEF, 0xC3, 0xE8, 0x60, 0x00, 0x72, 0xDF, 0xB0, 0x09, 0xE8, 0x7E ; ....p...`.r....~
000FCE42  db 0xFE, 0xB4, 0x19, 0x3C, 0x80, 0x73, 0x02, 0xB4, 0x20, 0x89, 0x46, 0x04, 0xB0, 0x08, 0xE8, 0x6E ; ...<.s.. .F....n
000FCE52  db 0xFE, 0x88, 0x46, 0x07, 0xB0, 0x07, 0xE8, 0x66, 0xFE, 0x88, 0x46, 0x06, 0xEB, 0xBC, 0xE8, 0x39 ; ..F....f..F....9
000FCE62  db 0x00, 0x72, 0xB8, 0xB0, 0x0B, 0xE8, 0x57, 0xFE, 0x24, 0x20, 0x74, 0x03, 0xF9, 0xEB, 0xAC, 0xB0 ; .r....W.$ t.....
000FCE72  db 0x05, 0x8A, 0xE5, 0xEF, 0xB0, 0x03, 0x8A, 0xE1, 0xEF, 0xB0, 0x01, 0x8A, 0x66, 0x07, 0xEF, 0xBB ; ............f...
000FCE82  db 0x20, 0x00, 0xEB, 0x03, 0xBB, 0x00, 0xDF, 0xBA, 0x70, 0x00, 0xB0, 0x0B, 0xE8, 0x30, 0xFE, 0x22 ;  .......p....0."
000FCE92  db 0xC7, 0x0A, 0xC3, 0x8A, 0xE0, 0xB0, 0x0B, 0xEF, 0xEB, 0x80 ; ..........
000FCE9C  51                   push   cx                   ; push cx
000FCE9D  B9 00 00             mov    cx, 0                ; cx = 0x0
000FCEA0  BA 70 00             mov    dx, 0x70             ; dx = 0x70
000FCEA3  FA                   cli                         ; IF=0 (disable maskable interrupts)
000FCEA4  B0 0A                mov    al, 0xa ; al = 0xa
000FCEA6  EE                   out    dx, al ; IO[dx] = al
000FCEA7  42                   inc    dx ; dx++ ; flags (CF unchanged)
000FCEA8  EC                   in     al, dx ; al = IO[dx]
000FCEA9  4A                   dec    dx ; dx-- ; flags (CF unchanged)
000FCEAA  D0 D0                rcl    al, 1               
000FCEAC  73 03                jae    0xfceb1 ; if CF=0 then jump 0xceb1
000FCEAE  E2 F4                loop   0xfcea4 ; CX-- ; if CX!=0 jump 0xcea4
000FCEB0  F9                   stc                        
000FCEB1  59                   pop    cx ; pop -> cx
000FCEB2  C3                   ret ; return
; ---- Vector INT 17 (Printer Services) ----
000FCEB3  E8 F8 FC             call   0xfcbae ; call 0xcbae
000FCEB6  8B DA                mov    bx, dx ; bx = dx
000FCEB8  03 DB                add    bx, bx ; bx += bx; flags
000FCEBA  8B 97 08 04          mov    dx, word ptr [bx + 0x408] ; dx = mem16(ds/ss:bx + 0x408)
000FCEBE  0B D2                or     dx, dx ; dx |= dx; flags
000FCEC0  74 16                je     0xfced8 ; if ZF=1 then jump 0xced8
000FCEC2  80 FC 03             cmp    ah, 3 ; flags = ah - 0x3
000FCEC5  73 0B                jae    0xfced2 ; if CF=0 then jump 0xced2
000FCEC7  02 E4                add    ah, ah ; ah += ah; flags
000FCEC9  8A DC                mov    bl, ah ; bl = ah
000FCECB  32 FF                xor    bh, bh ; bh ^= bh; flags
000FCECD  2E FF A7 D9 0E       jmp    word ptr cs:[bx + 0xed9] ; jump mem16(cs:bx + 0xed9)
000FCED2  80 EC 02             sub    ah, 2 ; ah -= 0x2; flags
000FCED5  88 66 01             mov    byte ptr [bp + 1], ah ; mem8(ds/ss:bp + 0x1) = ah
000FCED8  C3                   ret ; return
000FCED9  db 0xDF, 0x0E, 0x14, 0x0F, 0x2A, 0x0F, 0x8B, 0x5E, 0x06, 0x8A, 0x9F, 0x78, 0x04, 0x03, 0xDB, 0x03 ; ....*..^...x....
000FCEE9  db 0xDB, 0x42, 0xB9, 0xBE, 0xEC, 0xEC, 0x24, 0x80, 0x75, 0x0D, 0xE2, 0xF9, 0x4B, 0x75, 0xF3, 0xE8 ; .B....$.u...Ku..
000FCEF9  db 0x30, 0x00, 0x80, 0x4E, 0x01, 0x01, 0xC3, 0x8A, 0x46, 0x00, 0x4A, 0xEE, 0x42, 0x42, 0xB0, 0x0D ; 0..N....F.J.BB..
000FCF09  db 0xEE, 0x50, 0x50, 0x58, 0x58, 0xB0, 0x0C, 0xEE, 0x4A, 0xEB, 0x17, 0x42, 0x42, 0xB0, 0x08, 0xEE ; .PPXX...J..BB...
000FCF19  db 0xB0, 0x04, 0xB9, 0x3F, 0xF7, 0xE2, 0xFE, 0xFE, 0xC8, 0x75, 0xF7, 0xB0, 0x0C, 0xEE, 0x4A, 0xEB ; ...?.....u....J.
000FCF29  db 0x01, 0x42, 0xEC, 0x24, 0xF8, 0x34, 0x48, 0x88, 0x46, 0x01, 0xC3 ; .B.$.4H.F..
; ---- Vector INT 05 (Print Screen) ----
000FCF34  FB                   sti ; IF=1 (enable maskable interrupts)
000FCF35  1E                   push   ds ; push ds
000FCF36  52                   push   dx ; push dx
000FCF37  51                   push   cx ; push cx
000FCF38  53                   push   bx ; push bx
000FCF39  50                   push   ax ; push ax
000FCF3A  33 C0                xor    ax, ax ; ax ^= ax; flags
000FCF3C  8E D8                mov    ds, ax ; ds = ax
000FCF3E  80 3E 00 05 01       cmp    byte ptr [0x500], 1 ; flags = mem8(ds/ss:0x500) - 0x1
000FCF43  74 53                je     0xfcf98 ; if ZF=1 then jump 0xcf98
000FCF45  C6 06 00 05 01       mov    byte ptr [0x500], 1 ; mem8(ds/ss:0x500) = 0x1
000FCF4A  B4 0F                mov    ah, 0xf ; ah = 0xf
000FCF4C  CD 10                int    0x10 ; BIOS interrupt 0x10 (Video Services)
000FCF4E  8A DC                mov    bl, ah ; bl = ah
000FCF50  B4 03                mov    ah, 3 ; ah = 0x3
000FCF52  CD 10                int    0x10 ; BIOS interrupt 0x10 (Video Services)
000FCF54  52                   push   dx ; push dx
000FCF55  32 F6                xor    dh, dh ; dh ^= dh; flags
000FCF57  B0 0D                mov    al, 0xd ; al = 0xd
000FCF59  E8 42 00             call   0xfcf9e ; call 0xcf9e
000FCF5C  75 30                jne    0xfcf8e ; if ZF=0 then jump 0xcf8e
000FCF5E  B0 0A                mov    al, 0xa ; al = 0xa
000FCF60  E8 3B 00             call   0xfcf9e ; call 0xcf9e
000FCF63  75 29                jne    0xfcf8e ; if ZF=0 then jump 0xcf8e
000FCF65  32 D2                xor    dl, dl ; dl ^= dl; flags
000FCF67  B4 02                mov    ah, 2 ; ah = 0x2
000FCF69  CD 10                int    0x10 ; BIOS interrupt 0x10 (Video Services)
000FCF6B  B4 08                mov    ah, 8 ; ah = 0x8
000FCF6D  CD 10                int    0x10 ; BIOS interrupt 0x10 (Video Services)
000FCF6F  0A C0                or     al, al ; al |= al; flags
000FCF71  75 02                jne    0xfcf75 ; if ZF=0 then jump 0xcf75
000FCF73  B0 20                mov    al, 0x20 ; al = 0x20
000FCF75  E8 26 00             call   0xfcf9e ; call 0xcf9e
000FCF78  75 14                jne    0xfcf8e ; if ZF=0 then jump 0xcf8e
000FCF7A  FE C2                inc    dl ; dl++ ; flags (CF unchanged)
000FCF7C  3A D3                cmp    dl, bl ; flags = dl - bl
000FCF7E  72 E7                jb     0xfcf67 ; if CF=1 then jump 0xcf67
000FCF80  FE C6                inc    dh ; dh++ ; flags (CF unchanged)
000FCF82  80 FE 19             cmp    dh, 0x19 ; flags = dh - 0x19
000FCF85  72 D0                jb     0xfcf57 ; if CF=1 then jump 0xcf57
000FCF87  C6 06 00 05 00       mov    byte ptr [0x500], 0 ; mem8(ds/ss:0x500) = 0x0
000FCF8C  EB 05                jmp    0xfcf93 ; jump 0xcf93
000FCF8E  C6 06 00 05 FF       mov    byte ptr [0x500], 0xff ; mem8(ds/ss:0x500) = 0xff
000FCF93  5A                   pop    dx ; pop -> dx
000FCF94  B4 02                mov    ah, 2 ; ah = 0x2
000FCF96  CD 10                int    0x10 ; BIOS interrupt 0x10 (Video Services)
000FCF98  58                   pop    ax ; pop -> ax
000FCF99  5B                   pop    bx ; pop -> bx
000FCF9A  59                   pop    cx ; pop -> cx
000FCF9B  5A                   pop    dx ; pop -> dx
000FCF9C  1F                   pop    ds ; pop -> ds
000FCF9D  CF                   iret                       
000FCF9E  8B CA                mov    cx, dx               ; cx = dx
000FCFA0  33 D2                xor    dx, dx               ; dx ^= dx; flags
000FCFA2  B4 00                mov    ah, 0                ; ah = 0x0
000FCFA4  CD 17                int    0x17                 ; BIOS interrupt 0x17 (Printer Services)
000FCFA6  F6 C4 01             test   ah, 1                ; flags = ah & 0x1
000FCFA9  8B D1                mov    dx, cx               ; dx = cx
000FCFAB  C3                   ret                         ; return
; ---- Vector INT 14 (Serial Services) ----
000FCFAC  E8 FF FB             call   0xfcbae ; call 0xcbae
000FCFAF  8B DA                mov    bx, dx ; bx = dx
000FCFB1  03 DB                add    bx, bx ; bx += bx; flags
000FCFB3  8B 97 00 04          mov    dx, word ptr [bx + 0x400] ; dx = mem16(ds/ss:bx + 0x400)
000FCFB7  0B D2                or     dx, dx ; dx |= dx; flags
000FCFB9  74 16                je     0xfcfd1 ; if ZF=1 then jump 0xcfd1
000FCFBB  80 FC 04             cmp    ah, 4 ; flags = ah - 0x4
000FCFBE  73 0B                jae    0xfcfcb ; if CF=0 then jump 0xcfcb
000FCFC0  02 E4                add    ah, ah ; ah += ah; flags
000FCFC2  8A DC                mov    bl, ah ; bl = ah
000FCFC4  32 FF                xor    bh, bh ; bh ^= bh; flags
000FCFC6  2E FF A7 D2 0F       jmp    word ptr cs:[bx + 0xfd2] ; jump mem16(cs:bx + 0xfd2)
000FCFCB  80 EC 03             sub    ah, 3 ; ah -= 0x3; flags
000FCFCE  88 66 01             mov    byte ptr [bp + 1], ah ; mem8(ds/ss:bp + 0x1) = ah
000FCFD1  C3                   ret ; return
000FCFD2  db 0xDA, 0x0F, 0x47, 0x10, 0x89, 0x10, 0x2A, 0x10, 0x24, 0x1F, 0x8A, 0xC8, 0x0C, 0x80, 0x83, 0xC2 ; ..G...*.$.......
000FCFE2  db 0x03, 0xEE, 0x8A, 0x46, 0x00, 0x24, 0xE0, 0xD0, 0xC0, 0xD0, 0xC0, 0xD0, 0xC0, 0x32, 0xE4, 0x03 ; ...F.$.......2..
000FCFF2  db 0xC0, 0x8B, 0xD8, 0x2E, 0x8A, 0x87, 0x37, 0x10, 0x83, 0xEA, 0x03, 0xEE, 0x42, 0x2E, 0x8A, 0x87 ; ......7.....B...
000FD002  db 0x38, 0x10, 0xEE, 0xEB, 0x00, 0x42, 0x42, 0x8A, 0xC1, 0xEE, 0x42, 0xE8, 0xC6, 0x00, 0x73, 0x05 ; 8....BB...B...s.
000FD012  db 0xB0, 0x02, 0xEE, 0xEB, 0x00, 0x42, 0xEC, 0xEB, 0x00, 0x42, 0xEC, 0xEB, 0x00, 0x83, 0xEA, 0x06 ; .....B...B......
000FD022  db 0xEC, 0xEB, 0x00, 0x42, 0x32, 0xC0, 0xEE, 0x4A, 0x83, 0xC2, 0x06, 0xEC, 0x88, 0x46, 0x00, 0x4A ; ...B2..J.....F.J
000FD032  db 0xEC, 0x88, 0x46, 0x01, 0xC3, 0x17, 0x04, 0x00, 0x03, 0x80, 0x01, 0xC0, 0x00, 0x60, 0x00, 0x30 ; ..F..........`.0
000FD042  db 0x00, 0x18, 0x00, 0x0C, 0x00, 0x83, 0xC2, 0x04, 0xE8, 0x89, 0x00, 0xB8, 0x02, 0x10, 0x72, 0x03 ; ..............r.
000FD052  db 0x0D, 0x01, 0x20, 0xEE, 0x42, 0x42, 0xE8, 0x86, 0x00, 0xEC, 0x22, 0xC4, 0x3A, 0xC4, 0x74, 0x07 ; .. .BB....".:.t.
000FD062  db 0xE2, 0xF7, 0x4B, 0x75, 0xF4, 0xEB, 0x0D, 0x4A, 0xEC, 0x24, 0x20, 0x90, 0x75, 0x0E, 0xE2, 0xF8 ; ..Ku...J.$ .u...
000FD072  db 0x4B, 0x75, 0xF5, 0x42, 0xE8, 0xB9, 0xFF, 0x80, 0x4E, 0x01, 0x80, 0xC3, 0x8A, 0x46, 0x00, 0x52 ; Ku.B....N....F.R
000FD082  db 0x83, 0xEA, 0x05, 0xEE, 0x5A, 0xEB, 0xA9, 0x83, 0xC2, 0x04, 0xEC, 0xEB, 0x00, 0x0C, 0x01, 0xEE ; ....Z...........
000FD092  db 0x42, 0x42, 0xE8, 0x4A, 0x00, 0xEC, 0x24, 0x20, 0x90, 0x75, 0x07, 0xE2, 0xF8, 0x4B, 0x75, 0xF5 ; BB.J..$ .u...Ku.
000FD0A2  db 0xEB, 0x0D, 0x4A, 0xEC, 0x24, 0x01, 0x90, 0x75, 0x0E, 0xE2, 0xF8, 0x4B, 0x75, 0xF5, 0x42, 0xE8 ; ..J.$..u...Ku.B.
000FD0B2  db 0x7E, 0xFF, 0x80, 0x4E, 0x01, 0x80, 0xC3, 0x4A, 0xE8, 0x19, 0x00, 0x73, 0x05, 0xB0, 0x02, 0xEE ; ~..N...J...s....
000FD0C2  db 0xEB, 0x00, 0x83, 0xEA, 0x04, 0xEC, 0x88, 0x46, 0x00, 0x83, 0xC2, 0x05, 0xE8, 0x61, 0xFF, 0x80 ; .......F.....a..
000FD0D2  db 0x66, 0x01, 0x1E, 0xC3, 0x52, 0xB0, 0x23, 0xE8, 0xE2, 0xFB, 0xFB, 0x5A, 0xD0, 0xD0, 0xC3, 0x8B ; f...R.#....Z....
000FD0E2  db 0x5E, 0x06, 0x8A, 0x9F, 0x7C, 0x04, 0x32, 0xFF, 0x8B, 0xCB, 0xD1, 0xE3, 0x03, 0xD9, 0x33, 0xC9 ; ^...|.2.......3.
000FD0F2  db 0xC3, 0x00, 0x00, 0x00, 0x00, 0x00, 0x00, 0x00, 0x00, 0x00, 0x00, 0x00, 0x00, 0x00 ; ..............
; ---- Vector INT 16 (Keyboard Services) ----
000FD100  E8 AB FA             call   0xfcbae ; call 0xcbae
000FD103  80 FC 03             cmp    ah, 3 ; flags = ah - 0x3
000FD106  72 07                jb     0xfd10f ; if CF=1 then jump 0xd10f
000FD108  80 EC 02             sub    ah, 2 ; ah -= 0x2; flags
000FD10B  88 66 01             mov    byte ptr [bp + 1], ah ; mem8(ds/ss:bp + 0x1) = ah
000FD10E  C3                   ret ; return
000FD10F  8A DC                mov    bl, ah ; bl = ah
000FD111  32 FF                xor    bh, bh ; bh ^= bh; flags
000FD113  03 DB                add    bx, bx ; bx += bx; flags
000FD115  2E FF A7 1A 11       jmp    word ptr cs:[bx + 0x111a] ; jump mem16(cs:bx + 0x111a)
000FD11A  db 0x20, 0x11, 0x38, 0x11, 0x56, 0x11, 0xFB, 0xE8, 0x1B, 0x00, 0x74, 0xFA, 0x43, 0x43, 0x3B, 0x1E ;  .8.V.....t.CC;.
000FD12A  db 0x82, 0x04, 0x72, 0x04, 0x8B, 0x1E, 0x80, 0x04, 0x89, 0x1E, 0x1A, 0x04, 0xFB, 0xC3, 0xE8, 0x04 ; ..r.............
000FD13A  db 0x00, 0xFB, 0xE9, 0x61, 0xFA, 0xFA, 0x8B, 0x1E, 0x1A, 0x04, 0x3B, 0x1E, 0x1C, 0x04, 0x74, 0x0B ; ...a......;...t.
000FD14A  db 0xB8, 0x40, 0x00, 0x8E, 0xC0, 0x26, 0x8B, 0x07, 0x89, 0x46, 0x00, 0xC3, 0xA0, 0x17, 0x04, 0x32 ; .@...&...F.....2
000FD15A  db 0xE4, 0x89, 0x46, 0x00, 0xC3 ; ..F..
; ---- Vector INT 09 (Keyboard) ----
000FD15F  1E                   push   ds ; push ds
000FD160  52                   push   dx ; push dx
000FD161  51                   push   cx ; push cx
000FD162  53                   push   bx ; push bx
000FD163  50                   push   ax ; push ax
000FD164  E4 60                in     al, 0x60 ; al = IO[KBD_DATA]
000FD166  8A E0                mov    ah, al ; ah = al
000FD168  E4 61                in     al, 0x61 ; al = IO[PPI_PORT_B]
000FD16A  0C 80                or     al, 0x80 ; al |= 0x80; flags
000FD16C  E6 61                out    0x61, al ; IO[PPI_PORT_B] = al
000FD16E  24 7F                and    al, 0x7f ; al &= 0x7f; flags
000FD170  E6 61                out    0x61, al ; IO[PPI_PORT_B] = al
000FD172  8A D4                mov    dl, ah ; dl = ah
000FD174  33 C0                xor    ax, ax ; ax ^= ax; flags
000FD176  8E D8                mov    ds, ax ; ds = ax
000FD178  E8 0A 00             call   0xfd185 ; call 0xd185
000FD17B  B0 61                mov    al, 0x61 ; al = 0x61
000FD17D  E6 20                out    0x20, al ; IO[PIC1_CMD] = al
000FD17F  58                   pop    ax ; pop -> ax
000FD180  5B                   pop    bx ; pop -> bx
000FD181  59                   pop    cx ; pop -> cx
000FD182  5A                   pop    dx ; pop -> dx
000FD183  1F                   pop    ds ; pop -> ds
000FD184  CF                   iret                       
000FD185  8A C2                mov    al, dl               ; al = dl
000FD187  24 7F                and    al, 0x7f             ; al &= 0x7f; flags
000FD189  3C 54                cmp    al, 0x54             ; flags = al - 0x54
000FD18B  72 4F                jb     0xfd1dc              ; if CF=1 then jump 0xd1dc
000FD18D  F6 C2 80             test   dl, 0x80 ; flags = dl & 0x80
000FD190  75 07                jne    0xfd199 ; if ZF=0 then jump 0xd199
000FD192  F6 06 18 04 08       test   byte ptr [0x418], 8 ; flags = mem8(ds/ss:0x418) & 0x8
000FD197  75 11                jne    0xfd1aa ; if ZF=0 then jump 0xd1aa
000FD199  BB C1 13             mov    bx, 0x13c1 ; bx = 0x13c1
000FD19C  B9 0A 00             mov    cx, 0xa ; cx = 0xa
000FD19F  90                   nop                        
000FD1A0  2E 3A 07             cmp    al, byte ptr cs:[bx] ; flags = al - mem8(cs:bx)
000FD1A3  74 0B                je     0xfd1b0 ; if ZF=1 then jump 0xd1b0
000FD1A5  43                   inc    bx ; bx++ ; flags (CF unchanged)
000FD1A6  43                   inc    bx ; bx++ ; flags (CF unchanged)
000FD1A7  43                   inc    bx ; bx++ ; flags (CF unchanged)
000FD1A8  E2 F6                loop   0xfd1a0 ; CX-- ; if CX!=0 jump 0xd1a0
000FD1AA  80 26 18 04 F7       and    byte ptr [0x418], 0xf7 ; mem8(ds/ss:0x418) &= 0xf7; flags
000FD1AF  C3                   ret ; return
000FD1B0  2E 8B 47 01          mov    ax, word ptr cs:[bx + 1] ; ax = mem16(cs:bx + 0x1)
000FD1B4  F6 C4 FF             test   ah, 0xff ; flags = ah & 0xff
000FD1B7  75 05                jne    0xfd1be ; if ZF=0 then jump 0xd1be
000FD1B9  E8 F1 FA             call   0xfccad ; call 0xccad
000FD1BC  EB 0A                jmp    0xfd1c8 ; jump 0xd1c8
000FD1BE  8A DA                mov    bl, dl ; bl = dl
000FD1C0  80 E3 7F             and    bl, 0x7f ; bl &= 0x7f; flags
000FD1C3  80 FB 7D             cmp    bl, 0x7d ; flags = bl - 0x7d
000FD1C6  73 08                jae    0xfd1d0 ; if CF=0 then jump 0xd1d0
000FD1C8  F6 C2 80             test   dl, 0x80 ; flags = dl & 0x80
000FD1CB  75 E2                jne    0xfd1af ; if ZF=0 then jump 0xd1af
000FD1CD  E9 84 00             jmp    0xfd254 ; jump 0xd254
000FD1D0  80 E2 80             and    dl, 0x80 ; dl &= 0x80; flags
000FD1D3  0A C2                or     al, dl ; al |= dl; flags
000FD1D5  CD 06                int    6 ; BIOS interrupt 0x06
000FD1D7  73 D6                jae    0xfd1af ; if CF=0 then jump 0xd1af
000FD1D9  EB 79                jmp    0xfd254 ; jump 0xd254
000FD1DB  db 0x90 ; .
000FD1DC  8A D8                mov    bl, al ; bl = al
000FD1DE  A0 17 04             mov    al, byte ptr [0x417] ; al = mem8(ds/ss:0x417)
000FD1E1  8A C8                mov    cl, al ; cl = al
000FD1E3  24 BF                and    al, 0xbf ; al &= 0xbf; flags
000FD1E5  A8 03                test   al, 3 ; flags = al & 0x3
000FD1E7  74 05                je     0xfd1ee ; if ZF=1 then jump 0xd1ee
000FD1E9  80 F1 40             xor    cl, 0x40 ; cl ^= 0x40; flags
000FD1EC  34 60                xor    al, 0x60 ; al ^= 0x60; flags
000FD1EE  80 FB 47             cmp    bl, 0x47 ; flags = bl - 0x47
000FD1F1  72 04                jb     0xfd1f7 ; if CF=1 then jump 0xd1f7
000FD1F3  24 2C                and    al, 0x2c ; al &= 0x2c; flags
000FD1F5  EB 02                jmp    0xfd1f9 ; jump 0xd1f9
000FD1F7  24 4C                and    al, 0x4c ; al &= 0x4c; flags
000FD1F9  74 12                je     0xfd20d ; if ZF=1 then jump 0xd20d
000FD1FB  8A E0                mov    ah, al ; ah = al
000FD1FD  B0 02                mov    al, 2 ; al = 0x2
000FD1FF  F6 C4 08             test   ah, 8 ; flags = ah & 0x8
000FD202  75 09                jne    0xfd20d ; if ZF=0 then jump 0xd20d
000FD204  D0 E0                shl    al, 1 ; al <<= 0x1; flags
000FD206  F6 C4 04             test   ah, 4 ; flags = ah & 0x4
000FD209  75 02                jne    0xfd20d ; if ZF=0 then jump 0xd20d
000FD20B  40                   inc    ax ; ax++ ; flags (CF unchanged)
000FD20C  40                   inc    ax ; ax++ ; flags (CF unchanged)
000FD20D  32 FF                xor    bh, bh ; bh ^= bh; flags
000FD20F  03 DB                add    bx, bx ; bx += bx; flags
000FD211  03 DB                add    bx, bx ; bx += bx; flags
000FD213  03 DB                add    bx, bx ; bx += bx; flags
000FD215  32 E4                xor    ah, ah ; ah ^= ah; flags
000FD217  03 D8                add    bx, ax ; bx += ax; flags
000FD219  2E 8B 9F DF 13       mov    bx, word ptr cs:[bx + 0x13df] ; bx = mem16(cs:bx + 0x13df)
000FD21E  80 FF F0             cmp    bh, 0xf0 ; flags = bh - 0xf0
000FD221  72 0C                jb     0xfd22f ; if CF=1 then jump 0xd22f
000FD223  8A E7                mov    ah, bh ; ah = bh
000FD225  32 FF                xor    bh, bh ; bh ^= bh; flags
000FD227  F6 C2 80             test   dl, 0x80 ; flags = dl & 0x80
000FD22A  2E FF A7 A5 13       jmp    word ptr cs:[bx + 0x13a5] ; jump mem16(cs:bx + 0x13a5)
000FD22F  F6 C2 80             test   dl, 0x80 ; flags = dl & 0x80
000FD232  75 1F                jne    0xfd253 ; if ZF=0 then jump 0xd253
000FD234  8B C3                mov    ax, bx ; ax = bx
000FD236  F6 06 18 04 08       test   byte ptr [0x418], 8 ; flags = mem8(ds/ss:0x418) & 0x8
000FD23B  75 11                jne    0xfd24e ; if ZF=0 then jump 0xd24e
000FD23D  F6 C1 40             test   cl, 0x40 ; flags = cl & 0x40
000FD240  74 12                je     0xfd254 ; if ZF=1 then jump 0xd254
000FD242  3C 61                cmp    al, 0x61 ; flags = al - 0x61
000FD244  72 0E                jb     0xfd254 ; if CF=1 then jump 0xd254
000FD246  3C 7A                cmp    al, 0x7a ; flags = al - 0x7a
000FD248  77 0A                ja     0xfd254 ; if CF=0 and ZF=0 then jump 0xd254
000FD24A  2C 20                sub    al, 0x20 ; al -= 0x20; flags
000FD24C  EB 06                jmp    0xfd254 ; jump 0xd254
000FD24E  80 26 18 04 F7       and    byte ptr [0x418], 0xf7 ; mem8(ds/ss:0x418) &= 0xf7; flags
000FD253  C3                   ret ; return
000FD254  40                   inc    ax ; ax++ ; flags (CF unchanged)
000FD255  74 2C                je     0xfd283 ; if ZF=1 then jump 0xd283
000FD257  48                   dec    ax ; ax-- ; flags (CF unchanged)
000FD258  8B 1E 1C 04          mov    bx, word ptr [0x41c] ; bx = mem16(ds/ss:0x41c)
000FD25C  53                   push   bx ; push bx
000FD25D  43                   inc    bx ; bx++ ; flags (CF unchanged)
000FD25E  43                   inc    bx ; bx++ ; flags (CF unchanged)
000FD25F  3B 1E 82 04          cmp    bx, word ptr [0x482] ; flags = bx - mem16(ds/ss:0x482)
000FD263  72 04                jb     0xfd269 ; if CF=1 then jump 0xd269
000FD265  8B 1E 80 04          mov    bx, word ptr [0x480] ; bx = mem16(ds/ss:0x480)
000FD269  3B 1E 1A 04          cmp    bx, word ptr [0x41a] ; flags = bx - mem16(ds/ss:0x41a)
000FD26D  74 10                je     0xfd27f ; if ZF=1 then jump 0xd27f
000FD26F  89 1E 1C 04          mov    word ptr [0x41c], bx ; mem16(ds/ss:0x41c) = bx
000FD273  5B                   pop    bx ; pop -> bx
000FD274  06                   push   es ; push es
000FD275  B9 40 00             mov    cx, 0x40 ; cx = 0x40
000FD278  8E C1                mov    es, cx ; es = cx
000FD27A  26 89 07             mov    word ptr es:[bx], ax ; mem16(es:bx) = ax
000FD27D  07                   pop    es ; pop -> es
000FD27E  C3                   ret ; return
000FD27F  5B                   pop    bx ; pop -> bx
000FD280  E9 A3 1E             jmp    0xff126 ; jump 0xf126
000FD283  C6 06 19 04 00       mov    byte ptr [0x419], 0 ; mem8(ds/ss:0x419) = 0x0
000FD288  C3                   ret ; return
000FD289  db 0x75, 0x1C, 0xF6, 0x06, 0x18, 0x04, 0x08, 0x75, 0x76, 0xA0, 0x19, 0x04, 0x02, 0xC0, 0x8A, 0xD8 ; u......uv.......
000FD299  db 0x02, 0xC0, 0x02, 0xC0, 0x02, 0xC3, 0x80, 0xE4, 0x0F, 0x02, 0xC4, 0xA2, 0x19, 0x04, 0xC3, 0x75 ; ...............u
000FD2A9  db 0xFD, 0xF6, 0x06, 0x18, 0x04, 0x08, 0x75, 0x57, 0xA1, 0x80, 0x04, 0xA3, 0x1C, 0x04, 0xA3, 0x1A ; ......uW........
000FD2B9  db 0x04, 0xC6, 0x06, 0x71, 0x04, 0x80, 0x1E, 0xB8, 0x40, 0x00, 0x8E, 0xD8, 0xCD, 0x1B, 0x1F, 0xB8 ; ...q....@.......
000FD2C9  db 0x00, 0x00, 0xEB, 0x87, 0x75, 0x5F, 0xF6, 0x06, 0x17, 0x04, 0x04, 0x74, 0x58 ; ....u_.....tX
000FD2D6  33 C0                xor    ax, ax               ; ax ^= ax; flags
000FD2D8  8E D8                mov    ds, ax               ; ds = ax
000FD2DA  C7 06 72 04 34 12    mov    word ptr [0x472], 0x1234 ; mem16(ds/ss:0x472) = 0x1234
000FD2E0  E9 E6 ED             jmp    0xfc0c9              ; jump 0xc0c9
000FD2E3  db 0x75, 0x49, 0xF6, 0x06, 0x18, 0x04, 0x08, 0x75, 0x1C, 0xE8, 0x02, 0x00, 0xCD, 0x05, 0x80, 0x3E ; uI.....u.......>
000FD2F3  db 0x49, 0x04, 0x07, 0x74, 0x0B, 0x8B, 0x16, 0x63, 0x04, 0x83, 0xC2, 0x04, 0xA0, 0x65, 0x04, 0xEE ; I..t...c.....e..
000FD303  db 0xB0, 0x61, 0xE6, 0x20, 0xC3, 0x80, 0x26, 0x18, 0x04, 0xF7, 0xC3, 0x75, 0x49, 0xE8, 0x46, 0x00 ; .a. ..&....uI.F.
000FD313  db 0xF6, 0x06, 0x18, 0x04, 0x08, 0x75, 0x14, 0x80, 0x0E, 0x18, 0x04, 0x08, 0xE8, 0xCF, 0xFF, 0xFB ; .....u..........
000FD323  db 0xF6, 0x06, 0x18, 0x04, 0x08, 0x75, 0xF9, 0x58, 0xE9, 0x51, 0xFE, 0xC3 ; .....u.X.Q..
; ---- Vector INT 06 (INT 06) ----
000FD32F  A8 80                test   al, 0x80 ; flags = al & 0x80
000FD331  75 08                jne    0xfd33b ; if ZF=0 then jump 0xd33b
000FD333  02 C0                add    al, al ; al += al; flags
000FD335  04 1D                add    al, 0x1d ; al += 0x1d; flags
000FD337  E8 73 F9             call   0xfccad ; call 0xccad
000FD33A  F9                   stc                        
000FD33B  CA 02 00             retf   2 ; return
000FD33E  db 0xB4, 0x80, 0x75, 0x19, 0x84, 0x26, 0x18, 0x04, 0x75, 0x5C, 0xE8, 0x10, 0x00, 0xB8, 0x00, 0x52 ; ..u..&..u\.....R
000FD34E  db 0xE9, 0x03, 0xFF, 0xB4, 0x10, 0xEB, 0x06, 0xB4, 0x40, 0xEB, 0x02, 0xB4, 0x20, 0x75, 0x0F, 0x84 ; ........@... u..
000FD35E  db 0x26, 0x18, 0x04, 0x75, 0x08, 0x08, 0x26, 0x18, 0x04, 0x30, 0x26, 0x17, 0x04, 0xC3, 0xF6, 0xD4 ; &..u..&..0&.....
000FD36E  db 0x20, 0x26, 0x18, 0x04, 0xC3, 0x9C, 0xB4, 0x08, 0xE8, 0x1E, 0x00, 0xA0, 0x19, 0x04, 0xC6, 0x06 ;  &..............
000FD37E  db 0x19, 0x04, 0x00, 0x9D, 0x74, 0xAA, 0x0A, 0xC0, 0x74, 0xA6, 0x32, 0xE4, 0xE9, 0xC7, 0xFE, 0xB4 ; ....t...t.2.....
000FD38E  db 0x04, 0xEB, 0x06, 0xB4, 0x02, 0xEB, 0x02, 0xB4, 0x01, 0x75, 0x05, 0x08, 0x26, 0x17, 0x04, 0xC3 ; .........u..&...
000FD39E  db 0xF6, 0xD4, 0x20, 0x26, 0x17, 0x04, 0xC3, 0x89, 0x12, 0x0E, 0x13, 0xA8, 0x12, 0xCD, 0x12, 0xE3 ; .. &............
000FD3AE  db 0x12, 0x3E, 0x13, 0x51, 0x13, 0x55, 0x13, 0x59, 0x13, 0x91, 0x13, 0x95, 0x13, 0x73, 0x13, 0x8D ; .>.Q.U.Y.....s..
000FD3BE  db 0x13, 0x83, 0x12, 0x74, 0x15, 0x00, 0x70, 0x17, 0x00, 0x77, 0x1B, 0x00, 0x78, 0x19, 0x00, 0x79 ; ...t..p..w..x..y
000FD3CE  db 0x00, 0x4D, 0x7A, 0x00, 0x4B, 0x7B, 0x00, 0x50, 0x7C, 0x00, 0x48, 0x7E, 0x00, 0x01, 0x7D, 0x01 ; .Mz.K{.P|.H~..}.
000FD3DE  db 0x01, 0x1A, 0xF0, 0x1A, 0xF0, 0x1A, 0xF0, 0x1A, 0xF0, 0x1B, 0x01, 0x1A, 0xF0, 0x1B, 0x01, 0x1B ; ................
000FD3EE  db 0x01, 0x31, 0x02, 0x00, 0x78, 0x1A, 0xF0, 0x21, 0x02, 0x32, 0x03, 0x00, 0x79, 0x00, 0x03, 0x40 ; .1..x..!.2..y..@
000FD3FE  db 0x03, 0x33, 0x04, 0x00, 0x7A, 0x1A, 0xF0, 0x23, 0x04, 0x34, 0x05, 0x00, 0x7B, 0x1A, 0xF0, 0x24 ; .3..z..#.4..{..$
000FD40E  db 0x05, 0x35, 0x06, 0x00, 0x7C, 0x1A, 0xF0, 0x25, 0x06, 0x36, 0x07, 0x00, 0x7D, 0x1E, 0x07, 0x5E ; .5..|..%.6..}..^
000FD41E  db 0x07, 0x37, 0x08, 0x00, 0x7E, 0x1A, 0xF0, 0x26, 0x08, 0x38, 0x09, 0x00, 0x7F, 0x1A, 0xF0, 0x2A ; .7..~..&.8.....*
000FD42E  db 0x09, 0x39, 0x0A, 0x00, 0x80, 0x1A, 0xF0, 0x28, 0x0A, 0x30, 0x0B, 0x00, 0x81, 0x1A, 0xF0, 0x29 ; .9.....(.0.....)
000FD43E  db 0x0B, 0x2D, 0x0C, 0x00, 0x82, 0x1F, 0x0C, 0x5F, 0x0C, 0x3D, 0x0D, 0x00, 0x83, 0x1A, 0xF0, 0x2B ; .-....._.=.....+
000FD44E  db 0x0D, 0x08, 0x0E, 0x1A, 0xF0, 0x7F, 0x0E, 0x08, 0x0E, 0x09, 0x0F, 0x1A, 0xF0, 0x1A, 0xF0, 0x00 ; ................
000FD45E  db 0x0F, 0x71, 0x10, 0x00, 0x10, 0x11, 0x10, 0x71, 0x10, 0x77, 0x11, 0x00, 0x11, 0x17, 0x11, 0x77 ; .q.....q.w.....w
000FD46E  db 0x11, 0x65, 0x12, 0x00, 0x12, 0x05, 0x12, 0x65, 0x12, 0x72, 0x13, 0x00, 0x13, 0x12, 0x13, 0x72 ; .e.....e.r.....r
000FD47E  db 0x13, 0x74, 0x14, 0x00, 0x14, 0x14, 0x14, 0x74, 0x14, 0x79, 0x15, 0x00, 0x15, 0x19, 0x15, 0x79 ; .t.....t.y.....y
000FD48E  db 0x15, 0x75, 0x16, 0x00, 0x16, 0x15, 0x16, 0x75, 0x16, 0x69, 0x17, 0x00, 0x17, 0x09, 0x17, 0x69 ; .u.....u.i.....i
000FD49E  db 0x17, 0x6F, 0x18, 0x00, 0x18, 0x0F, 0x18, 0x6F, 0x18, 0x70, 0x19, 0x00, 0x19, 0x10, 0x19, 0x70 ; .o.....o.p.....p
000FD4AE  db 0x19, 0x5B, 0x1A, 0x1A, 0xF0, 0x1B, 0x1A, 0x7B, 0x1A, 0x5D, 0x1B, 0x1A, 0xF0, 0x1D, 0x1B, 0x7D ; .[.....{.].....}
000FD4BE  db 0x1B, 0x0D, 0x1C, 0x1A, 0xF0, 0x0A, 0x1C, 0x0D, 0x1C, 0x18, 0xF0, 0x18, 0xF0, 0x18, 0xF0, 0x18 ; ................
000FD4CE  db 0xF0, 0x61, 0x1E, 0x00, 0x1E, 0x01, 0x1E, 0x61, 0x1E, 0x73, 0x1F, 0x00, 0x1F, 0x13, 0x1F, 0x73 ; .a.....a.s.....s
000FD4DE  db 0x1F, 0x64, 0x20, 0x00, 0x20, 0x04, 0x20, 0x64, 0x20, 0x66, 0x21, 0x00, 0x21, 0x06, 0x21, 0x66 ; .d . . d f!.!.!f
000FD4EE  db 0x21, 0x67, 0x22, 0x00, 0x22, 0x07, 0x22, 0x67, 0x22, 0x68, 0x23, 0x00, 0x23, 0x08, 0x23, 0x68 ; !g"."."g"h#.#.#h
000FD4FE  db 0x23, 0x6A, 0x24, 0x00, 0x24, 0x0A, 0x24, 0x6A, 0x24, 0x6B, 0x25, 0x00, 0x25, 0x0B, 0x25, 0x6B ; #j$.$.$j$k%.%.%k
000FD50E  db 0x25, 0x6C, 0x26, 0x00, 0x26, 0x0C, 0x26, 0x6C, 0x26, 0x3B, 0x27, 0x1A, 0xF0, 0x1A, 0xF0, 0x3A ; %l&.&.&l&;'....:
000FD51E  db 0x27, 0x27, 0x28, 0x1A, 0xF0, 0x1A, 0xF0, 0x22, 0x28, 0x60, 0x29, 0x1A, 0xF0, 0x1A, 0xF0, 0x7E ; ''(...."(`)....~
000FD52E  db 0x29, 0x12, 0xF0, 0x12, 0xF0, 0x12, 0xF0, 0x12, 0xF0, 0x5C, 0x2B, 0x1A, 0xF0, 0x1C, 0x2B, 0x7C ; )........\+...+|
000FD53E  db 0x2B, 0x7A, 0x2C, 0x00, 0x2C, 0x1A, 0x2C, 0x7A, 0x2C, 0x78, 0x2D, 0x00, 0x2D, 0x18, 0x2D, 0x78 ; +z,.,.,z,x-.-.-x
000FD54E  db 0x2D, 0x63, 0x2E, 0x00, 0x2E, 0x03, 0x2E, 0x63, 0x2E, 0x76, 0x2F, 0x00, 0x2F, 0x16, 0x2F, 0x76 ; -c.....c.v/././v
000FD55E  db 0x2F, 0x62, 0x30, 0x00, 0x30, 0x02, 0x30, 0x62, 0x30, 0x6E, 0x31, 0x00, 0x31, 0x0E, 0x31, 0x6E ; /b0.0.0b0n1.1.1n
000FD56E  db 0x31, 0x6D, 0x32, 0x00, 0x32, 0x0D, 0x32, 0x6D, 0x32, 0x2C, 0x33, 0x1A, 0xF0, 0x1A, 0xF0, 0x3C ; 1m2.2.2m2,3....<
000FD57E  db 0x33, 0x2E, 0x34, 0x1A, 0xF0, 0x1A, 0xF0, 0x3E, 0x34, 0x2F, 0x35, 0x1A, 0xF0, 0x1A, 0xF0, 0x3F ; 3.4....>4/5....?
000FD58E  db 0x35, 0x14, 0xF0, 0x14, 0xF0, 0x14, 0xF0, 0x14, 0xF0, 0x2A, 0x37, 0x1A, 0xF0, 0x00, 0x72, 0x08 ; 5........*7...r.
000FD59E  db 0xF0, 0x16, 0xF0, 0x16, 0xF0, 0x16, 0xF0, 0x16, 0xF0, 0x20, 0x39, 0x20, 0x39, 0x20, 0x39, 0x20 ; ......... 9 9 9 
000FD5AE  db 0x39, 0x0E, 0xF0, 0x0E, 0xF0, 0x0E, 0xF0, 0x0E, 0xF0, 0x00, 0x3B, 0x00, 0x68, 0x00, 0x5E, 0x00 ; 9.........;.h.^.
000FD5BE  db 0x54, 0x00, 0x3C, 0x00, 0x69, 0x00, 0x5F, 0x00, 0x55, 0x00, 0x3D, 0x00, 0x6A, 0x00, 0x60, 0x00 ; T.<.i._.U.=.j.`.
000FD5CE  db 0x56, 0x00, 0x3E, 0x00, 0x6B, 0x00, 0x61, 0x00, 0x57, 0x00, 0x3F, 0x00, 0x6C, 0x00, 0x62, 0x00 ; V.>.k.a.W.?.l.b.
000FD5DE  db 0x58, 0x00, 0x40, 0x00, 0x6D, 0x00, 0x63, 0x00, 0x59, 0x00, 0x41, 0x00, 0x6E, 0x00, 0x64, 0x00 ; X.@.m.c.Y.A.n.d.
000FD5EE  db 0x5A, 0x00, 0x42, 0x00, 0x6F, 0x00, 0x65, 0x00, 0x5B, 0x00, 0x43, 0x00, 0x70, 0x00, 0x66, 0x00 ; Z.B.o.e.[.C.p.f.
000FD5FE  db 0x5C, 0x00, 0x44, 0x00, 0x71, 0x00, 0x67, 0x00, 0x5D, 0x10, 0xF0, 0x10, 0xF0, 0x02, 0xF0, 0x10 ; \.D.q.g.].......
000FD60E  db 0xF0, 0x0C, 0xF0, 0x0C, 0xF0, 0x04, 0xF0, 0x0C, 0xF0, 0x00, 0x47, 0x00, 0xF7, 0x00, 0x77, 0x37 ; ..........G...w7
000FD61E  db 0x47, 0x00, 0x48, 0x00, 0xF8, 0x1A, 0xF0, 0x38, 0x48, 0x00, 0x49, 0x00, 0xF9, 0x00, 0x84, 0x39 ; G.H....8H.I....9
000FD62E  db 0x49, 0x2D, 0x4A, 0x1A, 0xF0, 0x1A, 0xF0, 0x2D, 0x4A, 0x00, 0x4B, 0x00, 0xF4, 0x00, 0x73, 0x34 ; I-J....-J.K...s4
000FD63E  db 0x4B, 0x1A, 0xF0, 0x00, 0xF5, 0x1A, 0xF0, 0x35, 0x4C, 0x00, 0x4D, 0x00, 0xF6, 0x00, 0x74, 0x36 ; K......5L.M...t6
000FD64E  db 0x4D, 0x2B, 0x4E, 0x1A, 0xF0, 0x1A, 0xF0, 0x2B, 0x4E, 0x00, 0x4F, 0x00, 0xF1, 0x00, 0x75, 0x31 ; M+N....+N.O...u1
000FD65E  db 0x4F, 0x00, 0x50, 0x00, 0xF2, 0x1A, 0xF0, 0x32, 0x50, 0x00, 0x51, 0x00, 0xF3, 0x00, 0x76, 0x33 ; O.P....2P.Q...v3
000FD66E  db 0x51, 0x0A, 0xF0, 0x00, 0xF0, 0x1A, 0xF0, 0x30, 0x52, 0x00, 0x53, 0x06, 0xF0, 0x1A, 0xF0, 0x2E ; Q......0R.S.....
000FD67E  db 0x53, 0x00 ; S.
000FD680  E8 1C 01             call   0xfd79f ; call 0xd79f
000FD683  56                   push   si ; push si
000FD684  8B F0                mov    si, ax ; si = ax
000FD686  FC                   cld                        
000FD687  2E AC                lodsb  al, byte ptr cs:[si]
000FD689  0A C0                or     al, al ; al |= al; flags
000FD68B  74 07                je     0xfd694 ; if ZF=1 then jump 0xd694
000FD68D  51                   push   cx ; push cx
000FD68E  E8 05 00             call   0xfd696 ; call 0xd696
000FD691  59                   pop    cx ; pop -> cx
000FD692  EB F3                jmp    0xfd687 ; jump 0xd687
000FD694  5E                   pop    si ; pop -> si
000FD695  C3                   ret ; return
000FD696  79 04                jns    0xfd69c              ; if SF=0 then jump 0xd69c
000FD698  24 7F                and    al, 0x7f ; al &= 0x7f; flags
000FD69A  EB E4                jmp    0xfd680 ; jump 0xd680
000FD69C  3C 20                cmp    al, 0x20 ; flags = al - 0x20
000FD69E  73 26                jae    0xfd6c6 ; if CF=0 then jump 0xd6c6
000FD6A0  3C 02                cmp    al, 2 ; flags = al - 0x2
000FD6A2  75 16                jne    0xfd6ba ; if ZF=0 then jump 0xd6ba
000FD6A4  2E AC                lodsb  al, byte ptr cs:[si]
000FD6A6  8A C8                mov    cl, al ; cl = al
000FD6A8  56                   push   si ; push si
000FD6A9  32 ED                xor    ch, ch ; ch ^= ch; flags
000FD6AB  BE C8 22             mov    si, 0x22c8 ; si = 0x22c8
000FD6AE  E3 D6                jcxz   0xfd686 ; if CX==0 jump 0xd686
000FD6B0  2E AC                lodsb  al, byte ptr cs:[si]
000FD6B2  0A C0                or     al, al ; al |= al; flags
000FD6B4  75 FA                jne    0xfd6b0 ; if ZF=0 then jump 0xd6b0
000FD6B6  E2 F8                loop   0xfd6b0 ; CX-- ; if CX!=0 jump 0xd6b0
000FD6B8  EB CC                jmp    0xfd686 ; jump 0xd686
000FD6BA  3C 07                cmp    al, 7 ; flags = al - 0x7
000FD6BC  74 13                je     0xfd6d1 ; if ZF=1 then jump 0xd6d1
000FD6BE  3C 1B                cmp    al, 0x1b ; flags = al - 0x1b
000FD6C0  75 1B                jne    0xfd6dd ; if ZF=0 then jump 0xd6dd
000FD6C2  2E AC                lodsb  al, byte ptr cs:[si]
000FD6C4  EB 0B                jmp    0xfd6d1 ; jump 0xd6d1
000FD6C6  3C 5C                cmp    al, 0x5c ; flags = al - 0x5c
000FD6C8  75 07                jne    0xfd6d1 ; if ZF=0 then jump 0xd6d1
000FD6CA  B0 0D                mov    al, 0xd ; al = 0xd
000FD6CC  E8 C7 00             call   0xfd796 ; call 0xd796
000FD6CF  B0 0A                mov    al, 0xa ; al = 0xa
000FD6D1  E8 C2 00             call   0xfd796 ; call 0xd796
000FD6D4  3C 07                cmp    al, 7 ; flags = al - 0x7
000FD6D6  75 04                jne    0xfd6dc ; if ZF=0 then jump 0xd6dc
000FD6D8  33 C9                xor    cx, cx ; cx ^= cx; flags
000FD6DA  E2 FE                loop   0xfd6da ; CX-- ; if CX!=0 jump 0xd6da
000FD6DC  C3                   ret ; return
000FD6DD  3C 0F                cmp    al, 0xf ; flags = al - 0xf
000FD6DF  75 1C                jne    0xfd6fd ; if ZF=0 then jump 0xd6fd
000FD6E1  B0 09                mov    al, 9 ; al = 0x9
000FD6E3  90                   nop                        
000FD6E4  E8 B8 00             call   0xfd79f ; call 0xd79f
000FD6E7  32 ED                xor    ch, ch ; ch ^= ch; flags
000FD6E9  E3 98                jcxz   0xfd683 ; if CX==0 jump 0xd683
000FD6EB  53                   push   bx ; push bx
000FD6EC  8B D8                mov    bx, ax ; bx = ax
000FD6EE  2E 8A 2F             mov    ch, byte ptr cs:[bx] ; ch = mem8(cs:bx)
000FD6F1  43                   inc    bx ; bx++ ; flags (CF unchanged)
000FD6F2  0A ED                or     ch, ch ; ch |= ch; flags
000FD6F4  75 F8                jne    0xfd6ee ; if ZF=0 then jump 0xd6ee
000FD6F6  E2 F6                loop   0xfd6ee ; CX-- ; if CX!=0 jump 0xd6ee
000FD6F8  8B C3                mov    ax, bx ; ax = bx
000FD6FA  5B                   pop    bx ; pop -> bx
000FD6FB  EB 86                jmp    0xfd683 ; jump 0xd683
000FD6FD  3C 15                cmp    al, 0x15 ; flags = al - 0x15
000FD6FF  74 22                je     0xfd723 ; if ZF=1 then jump 0xd723
000FD701  3C 10                cmp    al, 0x10 ; flags = al - 0x10
000FD703  74 4E                je     0xfd753 ; if ZF=1 then jump 0xd753
000FD705  B1 03                mov    cl, 3 ; cl = 0x3
000FD707  3C 14                cmp    al, 0x14 ; flags = al - 0x14
000FD709  74 64                je     0xfd76f ; if ZF=1 then jump 0xd76f
000FD70B  32 C9                xor    cl, cl ; cl ^= cl; flags
000FD70D  3C 12                cmp    al, 0x12 ; flags = al - 0x12
000FD70F  8A C3                mov    al, bl ; al = bl
000FD711  74 63                je     0xfd776 ; if ZF=1 then jump 0xd776
000FD713  8A C7                mov    al, bh ; al = bh
000FD715  72 5F                jb     0xfd776 ; if CF=1 then jump 0xd776
000FD717  8A C5                mov    al, ch ; al = ch
000FD719  EB 5B                jmp    0xfd776 ; jump 0xd776
000FD71B  db 0x10, 0x27, 0xE8, 0x03, 0x64, 0x00, 0x0A, 0x00 ; .'..d...
000FD723  56                   push   si ; push si
000FD724  8B DA                mov    bx, dx ; bx = dx
000FD726  BE 1B 17             mov    si, 0x171b ; si = 0x171b
000FD729  B9 04 00             mov    cx, 4 ; cx = 0x4
000FD72C  FC                   cld                        
000FD72D  2E AD                lodsw  ax, word ptr cs:[si]
000FD72F  33 D2                xor    dx, dx ; dx ^= dx; flags
000FD731  93                   xchg   bx, ax ; swap bx <-> ax
000FD732  F7 F3                div    bx                  
000FD734  8B DA                mov    bx, dx ; bx = dx
000FD736  0A C0                or     al, al ; al |= al; flags
000FD738  74 04                je     0xfd73e ; if ZF=1 then jump 0xd73e
000FD73A  B5 30                mov    ch, 0x30 ; ch = 0x30
000FD73C  EB 04                jmp    0xfd742 ; jump 0xd742
000FD73E  0A ED                or     ch, ch ; ch |= ch; flags
000FD740  74 05                je     0xfd747 ; if ZF=1 then jump 0xd747
000FD742  02 C5                add    al, ch ; al += ch; flags
000FD744  E8 4F 00             call   0xfd796 ; call 0xd796
000FD747  FE C9                dec    cl ; cl-- ; flags (CF unchanged)
000FD749  75 E2                jne    0xfd72d ; if ZF=0 then jump 0xd72d
000FD74B  8A C3                mov    al, bl ; al = bl
000FD74D  04 30                add    al, 0x30 ; al += 0x30; flags
000FD74F  5E                   pop    si ; pop -> si
000FD750  EB 44                jmp    0xfd796 ; jump 0xd796
000FD752  db 0x90 ; .
000FD753  52                   push   dx ; push dx
000FD754  8C DA                mov    dx, ds ; dx = ds
000FD756  B1 04                mov    cl, 4 ; cl = 0x4
000FD758  D3 C2                rol    dx, cl              
000FD75A  8A C2                mov    al, dl ; al = dl
000FD75C  80 E2 F0             and    dl, 0xf0 ; dl &= 0xf0; flags
000FD75F  03 D3                add    dx, bx ; dx += bx; flags
000FD761  73 02                jae    0xfd765 ; if CF=0 then jump 0xd765
000FD763  FE C0                inc    al ; al++ ; flags (CF unchanged)
000FD765  32 C9                xor    cl, cl ; cl ^= cl; flags
000FD767  E8 17 00             call   0xfd781 ; call 0xd781
000FD76A  E8 02 00             call   0xfd76f ; call 0xd76f
000FD76D  5A                   pop    dx ; pop -> dx
000FD76E  C3                   ret ; return
000FD76F  8A C6                mov    al, dh ; al = dh
000FD771  E8 02 00             call   0xfd776 ; call 0xd776
000FD774  8A C2                mov    al, dl ; al = dl
000FD776  50                   push   ax ; push ax
000FD777  51                   push   cx ; push cx
000FD778  B1 04                mov    cl, 4 ; cl = 0x4
000FD77A  D2 C0                rol    al, cl              
000FD77C  59                   pop    cx ; pop -> cx
000FD77D  E8 01 00             call   0xfd781 ; call 0xd781
000FD780  58                   pop    ax ; pop -> ax
000FD781  24 0F                and    al, 0xf ; al &= 0xf; flags
000FD783  04 90                add    al, 0x90 ; al += 0x90; flags
000FD785  27                   daa                        
000FD786  14 40                adc    al, 0x40            
000FD788  27                   daa                        
000FD789  3C 30                cmp    al, 0x30 ; flags = al - 0x30
000FD78B  75 07                jne    0xfd794 ; if ZF=0 then jump 0xd794
000FD78D  0A C9                or     cl, cl ; cl |= cl; flags
000FD78F  74 03                je     0xfd794 ; if ZF=1 then jump 0xd794
000FD791  FE C9                dec    cl ; cl-- ; flags (CF unchanged)
000FD793  C3                   ret ; return
000FD794  32 C9                xor    cl, cl ; cl ^= cl; flags
000FD796  53                   push   bx ; push bx
000FD797  B4 0E                mov    ah, 0xe ; ah = 0xe
000FD799  33 DB                xor    bx, bx ; bx ^= bx; flags
000FD79B  CD 10                int    0x10 ; BIOS interrupt 0x10 (Video Services)
000FD79D  5B                   pop    bx ; pop -> bx
000FD79E  C3                   ret ; return
000FD79F  53                   push   bx                   ; push bx
000FD7A0  52                   push   dx                   ; push dx
000FD7A1  32 E4                xor    ah, ah               ; ah ^= ah; flags
000FD7A3  50                   push   ax                   ; push ax
000FD7A4  BA 79 03             mov    dx, 0x379            ; dx = 0x379
000FD7A7  EC                   in     al, dx               ; al = IO[dx]
000FD7A8  25 07 00             and    ax, 7                ; ax &= 0x7; flags
000FD7AB  D1 E0                shl    ax, 1                ; ax <<= 0x1; flags
000FD7AD  8B D8                mov    bx, ax               ; bx = ax
000FD7AF  2E 8B 9F 2E 27       mov    bx, word ptr cs:[bx + 0x272e] ; bx = mem16(cs:bx + 0x272e)
000FD7B4  58                   pop    ax                   ; pop -> ax
000FD7B5  5A                   pop    dx                   ; pop -> dx
000FD7B6  D1 E0                shl    ax, 1                ; ax <<= 0x1; flags
000FD7B8  03 D8                add    bx, ax               ; bx += ax; flags
000FD7BA  2E 8B 07             mov    ax, word ptr cs:[bx] ; ax = mem16(cs:bx)
000FD7BD  5B                   pop    bx                   ; pop -> bx
000FD7BE  C3                   ret                         ; return
; ---- Vector INT 02 (INT 02) ----
000FD7BF  B0 0E                mov    al, 0xe ; al = 0xe
000FD7C1  FA                   cli ; IF=0 (disable maskable interrupts)
000FD7C2  8B E8                mov    bp, ax ; bp = ax
000FD7C4  BB CA 17             mov    bx, 0x17ca ; bx = 0x17ca
000FD7C7  E9 E8 19             jmp    0xff1b2 ; jump 0xf1b2
000FD7CA  db 0x33, 0xFF, 0xB8, 0x00, 0xB0, 0x8E, 0xC0, 0xBA, 0x79, 0x03, 0xEC, 0x25, 0x07, 0x00, 0xD1, 0xE0 ; 3.......y..%....
000FD7DA  db 0x8B, 0xD8, 0x8C, 0xC8, 0x8E, 0xD8, 0x8B, 0x9F, 0x2E, 0x27, 0x8B, 0xC5, 0x3C, 0x0F, 0xBA, 0x45 ; .........'..<..E
000FD7EA  db 0x03, 0x74, 0x0C, 0xB0, 0x00, 0xBA, 0xF4, 0x17, 0xEB, 0x05, 0x8B, 0xC5, 0xBA, 0x62, 0x18 ; .t...........b.
000FD7F9  8B 77 10             mov    si, word ptr [bx + 0x10] ; si = mem16(ds/ss:bx + 0x10)
000FD7FC  FC                   cld                        
000FD7FD  8B C8                mov    cx, ax ; cx = ax
000FD7FF  32 ED                xor    ch, ch ; ch ^= ch; flags
000FD801  E3 07                jcxz   0xfd80a ; if CX==0 jump 0xd80a
000FD803  AC                   lodsb  al, byte ptr [si]   
000FD804  0A C0                or     al, al ; al |= al; flags
000FD806  75 FB                jne    0xfd803 ; if ZF=0 then jump 0xd803
000FD808  E2 F9                loop   0xfd803 ; CX-- ; if CX!=0 jump 0xd803
000FD80A  AC                   lodsb  al, byte ptr [si]   
000FD80B  3C 1B                cmp    al, 0x1b ; flags = al - 0x1b
000FD80D  75 03                jne    0xfd812 ; if ZF=0 then jump 0xd812
000FD80F  AC                   lodsb  al, byte ptr [si]   
000FD810  EB 1F                jmp    0xfd831 ; jump 0xd831
000FD812  0A C0                or     al, al ; al |= al; flags
000FD814  78 26                js     0xfd83c ; if SF=1 then jump 0xd83c
000FD816  75 02                jne    0xfd81a ; if ZF=0 then jump 0xd81a
000FD818  FF E2                jmp    dx ; jump dx
000FD81A  3C 02                cmp    al, 2 ; flags = al - 0x2
000FD81C  75 13                jne    0xfd831 ; if ZF=0 then jump 0xd831
000FD81E  AC                   lodsb  al, byte ptr [si]   
000FD81F  8A E0                mov    ah, al ; ah = al
000FD821  8B CE                mov    cx, si ; cx = si
000FD823  BE C8 22             mov    si, 0x22c8 ; si = 0x22c8
000FD826  AC                   lodsb  al, byte ptr [si]   
000FD827  0A C0                or     al, al ; al |= al; flags
000FD829  75 FB                jne    0xfd826 ; if ZF=0 then jump 0xd826
000FD82B  FE CC                dec    ah ; ah-- ; flags (CF unchanged)
000FD82D  75 F7                jne    0xfd826 ; if ZF=0 then jump 0xd826
000FD82F  EB 18                jmp    0xfd849 ; jump 0xd849
000FD831  26 88 05             mov    byte ptr es:[di], al ; mem8(es:di) = al
000FD834  81 F7 00 80          xor    di, 0x8000 ; di ^= 0x8000; flags
000FD838  AA                   stosb  byte ptr es:[di], al
000FD839  47                   inc    di ; di++ ; flags (CF unchanged)
000FD83A  EB CE                jmp    0xfd80a ; jump 0xd80a
000FD83C  25 7F 00             and    ax, 0x7f ; ax &= 0x7f; flags
000FD83F  D1 E0                shl    ax, 1 ; ax <<= 0x1; flags
000FD841  8B C8                mov    cx, ax ; cx = ax
000FD843  87 F1                xchg   cx, si ; swap cx <-> si
000FD845  03 F3                add    si, bx ; si += bx; flags
000FD847  8B 34                mov    si, word ptr [si] ; si = mem16(ds/ss:si)
000FD849  AC                   lodsb  al, byte ptr [si]   
000FD84A  0A C0                or     al, al ; al |= al; flags
000FD84C  87 F1                xchg   cx, si ; swap cx <-> si
000FD84E  74 BA                je     0xfd80a ; if ZF=1 then jump 0xd80a
000FD850  87 F1                xchg   cx, si ; swap cx <-> si
000FD852  3C 1B                cmp    al, 0x1b ; flags = al - 0x1b
000FD854  75 01                jne    0xfd857 ; if ZF=0 then jump 0xd857
000FD856  AC                   lodsb  al, byte ptr [si]   
000FD857  26 88 05             mov    byte ptr es:[di], al ; mem8(es:di) = al
000FD85A  81 F7 00 80          xor    di, 0x8000 ; di ^= 0x8000; flags
000FD85E  AA                   stosb  byte ptr es:[di], al
000FD85F  47                   inc    di ; di++ ; flags (CF unchanged)
000FD860  EB E7                jmp    0xfd849 ; jump 0xd849
000FD862  db 0xEB, 0xFE, 0xC7, 0x46, 0x02, 0x01, 0x03, 0xC3, 0x8A, 0x02, 0x03, 0x00, 0x5C, 0x53, 0x49, 0x44 ; ...F........\SID
000FD872  db 0x53, 0x54, 0x20, 0x42, 0x45, 0x4E, 0x59, 0x54, 0x54, 0x45, 0x54, 0x3A, 0x20, 0x8A, 0x5C, 0x07 ; ST BENYTTET: .\.
000FD882  db 0x00, 0x02, 0x03, 0x5C, 0x49, 0x6E, 0x64, 0x73, 0x74, 0x69, 0x6C, 0x20, 0x44, 0x61, 0x74, 0x6F ; ...\Indstil Dato
000FD892  db 0x20, 0x6F, 0x67, 0x20, 0x4B, 0x6C, 0x6F, 0x6B, 0x6B, 0x65, 0x73, 0x6C, 0x65, 0x74, 0x5C, 0x4A ;  og Klokkeslet\J
000FD8A2  db 0x75, 0x73, 0x74, 0x65, 0x72, 0x27, 0x20, 0x6F, 0x70, 0x73, 0x74, 0x61, 0x72, 0x74, 0x73, 0x76 ; uster' opstartsv
000FD8B2  db 0x1B, 0x91, 0x72, 0x64, 0x69, 0x65, 0x72, 0x6E, 0x65, 0x20, 0x28, 0x4B, 0x75, 0x6E, 0x20, 0x68 ; ..rdierne (Kun h
000FD8C2  db 0x76, 0x69, 0x73, 0x20, 0x6E, 0x1B, 0x9B, 0x64, 0x76, 0x65, 0x6E, 0x64, 0x69, 0x67, 0x74, 0x29 ; vis n..dvendigt)
000FD8D2  db 0x5C, 0x07, 0x07, 0x07, 0x00, 0x4D, 0x6F, 0x6E, 0x74, 0x65, 0x72, 0x20, 0x76, 0x65, 0x6E, 0x6C ; \....Monter venl
000FD8E2  db 0x69, 0x67, 0x73, 0x74, 0x20, 0x6E, 0x79, 0x65, 0x20, 0x62, 0x61, 0x74, 0x74, 0x65, 0x72, 0x69 ; igst nye batteri
000FD8F2  db 0x65, 0x72, 0x5C, 0x00, 0x5C, 0x43, 0x68, 0x65, 0x63, 0x6B, 0x20, 0x54, 0x61, 0x73, 0x74, 0x61 ; er\.\Check Tasta
000FD902  db 0x74, 0x75, 0x72, 0x65, 0x74, 0x20, 0x6F, 0x67, 0x20, 0x4D, 0x75, 0x73, 0x65, 0x6E, 0x00, 0x5C ; turet og Musen.\
000FD912  db 0x49, 0x6E, 0x64, 0x73, 0x1B, 0x91, 0x74, 0x20, 0x76, 0x65, 0x6E, 0x6C, 0x69, 0x67, 0x73, 0x74 ; Inds..t venligst
000FD922  db 0x20, 0x65, 0x6E, 0x20, 0x02, 0x16, 0x20, 0x64, 0x69, 0x73, 0x6B, 0x65, 0x74, 0x74, 0x65, 0x20 ;  en .. diskette 
000FD932  db 0x69, 0x20, 0x44, 0x52, 0x45, 0x56, 0x20, 0x41, 0x5C, 0x6F, 0x67, 0x20, 0x74, 0x72, 0x79, 0x6B ; i DREV A\og tryk
000FD942  db 0x20, 0x70, 0x1B, 0x86, 0x20, 0x65, 0x6E, 0x20, 0x74, 0x61, 0x73, 0x74, 0x00, 0x5C, 0x46, 0x45 ;  p.. en tast.\FE
000FD952  db 0x4A, 0x4C, 0x3A, 0x02, 0x1B, 0x02, 0x1D, 0x3A, 0x5C, 0x52, 0x4F, 0x4D, 0x20, 0x61, 0x64, 0x72 ; JL:....:\ROM adr
000FD962  db 0x65, 0x73, 0x73, 0x65, 0x20, 0x3D, 0x20, 0x10, 0x5C, 0x00, 0x46, 0x45, 0x4A, 0x4C, 0x3A, 0x20 ; esse = .\.FEJL: 
000FD972  db 0x00, 0x8B, 0x02, 0x16, 0x20, 0x52, 0x41, 0x4D, 0x00, 0x8B, 0x8D, 0x20, 0x52, 0x41, 0x4D, 0x00 ; .... RAM... RAM.
000FD982  db 0x8B, 0x02, 0x20, 0x8C, 0x00, 0x46, 0x65, 0x6A, 0x6C, 0x20, 0x6C, 0x61, 0x67, 0x65, 0x72, 0x8C ; .. ..Fejl lager.
000FD992  db 0x00, 0x8B, 0x02, 0x1C, 0x6B, 0x6F, 0x6E, 0x74, 0x72, 0x6F, 0x6C, 0x20, 0x65, 0x6C, 0x6C, 0x65 ; ....kontrol elle
000FD9A2  db 0x72, 0x20, 0x02, 0x1C, 0x64, 0x72, 0x65, 0x76, 0x00, 0x8B, 0x02, 0x11, 0x20, 0x02, 0x12, 0x00 ; r ..drev.... ...
000FD9B2  db 0x8B, 0x02, 0x16, 0x20, 0x02, 0x14, 0x20, 0x02, 0x15, 0x00, 0x8B, 0x02, 0x17, 0x74, 0x69, 0x64 ; ... .. ......tid
000FD9C2  db 0x73, 0x20, 0x75, 0x72, 0x00, 0x8B, 0x8D, 0x8C, 0x00, 0x8B, 0x02, 0x16, 0x20, 0x02, 0x18, 0x2D ; s ur........ ..-
000FD9D2  db 0x70, 0x6F, 0x72, 0x74, 0x00, 0x8B, 0x02, 0x16, 0x02, 0x19, 0x2D, 0x70, 0x6F, 0x72, 0x74, 0x00 ; port......-port.
000FD9E2  db 0x8B, 0x02, 0x15, 0x20, 0x74, 0x69, 0x6C, 0x20, 0x6D, 0x75, 0x73, 0x00, 0x43, 0x68, 0x65, 0x63 ; ... til mus.Chec
000FD9F2  db 0x6B, 0x73, 0x75, 0x6D, 0x66, 0x65, 0x6A, 0x6C, 0x20, 0x69, 0x20, 0x02, 0x16, 0x20, 0x52, 0x4F ; ksumfejl i .. RO
000FDA02  db 0x4D, 0x00, 0x8B, 0x6C, 0x61, 0x67, 0x65, 0x72, 0x20, 0x28, 0x70, 0x61, 0x72, 0x69, 0x74, 0x65 ; M..lager (parite
000FDA12  db 0x74, 0x73, 0x20, 0x66, 0x65, 0x6A, 0x6C, 0x29, 0x00, 0x56, 0x65, 0x6E, 0x74, 0x20, 0x65, 0x74 ; ts fejl).Vent et
000FDA22  db 0x20, 0x6F, 0x6A, 0x65, 0x62, 0x6C, 0x69, 0x6B, 0x20, 0x21, 0x00, 0x02, 0x04, 0x00, 0x02, 0x05 ;  ojeblik !......
000FDA32  db 0x00, 0x4D, 0x61, 0x72, 0x74, 0x73, 0x00, 0x02, 0x09, 0x00, 0x4D, 0x61, 0x6A, 0x00, 0x02, 0x06 ; .Marts....Maj...
000FDA42  db 0x00, 0x02, 0x07, 0x00, 0x02, 0x0A, 0x00, 0x02, 0x0B, 0x00, 0x02, 0x0C, 0x00, 0x02, 0x0D, 0x00 ; ................
000FDA52  db 0x02, 0x0E, 0x00, 0x11, 0x3A, 0x12, 0x20, 0x64, 0x65, 0x6E, 0x20, 0x13, 0x20, 0x0F, 0x20, 0x14 ; ....:. den . . .
000FDA62  db 0x00, 0x20, 0x6B, 0x6F, 0x6E, 0x74, 0x72, 0x6F, 0x6C, 0x20, 0x65, 0x6E, 0x68, 0x65, 0x64, 0x00 ; . kontrol enhed.
; string: "Fejl i "
000FDA72  db 0x46, 0x65, 0x6A, 0x6C, 0x20, 0x69, 0x20, 0x00, 0x73, 0x6B, 0x61, 0x65, 0x72, 0x6D, 0x00, 0x8A ; Fejl i .skaerm..
000FDA82  db 0x02, 0x03, 0x00, 0x5C, 0x44, 0x65, 0x72, 0x6E, 0x69, 0x65, 0x72, 0x20, 0x61, 0x72, 0x72, 0x1B ; ...\Dernier arr.
000FDA92  db 0x88, 0x74, 0x20, 0x1B, 0x85, 0x20, 0x8A, 0x5C, 0x07, 0x00, 0x02, 0x03, 0x5C, 0x56, 0x65, 0x75 ; .t .. .\....\Veu
000FDAA2  db 0x69, 0x6C, 0x6C, 0x65, 0x7A, 0x20, 0x64, 0x6F, 0x6E, 0x6E, 0x65, 0x72, 0x20, 0x6C, 0x61, 0x20 ; illez donner la 
000FDAB2  db 0x64, 0x61, 0x74, 0x65, 0x20, 0x65, 0x74, 0x20, 0x6C, 0x27, 0x68, 0x65, 0x75, 0x72, 0x65, 0x5C ; date et l'heure\
000FDAC2  db 0x53, 0x69, 0x20, 0x6E, 0x1B, 0x82, 0x63, 0x65, 0x73, 0x73, 0x61, 0x69, 0x72, 0x65, 0x20, 0x72 ; Si n..cessaire r
000FDAD2  db 0x65, 0x64, 0x1B, 0x82, 0x66, 0x69, 0x6E, 0x69, 0x73, 0x73, 0x65, 0x7A, 0x20, 0x6C, 0x65, 0x73 ; ed..finissez les
000FDAE2  db 0x20, 0x6F, 0x70, 0x74, 0x69, 0x6F, 0x6E, 0x73, 0x5C, 0x07, 0x07, 0x07, 0x00, 0x56, 0x65, 0x75 ;  options\....Veu
000FDAF2  db 0x69, 0x6C, 0x6C, 0x65, 0x7A, 0x20, 0x6D, 0x65, 0x74, 0x74, 0x72, 0x65, 0x20, 0x64, 0x65, 0x73 ; illez mettre des
000FDB02  db 0x20, 0x70, 0x69, 0x6C, 0x65, 0x73, 0x20, 0x6E, 0x65, 0x75, 0x76, 0x65, 0x73, 0x5C, 0x00, 0x5C ;  piles neuves\.\
000FDB12  db 0x56, 0x1B, 0x82, 0x72, 0x69, 0x66, 0x69, 0x65, 0x7A, 0x20, 0x6C, 0x65, 0x20, 0x63, 0x6C, 0x61 ; V..rifiez le cla
000FDB22  db 0x76, 0x69, 0x65, 0x72, 0x20, 0x65, 0x74, 0x20, 0x6C, 0x61, 0x20, 0x73, 0x6F, 0x75, 0x72, 0x69 ; vier et la souri
000FDB32  db 0x73, 0x00, 0x5C, 0x4D, 0x65, 0x74, 0x74, 0x65, 0x7A, 0x20, 0x75, 0x6E, 0x65, 0x20, 0x64, 0x69 ; s.\Mettez une di
000FDB42  db 0x73, 0x71, 0x75, 0x65, 0x74, 0x74, 0x65, 0x20, 0x53, 0x79, 0x73, 0x74, 0x1B, 0x8A, 0x6D, 0x65 ; squette Syst..me
000FDB52  db 0x20, 0x64, 0x61, 0x6E, 0x73, 0x20, 0x6C, 0x65, 0x20, 0x44, 0x72, 0x69, 0x76, 0x65, 0x20, 0x41 ;  dans le Drive A
000FDB62  db 0x5C, 0x50, 0x75, 0x69, 0x73, 0x20, 0x74, 0x61, 0x70, 0x65, 0x7A, 0x20, 0x75, 0x6E, 0x65, 0x20 ; \Puis tapez une 
000FDB72  db 0x74, 0x6F, 0x75, 0x63, 0x68, 0x65, 0x20, 0x71, 0x75, 0x65, 0x6C, 0x63, 0x6F, 0x6E, 0x71, 0x75 ; touche quelconqu
000FDB82  db 0x65, 0x00, 0x5C, 0x45, 0x72, 0x72, 0x65, 0x75, 0x72, 0x20, 0x3A, 0x20, 0x74, 0x6F, 0x74, 0x61 ; e.\Erreur : tota
000FDB92  db 0x6C, 0x20, 0x69, 0x6E, 0x63, 0x6F, 0x72, 0x72, 0x65, 0x63, 0x74, 0x20, 0x64, 0x61, 0x6E, 0x73 ; l incorrect dans
000FDBA2  db 0x20, 0x6C, 0x61, 0x20, 0x52, 0x4F, 0x4D, 0x20, 0x65, 0x78, 0x74, 0x65, 0x72, 0x6E, 0x65, 0x20 ;  la ROM externe 
000FDBB2  db 0x3A, 0x5C, 0x61, 0x64, 0x72, 0x65, 0x73, 0x73, 0x65, 0x20, 0x65, 0x6E, 0x20, 0x52, 0x4F, 0x4D ; :\adresse en ROM
000FDBC2  db 0x20, 0x3D, 0x20, 0x10, 0x5C, 0x00, 0x45, 0x72, 0x72, 0x65, 0x75, 0x72, 0x20, 0x3A, 0x20, 0x44 ;  = .\.Erreur : D
000FDBD2  db 0x65, 0x66, 0x61, 0x69, 0x6C, 0x6C, 0x61, 0x6E, 0x63, 0x65, 0x20, 0x00, 0x8C, 0x02, 0x16, 0x45 ; efaillance ....E
000FDBE2  db 0x00, 0x8C, 0x56, 0x44, 0x55, 0x00, 0x8B, 0x64, 0x27, 0x69, 0x6E, 0x74, 0x65, 0x72, 0x72, 0x75 ; ..VDU..d'interru
000FDBF2  db 0x70, 0x74, 0x69, 0x6F, 0x6E, 0x73, 0x00, 0x8B, 0x44, 0x4D, 0x41, 0x00, 0x8B, 0x6F, 0x75, 0x20 ; ptions..DMA..ou 
000FDC02  db 0x64, 0x75, 0x20, 0x6C, 0x65, 0x63, 0x74, 0x65, 0x75, 0x72, 0x00, 0x64, 0x75, 0x20, 0x63, 0x68 ; du lecteur.du ch
000FDC12  db 0x72, 0x6F, 0x6E, 0x6F, 0x6D, 0x65, 0x74, 0x72, 0x65, 0x00, 0x64, 0x75, 0x20, 0x72, 0x65, 0x67 ; ronometre.du reg
000FDC22  db 0x69, 0x73, 0x74, 0x72, 0x65, 0x20, 0x64, 0x27, 0x65, 0x74, 0x61, 0x74, 0x20, 0x64, 0x75, 0x20 ; istre d'etat du 
000FDC32  db 0x73, 0x79, 0x73, 0x74, 0x65, 0x6D, 0x65, 0x00, 0x64, 0x65, 0x20, 0x6C, 0x27, 0x68, 0x6F, 0x72 ; systeme.de l'hor
000FDC42  db 0x6C, 0x6F, 0x67, 0x65, 0x00, 0x64, 0x75, 0x20, 0x63, 0x6F, 0x6E, 0x74, 0x72, 0x6F, 0x6C, 0x65 ; loge.du controle
000FDC52  db 0x75, 0x72, 0x20, 0x56, 0x44, 0x55, 0x00, 0x8D, 0x64, 0x27, 0x69, 0x6D, 0x70, 0x72, 0x69, 0x6D ; ur VDU..d'imprim
000FDC62  db 0x61, 0x6E, 0x74, 0x65, 0x00, 0x8D, 0x73, 0x65, 0x72, 0x69, 0x65, 0x00, 0x64, 0x65, 0x73, 0x20 ; ante..serie.des 
000FDC72  db 0x72, 0x65, 0x67, 0x69, 0x73, 0x74, 0x72, 0x65, 0x73, 0x20, 0x63, 0x6F, 0x6F, 0x72, 0x64, 0x6F ; registres coordo
000FDC82  db 0x6E, 0x6E, 0x65, 0x65, 0x73, 0x20, 0x73, 0x6F, 0x75, 0x72, 0x69, 0x73, 0x00, 0x64, 0x65, 0x73 ; nnees souris.des
000FDC92  db 0x20, 0x74, 0x6F, 0x74, 0x61, 0x6C, 0x69, 0x73, 0x61, 0x74, 0x69, 0x6F, 0x6E, 0x73, 0x20, 0x52 ;  totalisations R
000FDCA2  db 0x4F, 0x53, 0x00, 0x4D, 0x65, 0x6D, 0x6F, 0x69, 0x72, 0x65, 0x20, 0x28, 0x65, 0x72, 0x72, 0x65 ; OS.Memoire (erre
000FDCB2  db 0x75, 0x72, 0x20, 0x64, 0x65, 0x20, 0x70, 0x61, 0x72, 0x69, 0x74, 0x65, 0x29, 0x00, 0x50, 0x61 ; ur de parite).Pa
000FDCC2  db 0x74, 0x69, 0x65, 0x6E, 0x74, 0x65, 0x7A, 0x00, 0x4A, 0x61, 0x6E, 0x76, 0x69, 0x65, 0x72, 0x00 ; tientez.Janvier.
000FDCD2  db 0x46, 0x1B, 0x82, 0x76, 0x72, 0x69, 0x65, 0x72, 0x00, 0x4D, 0x61, 0x72, 0x73, 0x00, 0x41, 0x76 ; F..vrier.Mars.Av
000FDCE2  db 0x72, 0x69, 0x6C, 0x00, 0x4D, 0x61, 0x69, 0x00, 0x4A, 0x75, 0x69, 0x6E, 0x00, 0x4A, 0x75, 0x69 ; ril.Mai.Juin.Jui
000FDCF2  db 0x6C, 0x6C, 0x65, 0x74, 0x00, 0x41, 0x6F, 0x1B, 0x96, 0x74, 0x00, 0x53, 0x65, 0x70, 0x74, 0x65 ; llet.Ao..t.Septe
000FDD02  db 0x6D, 0x62, 0x72, 0x65, 0x00, 0x4F, 0x63, 0x74, 0x6F, 0x62, 0x72, 0x65, 0x00, 0x4E, 0x6F, 0x76 ; mbre.Octobre.Nov
000FDD12  db 0x65, 0x6D, 0x62, 0x72, 0x65, 0x00, 0x44, 0x1B, 0x82, 0x63, 0x65, 0x6D, 0x62, 0x72, 0x65, 0x00 ; embre.D..cembre.
000FDD22  db 0x11, 0x3A, 0x12, 0x20, 0x6C, 0x65, 0x20, 0x13, 0x20, 0x0F, 0x20, 0x14, 0x00, 0x64, 0x75, 0x20 ; .:. le . . ..du 
000FDD32  db 0x63, 0x6F, 0x6E, 0x74, 0x72, 0x6F, 0x6C, 0x65, 0x75, 0x72, 0x20, 0x00, 0x64, 0x65, 0x20, 0x6C ; controleur .de l
000FDD42  db 0x61, 0x20, 0x52, 0x41, 0x4D, 0x20, 0x00, 0x64, 0x65, 0x20, 0x6C, 0x61, 0x20, 0x73, 0x6F, 0x72 ; a RAM .de la sor
000FDD52  db 0x74, 0x69, 0x65, 0x20, 0x00, 0x8A, 0x02, 0x03, 0x00, 0x5C, 0x55, 0x6C, 0x74, 0x69, 0x6D, 0x6F ; tie .....\Ultimo
000FDD62  db 0x20, 0x75, 0x73, 0x6F, 0x20, 0x61, 0x6C, 0x6C, 0x65, 0x20, 0x8A, 0x5C, 0x07, 0x00, 0x02, 0x03 ;  uso alle .\....
000FDD72  db 0x5C, 0x41, 0x67, 0x67, 0x69, 0x6F, 0x72, 0x6E, 0x61, 0x72, 0x65, 0x20, 0x6C, 0x61, 0x20, 0x64 ; \Aggiornare la d
000FDD82  db 0x61, 0x74, 0x61, 0x20, 0x65, 0x20, 0x6C, 0x27, 0x6F, 0x72, 0x61, 0x5C, 0x44, 0x65, 0x66, 0x69 ; ata e l'ora\Defi
000FDD92  db 0x6E, 0x69, 0x72, 0x65, 0x20, 0x6C, 0x65, 0x20, 0x4F, 0x70, 0x7A, 0x69, 0x6F, 0x6E, 0x69, 0x20 ; nire le Opzioni 
000FDDA2  db 0x55, 0x74, 0x65, 0x6E, 0x74, 0x65, 0x20, 0x28, 0x53, 0x65, 0x20, 0x72, 0x69, 0x63, 0x68, 0x69 ; Utente (Se richi
000FDDB2  db 0x65, 0x73, 0x74, 0x6F, 0x29, 0x5C, 0x07, 0x07, 0x07, 0x00, 0x42, 0x61, 0x74, 0x74, 0x65, 0x72 ; esto)\....Batter
000FDDC2  db 0x69, 0x65, 0x20, 0x64, 0x61, 0x20, 0x73, 0x6F, 0x73, 0x74, 0x69, 0x74, 0x75, 0x69, 0x72, 0x65 ; ie da sostituire
000FDDD2  db 0x5C, 0x00, 0x5C, 0x50, 0x72, 0x6F, 0x76, 0x61, 0x72, 0x65, 0x20, 0x6C, 0x61, 0x20, 0x74, 0x61 ; \.\Provare la ta
000FDDE2  db 0x73, 0x74, 0x69, 0x65, 0x72, 0x61, 0x20, 0x65, 0x20, 0x69, 0x6C, 0x20, 0x6D, 0x6F, 0x75, 0x73 ; stiera e il mous
000FDDF2  db 0x65, 0x00, 0x5C, 0x49, 0x6E, 0x73, 0x65, 0x72, 0x69, 0x72, 0x65, 0x20, 0x75, 0x6E, 0x20, 0x64 ; e.\Inserire un d
000FDE02  db 0x69, 0x73, 0x63, 0x6F, 0x20, 0x64, 0x69, 0x20, 0x53, 0x49, 0x53, 0x54, 0x45, 0x4D, 0x41, 0x20 ; isco di SISTEMA 
000FDE12  db 0x6E, 0x65, 0x6C, 0x20, 0x44, 0x72, 0x69, 0x76, 0x65, 0x20, 0x41, 0x5C, 0x50, 0x6F, 0x69, 0x20 ; nel Drive A\Poi 
000FDE22  db 0x70, 0x72, 0x65, 0x6D, 0x65, 0x72, 0x65, 0x20, 0x75, 0x6E, 0x20, 0x74, 0x61, 0x73, 0x74, 0x6F ; premere un tasto
000FDE32  db 0x00, 0x5C, 0x45, 0x72, 0x72, 0x6F, 0x72, 0x65, 0x3A, 0x20, 0x73, 0x65, 0x67, 0x6E, 0x61, 0x6C ; .\Errore: segnal
000FDE42  db 0x65, 0x20, 0x65, 0x72, 0x72, 0x61, 0x74, 0x6F, 0x20, 0x64, 0x61, 0x6C, 0x6C, 0x61, 0x20, 0x52 ; e errato dalla R
000FDE52  db 0x4F, 0x4D, 0x20, 0x45, 0x73, 0x74, 0x65, 0x72, 0x6E, 0x61, 0x3A, 0x5C, 0x69, 0x6E, 0x64, 0x69 ; OM Esterna:\indi
000FDE62  db 0x72, 0x69, 0x7A, 0x7A, 0x6F, 0x20, 0x52, 0x4F, 0x4D, 0x20, 0x3D, 0x20, 0x10, 0x5C, 0x00, 0x45 ; rizzo ROM = .\.E
000FDE72  db 0x72, 0x72, 0x6F, 0x72, 0x65, 0x3A, 0x20, 0x00, 0x52, 0x41, 0x4D, 0x8D, 0x8C, 0x61, 0x00, 0x52 ; rrore: .RAM..a.R
000FDE82  db 0x41, 0x4D, 0x20, 0x76, 0x69, 0x64, 0x65, 0x6F, 0x8C, 0x61, 0x00, 0x8B, 0x69, 0x6E, 0x74, 0x65 ; AM video.a..inte
000FDE92  db 0x72, 0x72, 0x75, 0x7A, 0x69, 0x6F, 0x6E, 0x69, 0x8C, 0x6F, 0x00, 0x8B, 0x64, 0x69, 0x20, 0x61 ; rruzioni.o..di a
000FDEA2  db 0x63, 0x63, 0x65, 0x73, 0x73, 0x6F, 0x20, 0x64, 0x69, 0x72, 0x65, 0x74, 0x74, 0x6F, 0x20, 0x61 ; ccesso diretto a
000FDEB2  db 0x6C, 0x6C, 0x61, 0x20, 0x6D, 0x65, 0x6D, 0x6F, 0x72, 0x69, 0x61, 0x8C, 0x6F, 0x00, 0x8B, 0x64 ; lla memoria.o..d
000FDEC2  db 0x65, 0x6C, 0x20, 0x64, 0x69, 0x73, 0x63, 0x6F, 0x20, 0x6F, 0x20, 0x64, 0x72, 0x69, 0x76, 0x65 ; el disco o drive
000FDED2  db 0x8C, 0x6F, 0x00, 0x74, 0x65, 0x6D, 0x70, 0x6F, 0x72, 0x69, 0x7A, 0x7A, 0x61, 0x74, 0x6F, 0x72 ; .o.temporizzator
000FDEE2  db 0x65, 0x8C, 0x6F, 0x00, 0x72, 0x65, 0x67, 0x69, 0x73, 0x74, 0x72, 0x6F, 0x20, 0x64, 0x69, 0x20 ; e.o.registro di 
000FDEF2  db 0x73, 0x74, 0x61, 0x74, 0x6F, 0x20, 0x64, 0x65, 0x6C, 0x20, 0x53, 0x49, 0x53, 0x54, 0x45, 0x4D ; stato del SISTEM
000FDF02  db 0x41, 0x8C, 0x6F, 0x00, 0x63, 0x6C, 0x6F, 0x63, 0x6B, 0x20, 0x69, 0x6E, 0x20, 0x74, 0x65, 0x6D ; A.o.clock in tem
000FDF12  db 0x70, 0x6F, 0x20, 0x72, 0x65, 0x61, 0x6C, 0x65, 0x8C, 0x6F, 0x00, 0x8B, 0x64, 0x65, 0x6C, 0x20 ; po reale.o..del 
000FDF22  db 0x76, 0x69, 0x64, 0x65, 0x6F, 0x8C, 0x6F, 0x00, 0x70, 0x6F, 0x72, 0x74, 0x61, 0x20, 0x73, 0x74 ; video.o.porta st
000FDF32  db 0x61, 0x6D, 0x70, 0x61, 0x6E, 0x74, 0x65, 0x8D, 0x8C, 0x61, 0x00, 0x70, 0x6F, 0x72, 0x74, 0x61 ; ampante..a.porta
000FDF42  db 0x20, 0x73, 0x65, 0x72, 0x69, 0x61, 0x6C, 0x65, 0x8D, 0x8C, 0x61, 0x00, 0x72, 0x65, 0x67, 0x69 ;  seriale..a.regi
000FDF52  db 0x73, 0x74, 0x72, 0x69, 0x20, 0x63, 0x6F, 0x6F, 0x72, 0x64, 0x69, 0x6E, 0x61, 0x74, 0x65, 0x20 ; stri coordinate 
000FDF62  db 0x6D, 0x6F, 0x75, 0x73, 0x65, 0x8C, 0x69, 0x00, 0x76, 0x65, 0x72, 0x69, 0x66, 0x69, 0x63, 0x61 ; mouse.i.verifica
000FDF72  db 0x20, 0x6C, 0x65, 0x74, 0x74, 0x75, 0x72, 0x61, 0x20, 0x64, 0x65, 0x6C, 0x6C, 0x61, 0x20, 0x52 ;  lettura della R
000FDF82  db 0x4F, 0x53, 0x20, 0x66, 0x61, 0x6C, 0x6C, 0x69, 0x74, 0x61, 0x00, 0x6D, 0x65, 0x6D, 0x6F, 0x72 ; OS fallita.memor
000FDF92  db 0x69, 0x61, 0x8C, 0x61, 0x20, 0x28, 0x65, 0x72, 0x72, 0x6F, 0x72, 0x65, 0x20, 0x64, 0x69, 0x20 ; ia.a (errore di 
000FDFA2  db 0x70, 0x61, 0x72, 0x69, 0x74, 0x61, 0x29, 0x00, 0x50, 0x72, 0x65, 0x67, 0x6F, 0x20, 0x61, 0x74 ; parita).Prego at
000FDFB2  db 0x74, 0x65, 0x6E, 0x64, 0x65, 0x72, 0x65, 0x00, 0x47, 0x65, 0x6E, 0x6E, 0x61, 0x69, 0x6F, 0x00 ; tendere.Gennaio.
; string: "Febbraio"
000FDFC2  db 0x46, 0x65, 0x62, 0x62, 0x72, 0x61, 0x69, 0x6F, 0x00, 0x4D, 0x61, 0x72, 0x7A, 0x6F, 0x00, 0x02 ; Febbraio.Marzo..
000FDFD2  db 0x09, 0x65, 0x00, 0x4D, 0x61, 0x67, 0x67, 0x69, 0x6F, 0x00, 0x47, 0x69, 0x75, 0x67, 0x6E, 0x6F ; .e.Maggio.Giugno
000FDFE2  db 0x00, 0x4C, 0x75, 0x67, 0x6C, 0x69, 0x6F, 0x00, 0x41, 0x67, 0x6F, 0x73, 0x74, 0x6F, 0x00, 0x53 ; .Luglio.Agosto.S
000FDFF2  db 0x65, 0x74, 0x74, 0x65, 0x6D, 0x62, 0x72, 0x65, 0x00, 0x4F, 0x74, 0x74, 0x6F, 0x62, 0x72, 0x65 ; ettembre.Ottobre
000FE002  db 0x00, 0x4E, 0x6F, 0x76, 0x65, 0x6D, 0x62, 0x72, 0x65, 0x00, 0x44, 0x69, 0x63, 0x65, 0x6D, 0x62 ; .Novembre.Dicemb
000FE012  db 0x72, 0x65, 0x00, 0x11, 0x3A, 0x12, 0x20, 0x64, 0x65, 0x6C, 0x20, 0x13, 0x20, 0x0F, 0x20, 0x14 ; re..:. del . . .
000FE022  db 0x00, 0x63, 0x6F, 0x6E, 0x74, 0x72, 0x6F, 0x6C, 0x6C, 0x6F, 0x72, 0x65, 0x20, 0x00, 0x20, 0x64 ; .controllore . d
000FE032  db 0x69, 0x66, 0x65, 0x74, 0x74, 0x6F, 0x73, 0x00, 0x20, 0x64, 0x69, 0x20, 0x53, 0x49, 0x53, 0x54 ; ifettos. di SIST
000FE042  db 0x45, 0x4D, 0x41, 0x00, 0x49, 0x42, 0x4D, 0x55, 0x53, 0x20, 0x4E, 0x4F, 0x4E, 0x20, 0x43, 0x41 ; EMA.IBMUS NON CA
000FE052  db 0x52, 0x42, 0x4F, 0x52, 0x55, 0x4E, 0x44, 0x55, 0x4D ; RBORUNDUM
; ---- Reset continuation (ljmp FC00:00C9) ----
000FE05B  EA C9 00 00 FC       ljmp   0xfc00:0xc9 ; jump 0xfc00
000FE060  db 0x8A, 0x02, 0x03, 0x00, 0x5C, 0x53, 0x65, 0x6E, 0x61, 0x73, 0x74, 0x20, 0x61, 0x6E, 0x76, 0x1B ; ....\Senast anv.
000FE070  db 0x84, 0x6E, 0x64, 0x20, 0x8A, 0x5C, 0x07, 0x00, 0x02, 0x03, 0x5C, 0x56, 0x2E, 0x67, 0x2E, 0x20 ; .nd .\....\V.g. 
000FE080  db 0x73, 0x1B, 0x84, 0x74, 0x74, 0x20, 0x64, 0x61, 0x74, 0x75, 0x6D, 0x20, 0x6F, 0x63, 0x68, 0x20 ; s..tt datum och 
000FE090  db 0x74, 0x69, 0x64, 0x5C, 0x56, 0x2E, 0x67, 0x2E, 0x20, 0x73, 0x74, 0x1B, 0x84, 0x6C, 0x6C, 0x20 ; tid\V.g. st..ll 
000FE0A0  db 0x69, 0x6E, 0x20, 0x61, 0x6E, 0x76, 0x1B, 0x84, 0x6E, 0x64, 0x61, 0x72, 0x76, 0x1B, 0x84, 0x72 ; in anv..ndarv..r
000FE0B0  db 0x64, 0x65, 0x6E, 0x20, 0x28, 0x76, 0x69, 0x64, 0x20, 0x62, 0x65, 0x68, 0x6F, 0x76, 0x29, 0x5C ; den (vid behov)\
000FE0C0  db 0x07, 0x07, 0x07, 0x00, 0x56, 0x2E, 0x67, 0x2E, 0x20, 0x61, 0x6E, 0x73, 0x6C, 0x75, 0x74, 0x20 ; ....V.g. anslut 
000FE0D0  db 0x6E, 0x79, 0x61, 0x20, 0x62, 0x61, 0x74, 0x74, 0x65, 0x72, 0x69, 0x65, 0x72, 0x5C, 0x00, 0x5C ; nya batterier\.\
000FE0E0  db 0x4B, 0x6F, 0x6E, 0x74, 0x72, 0x6F, 0x6C, 0x6C, 0x65, 0x72, 0x61, 0x20, 0x74, 0x61, 0x6E, 0x67 ; Kontrollera tang
000FE0F0  db 0x65, 0x6E, 0x74, 0x62, 0x6F, 0x72, 0x64, 0x20, 0x6F, 0x63, 0x68, 0x20, 0x6D, 0x75, 0x73, 0x00 ; entbord och mus.
000FE100  db 0x5C, 0x53, 0x1B, 0x84, 0x74, 0x74, 0x20, 0x69, 0x20, 0x65, 0x6E, 0x20, 0x53, 0x59, 0x53, 0x54 ; \S..tt i en SYST
000FE110  db 0x45, 0x4D, 0x44, 0x49, 0x53, 0x4B, 0x45, 0x54, 0x54, 0x20, 0x69, 0x20, 0x65, 0x6E, 0x68, 0x65 ; EMDISKETT i enhe
000FE120  db 0x74, 0x20, 0x41, 0x5C, 0x54, 0x72, 0x79, 0x63, 0x6B, 0x20, 0x64, 0x1B, 0x84, 0x72, 0x65, 0x66 ; t A\Tryck d..ref
000FE130  db 0x74, 0x65, 0x72, 0x20, 0x6E, 0x65, 0x72, 0x20, 0x65, 0x6E, 0x20, 0x74, 0x61, 0x6E, 0x67, 0x65 ; ter ner en tange
000FE140  db 0x6E, 0x74, 0x00, 0x5C, 0x46, 0x65, 0x6C, 0x3A, 0x02, 0x1B, 0x20, 0x52, 0x4F, 0x4D, 0x20, 0x8B ; nt.\Fel:.. ROM .
000FE150  db 0x73, 0x75, 0x6D, 0x6D, 0x61, 0x20, 0x66, 0x65, 0x6C, 0x61, 0x6B, 0x74, 0x69, 0x67, 0x3A, 0x5C ; summa felaktig:\
000FE160  db 0x52, 0x4F, 0x4D, 0x20, 0x61, 0x64, 0x72, 0x65, 0x73, 0x73, 0x20, 0x3D, 0x20, 0x10, 0x5C, 0x00 ; ROM adress = .\.
; string: "Fel: Felaktig"
000FE170  db 0x46, 0x65, 0x6C, 0x3A, 0x20, 0x46, 0x65, 0x6C, 0x61, 0x6B, 0x74, 0x69, 0x67, 0x00, 0x20, 0x02 ; Fel: Felaktig. .
000FE180  db 0x16, 0x20, 0x52, 0x41, 0x4D, 0x00, 0x20, 0x56, 0x44, 0x55, 0x20, 0x52, 0x41, 0x4D, 0x00, 0x20 ; . RAM. VDU RAM. 
000FE190  db 0x61, 0x76, 0x62, 0x72, 0x6F, 0x74, 0x74, 0x73, 0x8B, 0x00, 0x20, 0x8B, 0x20, 0x61, 0x76, 0x20 ; avbrotts.. . av 
000FE1A0  db 0x64, 0x69, 0x72, 0x65, 0x6B, 0x74, 0x6D, 0x69, 0x6E, 0x6E, 0x65, 0x73, 0x61, 0x74, 0x6B, 0x6F ; direktminnesatko
000FE1B0  db 0x6D, 0x73, 0x74, 0x00, 0x20, 0x64, 0x69, 0x73, 0x6B, 0x8B, 0x20, 0x65, 0x6C, 0x6C, 0x65, 0x72 ; mst. disk. eller
000FE1C0  db 0x20, 0x73, 0x6B, 0x69, 0x76, 0x65, 0x6E, 0x68, 0x65, 0x74, 0x00, 0x20, 0x02, 0x11, 0x6C, 0x02 ;  skivenhet. ..l.
000FE1D0  db 0x12, 0x00, 0x02, 0x13, 0x02, 0x14, 0x02, 0x15, 0x00, 0x20, 0x02, 0x17, 0x74, 0x69, 0x64, 0x73 ; ......... ..tids
000FE1E0  db 0x6B, 0x6C, 0x6F, 0x63, 0x6B, 0x61, 0x00, 0x20, 0x56, 0x44, 0x55, 0x20, 0x8B, 0x00, 0x02, 0x13 ; klocka. VDU ....
000FE1F0  db 0x02, 0x18, 0x70, 0x6F, 0x72, 0x74, 0x00, 0x02, 0x13, 0x73, 0x65, 0x72, 0x69, 0x65, 0x6C, 0x6C ; ..port...seriell
000FE200  db 0x70, 0x6F, 0x72, 0x74, 0x00, 0x74, 0x20, 0x6D, 0x75, 0x73, 0x6B, 0x6F, 0x6F, 0x72, 0x64, 0x69 ; port.t muskoordi
000FE210  db 0x6E, 0x61, 0x74, 0x02, 0x15, 0x00, 0x20, 0x52, 0x4F, 0x53, 0x20, 0x8B, 0x73, 0x75, 0x6D, 0x6D ; nat... ROS .summ
000FE220  db 0x61, 0x00, 0x74, 0x20, 0x6D, 0x69, 0x6E, 0x6E, 0x65, 0x20, 0x28, 0x70, 0x61, 0x72, 0x69, 0x74 ; a.t minne (parit
000FE230  db 0x65, 0x74, 0x73, 0x66, 0x65, 0x6C, 0x29, 0x00, 0x56, 0x2E, 0x67, 0x2E, 0x20, 0x76, 0x61, 0x6E ; etsfel).V.g. van
000FE240  db 0x74, 0x61, 0x00, 0x6A, 0x61, 0x6E, 0x75, 0x61, 0x72, 0x69, 0x00, 0x66, 0x65, 0x62, 0x72, 0x75 ; ta.januari.febru
000FE250  db 0x61, 0x72, 0x69, 0x00, 0x6D, 0x61, 0x72, 0x73, 0x00, 0x61, 0x70, 0x72, 0x69, 0x6C, 0x00, 0x6D ; ari.mars.april.m
000FE260  db 0x61, 0x6A, 0x00, 0x6A, 0x75, 0x6E, 0x69, 0x00, 0x6A, 0x75, 0x6C, 0x69, 0x00, 0x61, 0x75, 0x67 ; aj.juni.juli.aug
000FE270  db 0x75, 0x73, 0x74, 0x69, 0x00, 0x73, 0x65, 0x70, 0x74, 0x65, 0x6D, 0x62, 0x65, 0x72, 0x00, 0x6F ; usti.september.o
000FE280  db 0x6B, 0x74, 0x6F, 0x62, 0x65, 0x72, 0x00, 0x6E, 0x6F, 0x76, 0x65, 0x6D, 0x62, 0x65, 0x72, 0x00 ; ktober.november.
; string: "december"
000FE290  db 0x64, 0x65, 0x63, 0x65, 0x6D, 0x62, 0x65, 0x72, 0x00, 0x11, 0x3A, 0x12, 0x20, 0x64, 0x65, 0x6E ; december..:. den
000FE2A0  db 0x20, 0x13, 0x20, 0x0F, 0x20, 0x14, 0x00, 0x6B, 0x6F, 0x6E, 0x74, 0x72, 0x6F, 0x6C, 0x6C, 0x00 ;  . . ..kontroll.
000FE2B0  db 0x00, 0x00, 0x00, 0x00, 0x00, 0x00, 0x00, 0x00, 0x00, 0x00, 0x00, 0x00, 0x00, 0x00, 0x00, 0x00 ; ................
000FE2C0  db 0x00, 0x00, 0x00, 0xEA, 0xBF, 0x17, 0x00, 0xFC, 0x02, 0x01, 0x56, 0x02, 0x02, 0x00, 0x41, 0x6D ; ..........V...Am
000FE2D0  db 0x73, 0x74, 0x72, 0x61, 0x64, 0x20, 0x50, 0x43, 0x20, 0x15, 0x4B, 0x20, 0x28, 0x00, 0x33, 0x2E ; strad PC .K (.3.
000FE2E0  db 0x31, 0x29, 0x20, 0x20, 0x00, 0x5C, 0x28, 0x63, 0x29, 0x31, 0x39, 0x38, 0x38, 0x20, 0x41, 0x6D ; 1)  .\(c)1988 Am
000FE2F0  db 0x73, 0x74, 0x72, 0x61, 0x64, 0x20, 0x70, 0x6C, 0x63, 0x5C, 0x00, 0x4A, 0x61, 0x6E, 0x75, 0x61 ; strad plc\.Janua
000FE300  db 0x72, 0x00, 0x46, 0x65, 0x62, 0x72, 0x75, 0x61, 0x72, 0x00, 0x4A, 0x75, 0x6E, 0x69, 0x00, 0x4A ; r.Februar.Juni.J
000FE310  db 0x75, 0x6C, 0x69, 0x00, 0x4F, 0x6B, 0x74, 0x6F, 0x62, 0x65, 0x72, 0x00, 0x41, 0x70, 0x72, 0x69 ; uli.Oktober.Apri
000FE320  db 0x6C, 0x00, 0x41, 0x75, 0x67, 0x75, 0x73, 0x74, 0x00, 0x53, 0x65, 0x70, 0x74, 0x02, 0x0F, 0x00 ; l.August.Sept...
; string: "Oktober"
000FE330  db 0x4F, 0x6B, 0x74, 0x6F, 0x62, 0x65, 0x72, 0x00, 0x4E, 0x6F, 0x76, 0x02, 0x0F, 0x00, 0x44, 0x65 ; Oktober.Nov...De
000FE340  db 0x63, 0x02, 0x0F, 0x00, 0x65, 0x6D, 0x62, 0x65, 0x72, 0x00, 0x45, 0x72, 0x72, 0x6F, 0x72, 0x00 ; c...ember.Error.
; string: "interval"
000FE350  db 0x69, 0x6E, 0x74, 0x65, 0x72, 0x76, 0x61, 0x6C, 0x00, 0x74, 0x69, 0x6D, 0x65, 0x72, 0x00, 0x20 ; interval.timer. 
000FE360  db 0x73, 0x79, 0x73, 0x74, 0x65, 0x6D, 0x00, 0x73, 0x74, 0x61, 0x74, 0x75, 0x73, 0x00, 0x72, 0x65 ; system.status.re
000FE370  db 0x67, 0x69, 0x73, 0x74, 0x65, 0x72, 0x00, 0x53, 0x59, 0x53, 0x54, 0x45, 0x4D, 0x00, 0x72, 0x65 ; gister.SYSTEM.re
000FE380  db 0x61, 0x6C, 0x00, 0x70, 0x72, 0x69, 0x6E, 0x74, 0x65, 0x72, 0x00, 0x20, 0x73, 0x65, 0x72, 0x69 ; al.printer. seri
000FE390  db 0x65, 0x6C, 0x00, 0x20, 0x70, 0x6F, 0x72, 0x74, 0x00, 0x20, 0x45, 0x78, 0x74, 0x65, 0x72, 0x6E ; el. port. Extern
000FE3A0  db 0x00, 0x64, 0x69, 0x73, 0x6B, 0x20, 0x00, 0x20, 0x52, 0x4F, 0x4D, 0x20, 0x63, 0x68, 0x65, 0x63 ; .disk . ROM chec
000FE3B0  db 0x6B, 0x73, 0x75, 0x6D, 0x00, 0x44, 0x69, 0x72, 0x65, 0x63, 0x74, 0x20, 0x4D, 0x65, 0x6D, 0x6F ; ksum.Direct Memo
000FE3C0  db 0x72, 0x79, 0x20, 0x41, 0x63, 0x63, 0x65, 0x73, 0x73, 0x00, 0x20, 0x43, 0x6F, 0x6E, 0x74, 0x72 ; ry Access. Contr
000FE3D0  db 0x6F, 0x6C, 0x6C, 0x65, 0x72, 0x00, 0x49, 0x6E, 0x74, 0x65, 0x72, 0x72, 0x75, 0x70, 0x74, 0x00 ; oller.Interrupt.
000FE3E0  db 0x02, 0x01, 0x73, 0x02, 0x02, 0x00, 0x11, 0x3A, 0x12, 0x20, 0x20, 0x13, 0x20, 0x0F, 0x20, 0x14 ; ..s....:.  . . .
000FE3F0  db 0x02, 0x03, 0x00, 0x5C, 0x55, 0x74, 0x69, 0x6C, 0x69, 0x7A, 0x61, 0x64, 0x6F, 0x20, 0x70, 0x6F ; ...\Utilizado po
000FE400  db 0x72, 0x20, 0x1B, 0xA3, 0x6C, 0x74, 0x69, 0x6D, 0x61, 0x20, 0x76, 0x65, 0x7A, 0x20, 0x61, 0x20 ; r ..ltima vez a 
000FE410  db 0x6C, 0x61, 0x73, 0x20, 0x11, 0x3A, 0x12, 0x20, 0x65, 0x6C, 0x20, 0x13, 0x20, 0x0F, 0x20, 0x14 ; las .:. el . . .
000FE420  db 0x5C, 0x07, 0x00, 0x02, 0x03, 0x5C, 0x92, 0x93, 0x66, 0x65, 0x63, 0x68, 0x61, 0x20, 0x79, 0x20 ; \....\..fecha y 
000FE430  db 0x68, 0x6F, 0x72, 0x61, 0x5C, 0x92, 0x93, 0x6F, 0x70, 0x63, 0x69, 0x6F, 0x6E, 0x65, 0x73, 0x8E ; hora\..opciones.
000FE440  db 0x75, 0x73, 0x75, 0x61, 0x72, 0x69, 0x6F, 0x20, 0x28, 0x73, 0x69, 0x20, 0x65, 0x73, 0x20, 0x6E ; usuario (si es n
000FE450  db 0x65, 0x63, 0x65, 0x73, 0x61, 0x72, 0x69, 0x6F, 0x29, 0x5C, 0x07, 0x07, 0x07, 0x00, 0x92, 0x70 ; ecesario)\.....p
000FE460  db 0x6F, 0x6E, 0x67, 0x61, 0x20, 0x70, 0x69, 0x6C, 0x65, 0x73, 0x20, 0x6E, 0x75, 0x65, 0x76, 0x61 ; onga piles nueva
000FE470  db 0x73, 0x5C, 0x00, 0x5C, 0x43, 0x6F, 0x6D, 0x70, 0x72, 0x75, 0x65, 0x62, 0x65, 0x20, 0x65, 0x6C ; s\.\Compruebe el
000FE480  db 0x20, 0x74, 0x65, 0x63, 0x6C, 0x61, 0x64, 0x6F, 0x20, 0x79, 0x20, 0x65, 0x6C, 0x20, 0x72, 0x61 ;  teclado y el ra
000FE490  db 0x74, 0x1B, 0xA2, 0x6E, 0x00, 0x5C, 0x49, 0x6E, 0x74, 0x72, 0x6F, 0x64, 0x75, 0x7A, 0x63, 0x61 ; t..n.\Introduzca
000FE4A0  db 0x20, 0x75, 0x6E, 0x20, 0x64, 0x69, 0x73, 0x63, 0x6F, 0x8E, 0x73, 0x69, 0x73, 0x74, 0x65, 0x6D ;  un disco.sistem
000FE4B0  db 0x61, 0x20, 0x8C, 0x75, 0x6E, 0x69, 0x64, 0x61, 0x64, 0x20, 0x41, 0x5C, 0x79, 0x20, 0x6C, 0x75 ; a .unidad A\y lu
000FE4C0  db 0x65, 0x67, 0x6F, 0x20, 0x70, 0x75, 0x6C, 0x73, 0x65, 0x20, 0x75, 0x6E, 0x61, 0x20, 0x74, 0x65 ; ego pulse una te
000FE4D0  db 0x63, 0x6C, 0x61, 0x00, 0x5C, 0x02, 0x10, 0x3A, 0x20, 0x73, 0x75, 0x6D, 0x61, 0x8E, 0x63, 0x6F ; cla.\..: suma.co
000FE4E0  db 0x6D, 0x70, 0x72, 0x6F, 0x62, 0x61, 0x63, 0x69, 0x6F, 0x6E, 0x20, 0x69, 0x6E, 0x63, 0x6F, 0x72 ; mprobacion incor
000FE4F0  db 0x72, 0x65, 0x63, 0x74, 0x61, 0x20, 0x65, 0x6E, 0x20, 0x52, 0x4F, 0x4D, 0x20, 0x65, 0x78, 0x74 ; recta en ROM ext
000FE500  db 0x65, 0x72, 0x6E, 0x61, 0x3B, 0x20, 0x64, 0x69, 0x72, 0x65, 0x63, 0x63, 0x69, 0x6F, 0x6E, 0x8E ; erna; direccion.
000FE510  db 0x52, 0x4F, 0x4D, 0x20, 0x3D, 0x20, 0x10, 0x5C, 0x00, 0x02, 0x10, 0x3A, 0x20, 0x66, 0x61, 0x6C ; ROM = .\...: fal
000FE520  db 0x6C, 0x6F, 0x20, 0x00, 0x8C, 0x52, 0x41, 0x4D, 0x8F, 0x00, 0x8C, 0x52, 0x41, 0x4D, 0x8E, 0x8D ; lo ..RAM...RAM..
000FE530  db 0x56, 0x44, 0x55, 0x00, 0x8B, 0x91, 0x69, 0x6E, 0x74, 0x65, 0x72, 0x72, 0x75, 0x70, 0x63, 0x69 ; VDU...interrupci
000FE540  db 0x6F, 0x6E, 0x65, 0x73, 0x00, 0x8B, 0x91, 0x61, 0x63, 0x63, 0x65, 0x73, 0x6F, 0x20, 0x64, 0x69 ; ones...acceso di
000FE550  db 0x72, 0x65, 0x63, 0x74, 0x6F, 0x20, 0x61, 0x20, 0x8D, 0x6D, 0x65, 0x6D, 0x6F, 0x72, 0x69, 0x61 ; recto a .memoria
000FE560  db 0x00, 0x8B, 0x91, 0x64, 0x69, 0x73, 0x63, 0x6F, 0x20, 0x66, 0x6C, 0x65, 0x78, 0x69, 0x62, 0x6C ; ...disco flexibl
000FE570  db 0x65, 0x20, 0x6F, 0x20, 0x8C, 0x75, 0x6E, 0x69, 0x64, 0x61, 0x64, 0x8E, 0x64, 0x69, 0x73, 0x63 ; e o .unidad.disc
000FE580  db 0x6F, 0x00, 0x8B, 0x74, 0x65, 0x6D, 0x70, 0x6F, 0x72, 0x69, 0x7A, 0x61, 0x64, 0x6F, 0x72, 0x20 ; o..temporizador 
000FE590  db 0x70, 0x72, 0x6F, 0x67, 0x72, 0x61, 0x6D, 0x61, 0x62, 0x6C, 0x65, 0x00, 0x8B, 0x72, 0x65, 0x67 ; programable..reg
000FE5A0  db 0x69, 0x73, 0x74, 0x72, 0x6F, 0x8E, 0x65, 0x73, 0x74, 0x61, 0x64, 0x6F, 0x8F, 0x00, 0x8B, 0x72 ; istro.estado...r
000FE5B0  db 0x65, 0x6C, 0x6F, 0x6A, 0x8E, 0x74, 0x69, 0x65, 0x6D, 0x70, 0x6F, 0x20, 0x72, 0x65, 0x61, 0x6C ; eloj.tiempo real
000FE5C0  db 0x00, 0x8B, 0x91, 0x8D, 0x56, 0x44, 0x55, 0x00, 0x8C, 0x70, 0x75, 0x65, 0x72, 0x74, 0x61, 0x8E ; ....VDU..puerta.
000FE5D0  db 0x69, 0x6D, 0x70, 0x72, 0x65, 0x73, 0x6F, 0x72, 0x61, 0x8F, 0x00, 0x8C, 0x70, 0x75, 0x65, 0x72 ; impresora...puer
000FE5E0  db 0x74, 0x61, 0x20, 0x73, 0x65, 0x72, 0x69, 0x65, 0x8F, 0x00, 0x65, 0x6E, 0x20, 0x6C, 0x6F, 0x73 ; ta serie..en los
000FE5F0  db 0x20, 0x72, 0x65, 0x67, 0x69, 0x73, 0x74, 0x72, 0x6F, 0x73, 0x8E, 0x63, 0x6F, 0x6F, 0x72, 0x64 ;  registros.coord
000FE600  db 0x65, 0x6E, 0x61, 0x64, 0x61, 0x73, 0x20, 0x64, 0x65, 0x6C, 0x20, 0x72, 0x61, 0x74, 0x6F, 0x6E ; enadas del raton
000FE610  db 0x00, 0x64, 0x69, 0x20, 0x73, 0x75, 0x6D, 0x61, 0x20, 0x64, 0x69, 0x20, 0x63, 0x6F, 0x6D, 0x70 ; .di suma di comp
000FE620  db 0x72, 0x6F, 0x62, 0x61, 0x63, 0x69, 0x6F, 0x6E, 0x20, 0x8B, 0x52, 0x4F, 0x53, 0x20, 0x64, 0x65 ; robacion .ROS de
000FE630  db 0x90, 0x00, 0x8C, 0x6D, 0x65, 0x6D, 0x6F, 0x72, 0x69, 0x61, 0x20, 0x52, 0x41, 0x4D, 0x20, 0x28 ; ...memoria RAM (
000FE640  db 0x65, 0x72, 0x72, 0x6F, 0x72, 0x8E, 0x70, 0x61, 0x72, 0x69, 0x64, 0x61, 0x64, 0x29, 0x00, 0x92 ; error.paridad)..
; string: "espere"
000FE650  db 0x65, 0x73, 0x70, 0x65, 0x72, 0x65, 0x00, 0x00, 0x00, 0x00, 0x00, 0x00, 0x00, 0x00, 0x00, 0x00 ; espere..........
000FE660  db 0x12, 0x45, 0x04, 0x07, 0x0A, 0x0E, 0x1F, 0xB8, 0x26, 0x02, 0xCD, 0x15, 0x32, 0xE4, 0x33, 0xD2 ; .E......&...2.3.
000FE670  db 0xCD, 0x14, 0xB8, 0x27, 0x02, 0xCD, 0x15, 0x32, 0xE4, 0x42, 0xCD, 0x14, 0xB4, 0x02, 0xCD, 0x1A ; ...'...2.B......
000FE680  db 0x8A, 0xC6, 0xE8, 0x28, 0x00, 0xF6, 0x26, 0x60, 0x26, 0x8B, 0xD8, 0x8A, 0xC1, 0xE8, 0x1D, 0x00 ; ...(..&`&.......
000FE690  db 0xF7, 0x26, 0x61, 0x26, 0x03, 0xD8, 0x8A, 0xC5, 0xE8, 0x12, 0x00, 0x8B, 0xC8, 0xF6, 0x26, 0x63 ; .&a&..........&c
000FE6A0  db 0x26, 0x03, 0xD8, 0x83, 0xD1, 0x00, 0x8B, 0xD3, 0xB4, 0x01, 0xCD, 0x1A, 0xC3, 0x53, 0x51, 0x8A ; &............SQ.
000FE6B0  db 0xD8, 0x80, 0xE3, 0x0F, 0xB1, 0x04, 0xD2, 0xE8, 0xF6, 0x26, 0x64, 0x26, 0x02, 0xC3, 0x59, 0x5B ; .........&d&..Y[
000FE6C0  db 0xC3, 0x00, 0x00, 0x00, 0x00, 0x00, 0x00, 0x00, 0x00, 0x00, 0x00, 0x00, 0x00, 0x00, 0x00, 0x00 ; ................
000FE6D0  db 0x00, 0x00, 0x00, 0x00, 0x00, 0x00, 0x00, 0x00, 0x00, 0x00, 0x00, 0x00, 0x00, 0x00, 0x00, 0x00 ; ................
000FE6E0  db 0x00, 0x00, 0x00, 0x00, 0x00, 0x00, 0x00, 0x00, 0x00, 0x00, 0x00, 0x00, 0x00, 0x00, 0x00, 0x00 ; ................
000FE6F0  db 0x00, 0x00, 0xEA, 0xE5, 0x0A, 0x00, 0xFC, 0x2E, 0xAD, 0x8A, 0xD4, 0xEE, 0xC3, 0xBF, 0x01, 0x00 ; ................
000FE700  db 0xEB, 0x07, 0x2E, 0xAC, 0x8A, 0xD0, 0xEC, 0x33, 0xFF, 0x2E, 0xAC, 0x98, 0x8B, 0xC8, 0x2E, 0xAD ; .......3........
000FE710  db 0x8A, 0xD0, 0x8A, 0xC4, 0xEE, 0xFE, 0xC4, 0x03, 0xD7, 0x2E, 0xAC, 0xEE, 0x2B, 0xD7, 0xE2, 0xF2 ; ............+...
000FE720  db 0x33, 0xFF, 0xC3, 0x00, 0x00, 0x00, 0x00, 0x00, 0x00, 0xEA, 0xAC, 0x0F, 0x00, 0xFC, 0x3E, 0x27 ; 3.............>'
000FE730  db 0x78, 0x27, 0x94, 0x27, 0xAC, 0x27, 0xE4, 0x27, 0xC8, 0x27, 0x5E, 0x27, 0x3E, 0x27, 0xC8, 0x22 ; x'.'.'.'.'^'>'."
000FE740  db 0x52, 0x38, 0x56, 0x38, 0x68, 0x38, 0x98, 0x38, 0xAC, 0x38, 0xC6, 0x38, 0xF1, 0x38, 0x18, 0x39 ; R8V8h8.8.8.8.8.9
000FE750  db 0xB2, 0x39, 0xE5, 0x39, 0xF2, 0x39, 0xF9, 0x39, 0x01, 0x3A, 0x07, 0x3A, 0x0E, 0x3A, 0xC8, 0x22 ; .9.9.9.9.:.:.:."
000FE760  db 0x8C, 0x29, 0x90, 0x29, 0xA8, 0x29, 0x01, 0x2A, 0x1C, 0x2A, 0x3C, 0x2A, 0x88, 0x2A, 0xC7, 0x2A ; .).).).*.*<*.*.*
000FE770  db 0xF5, 0x2B, 0x20, 0x2C, 0x32, 0x2C, 0x2D, 0x2C, 0xC8, 0x22, 0x57, 0x1D, 0x5B, 0x1D, 0x70, 0x1D ; .+ ,2,-,."W.[.p.
000FE780  db 0xBC, 0x1D, 0xD4, 0x1D, 0xF4, 0x1D, 0x33, 0x1E, 0x71, 0x1E, 0xBA, 0x1F, 0x15, 0x20, 0x23, 0x20 ; ......3.q.... # 
000FE790  db 0x30, 0x20, 0x3A, 0x20, 0xC8, 0x22, 0x60, 0x20, 0x64, 0x20, 0x78, 0x20, 0xC4, 0x20, 0xDF, 0x20 ; 0 : ."` d x . . 
000FE7A0  db 0x00, 0x21, 0x43, 0x21, 0x70, 0x21, 0x43, 0x22, 0x99, 0x22, 0xA7, 0x22, 0xC8, 0x22, 0x6A, 0x18 ; .!C!p!C"."."."j.
000FE7B0  db 0x6E, 0x18, 0x83, 0x18, 0xD7, 0x18, 0xF6, 0x18, 0x11, 0x19, 0x4F, 0x19, 0x6C, 0x19, 0x2D, 0x1A ; n.........O.l.-.
000FE7C0  db 0x55, 0x1A, 0x72, 0x1A, 0x63, 0x1A, 0x7A, 0x1A, 0xC8, 0x22, 0x81, 0x1A, 0x85, 0x1A, 0x9C, 0x1A ; U.r.c.z.."......
000FE7D0  db 0xEF, 0x1A, 0x11, 0x1B, 0x34, 0x1B, 0x84, 0x1B, 0xC8, 0x1B, 0xCA, 0x1C, 0x22, 0x1D, 0x2F, 0x1D ; ....4......."./.
000FE7E0  db 0x3E, 0x1D, 0x49, 0x1D, 0xE0, 0x23, 0xE6, 0x23, 0xF3, 0x23, 0x23, 0x24, 0x5E, 0x24, 0x73, 0x24 ; >.I..#.#.##$^$s$
000FE7F0  db 0x95, 0x24, 0xD4, 0x24, 0x19, 0x25, 0x42, 0x28, 0x9A, 0x28, 0xA7, 0x28, 0xAE, 0x28, 0xB1, 0x28 ; .$.$.%B(.(.(.(.(
000FE800  db 0xB5, 0x28, 0xBA, 0x28, 0xBE, 0x28, 0xC7, 0x28, 0xD7, 0x28, 0xE3, 0x28, 0x00, 0x00, 0x00, 0x00 ; .(.(.(.(.(.(....
000FE810  db 0x00, 0x00, 0x00, 0x00, 0x00, 0x00, 0x00, 0x00, 0x00, 0x00, 0x00, 0x00, 0x00, 0x00, 0x00, 0x00 ; ................
000FE820  db 0x00, 0x00, 0x00, 0x00, 0x00, 0x00, 0x00, 0x00, 0x00, 0x00, 0x00, 0x00, 0x00, 0x00, 0xEA, 0x00 ; ................
000FE830  db 0x11, 0x00, 0xFC ; ...
; ---- Scancode handler (FC00:2833) ----
000FE833  EA 72 11 00 FC       ljmp   0xfc00:0x1172 ; jump 0xfc00
; ---- Beep routine (FC00:2838) ----
000FE838  EA 22 31 00 FC       ljmp   0xfc00:0x3122 ; jump 0xfc00
; ---- Ctrl-Alt-Del handler (FC00:283D) ----
000FE83D  EA D6 12 00 FC       ljmp   0xfc00:0x12d6 ; jump 0xfc00
; string: "enero"
000FE842  db 0x65, 0x6E, 0x65, 0x72, 0x6F, 0x00, 0x66, 0x65, 0x62, 0x72, 0x65, 0x72, 0x6F, 0x00, 0x6D, 0x61 ; enero.febrero.ma
000FE852  db 0x72, 0x7A, 0x6F, 0x00, 0x61, 0x62, 0x72, 0x69, 0x6C, 0x00, 0x6D, 0x61, 0x79, 0x6F, 0x00, 0x6A ; rzo.abril.mayo.j
000FE862  db 0x75, 0x6E, 0x69, 0x6F, 0x00, 0x6A, 0x75, 0x6C, 0x69, 0x6F, 0x00, 0x61, 0x67, 0x6F, 0x73, 0x74 ; unio.julio.agost
000FE872  db 0x6F, 0x00, 0x73, 0x65, 0x74, 0x69, 0x65, 0x6D, 0x62, 0x72, 0x65, 0x00, 0x6F, 0x63, 0x74, 0x75 ; o.setiembre.octu
000FE882  db 0x62, 0x72, 0x65, 0x00, 0x6E, 0x6F, 0x76, 0x69, 0x65, 0x6D, 0x62, 0x72, 0x65, 0x00, 0x64, 0x69 ; bre.noviembre.di
000FE892  db 0x63, 0x69, 0x65, 0x6D, 0x62, 0x72, 0x65, 0x00, 0x11, 0x3A, 0x12, 0x20, 0x65, 0x6C, 0x20, 0x13 ; ciembre..:. el .
000FE8A2  db 0x20, 0x0F, 0x20, 0x14, 0x00, 0x65, 0x6E, 0x20, 0x65, 0x6C, 0x20, 0x00, 0x65, 0x6E, 0x20, 0x6C ;  . ..en el .en l
000FE8B2  db 0x61, 0x20, 0x00, 0x20, 0x64, 0x65, 0x20, 0x00, 0x20, 0x64, 0x65, 0x6C, 0x20, 0x73, 0x69, 0x73 ; a . de . del sis
000FE8C2  db 0x74, 0x65, 0x6D, 0x61, 0x00, 0x63, 0x6F, 0x6E, 0x74, 0x72, 0x6F, 0x6C, 0x61, 0x64, 0x6F, 0x72 ; tema.controlador
000FE8D2  db 0x20, 0x64, 0x65, 0x20, 0x00, 0x50, 0x6F, 0x72, 0x20, 0x66, 0x61, 0x76, 0x6F, 0x72, 0x2C, 0x20 ;  de .Por favor, 
000FE8E2  db 0x00, 0x65, 0x73, 0x74, 0x61, 0x62, 0x6C, 0x65, 0x7A, 0x63, 0x61, 0x20, 0x00, 0x00, 0x00, 0x00 ; .establezca ....
000FE8F2  db 0x00, 0x00, 0x00, 0x00, 0x00, 0x00, 0x00, 0x00, 0x00, 0x00, 0x00, 0x00, 0x00, 0x00, 0x00, 0x00 ; ................
000FE902  db 0x00, 0x00, 0x00, 0x00, 0x00, 0x00, 0x00, 0x00, 0x00, 0x00, 0x00, 0x00, 0x00, 0x00, 0x00, 0x00 ; ................
000FE912  db 0x00, 0x00, 0x00, 0x00, 0x00, 0x00, 0x00, 0x00, 0x00, 0x00, 0x00, 0x00, 0x00, 0x00, 0x00, 0x00 ; ................
000FE922  db 0x00, 0x00, 0x00, 0x00, 0x00, 0x00, 0x00, 0x00, 0x00, 0x00, 0x00, 0x00, 0x00, 0x00, 0x00, 0x00 ; ................
000FE932  db 0x00, 0x00, 0x00, 0x00, 0x00, 0x00, 0x00, 0x00, 0x00, 0x00, 0x00, 0x00, 0x00, 0x00, 0x00, 0x00 ; ................
000FE942  db 0x00, 0x00, 0x00, 0x00, 0x00, 0x00, 0x00, 0x00, 0x00, 0x00, 0x00, 0x00, 0x00, 0x00, 0x00, 0x00 ; ................
000FE952  db 0x00, 0x00, 0x00, 0x00, 0x00, 0x00, 0x00, 0x00, 0x00, 0x00, 0x00, 0x00, 0x00, 0x00, 0x00, 0x00 ; ................
000FE962  db 0x00, 0x00, 0x00, 0x00, 0x00, 0x00, 0x00, 0x00, 0x00, 0x00, 0x00, 0x00, 0x00, 0x00, 0x00, 0x00 ; ................
000FE972  db 0x00, 0x00, 0x00, 0x00, 0x00, 0x00, 0x00, 0x00, 0x00, 0x00, 0x00, 0x00, 0x00, 0x00, 0x00, 0x00 ; ................
000FE982  db 0x00, 0x00, 0x00, 0x00, 0x00, 0xEA, 0x5F, 0x11, 0x00, 0xFC, 0x8A, 0x02, 0x03, 0x00, 0x5C, 0x5A ; ......_.......\Z
000FE992  db 0x75, 0x6C, 0x65, 0x74, 0x7A, 0x74, 0x20, 0x62, 0x65, 0x6E, 0x75, 0x74, 0x7A, 0x74, 0x20, 0x75 ; uletzt benutzt u
000FE9A2  db 0x6D, 0x20, 0x8A, 0x5C, 0x07, 0x00, 0x02, 0x03, 0x5C, 0x8B, 0x44, 0x61, 0x74, 0x75, 0x6D, 0x20 ; m .\....\.Datum 
000FE9B2  db 0x75, 0x6E, 0x64, 0x20, 0x55, 0x68, 0x72, 0x7A, 0x65, 0x69, 0x74, 0x20, 0x65, 0x69, 0x6E, 0x73 ; und Uhrzeit eins
000FE9C2  db 0x74, 0x65, 0x6C, 0x6C, 0x65, 0x6E, 0x5C, 0x8B, 0x64, 0x69, 0x65, 0x20, 0x53, 0x74, 0x61, 0x6E ; tellen\.die Stan
000FE9D2  db 0x64, 0x61, 0x72, 0x64, 0x2D, 0x45, 0x69, 0x6E, 0x73, 0x74, 0x65, 0x6C, 0x6C, 0x75, 0x6E, 0x67 ; dard-Einstellung
000FE9E2  db 0x20, 0x1B, 0x84, 0x6E, 0x64, 0x65, 0x72, 0x6E, 0x20, 0x28, 0x77, 0x65, 0x6E, 0x6E, 0x20, 0x67 ;  ..ndern (wenn g
000FE9F2  db 0x65, 0x77, 0x1B, 0x81, 0x6E, 0x73, 0x63, 0x68, 0x74, 0x29, 0x5C, 0x07, 0x07, 0x07, 0x00, 0x8B ; ew..nscht)\.....
; string: "neue Batterien einsetzen\"
000FEA02  db 0x6E, 0x65, 0x75, 0x65, 0x20, 0x42, 0x61, 0x74, 0x74, 0x65, 0x72, 0x69, 0x65, 0x6E, 0x20, 0x65 ; neue Batterien e
000FEA12  db 0x69, 0x6E, 0x73, 0x65, 0x74, 0x7A, 0x65, 0x6E, 0x5C, 0x00, 0x5C, 0x54, 0x61, 0x73, 0x74, 0x61 ; insetzen\.\Tasta
000FEA22  db 0x74, 0x75, 0x72, 0x20, 0x75, 0x6E, 0x64, 0x20, 0x4D, 0x61, 0x75, 0x73, 0x20, 0x1B, 0x81, 0x62 ; tur und Maus ..b
000FEA32  db 0x65, 0x72, 0x70, 0x72, 0x1B, 0x81, 0x66, 0x65, 0x6E, 0x00, 0x5C, 0x4C, 0x65, 0x67, 0x65, 0x6E ; erpr..fen.\Legen
000FEA42  db 0x20, 0x53, 0x69, 0x65, 0x20, 0x65, 0x69, 0x6E, 0x65, 0x20, 0x53, 0x59, 0x53, 0x54, 0x45, 0x4D ;  Sie eine SYSTEM
000FEA52  db 0x2D, 0x44, 0x69, 0x73, 0x6B, 0x65, 0x74, 0x74, 0x65, 0x20, 0x69, 0x6E, 0x20, 0x4C, 0x61, 0x75 ; -Diskette in Lau
000FEA62  db 0x66, 0x77, 0x65, 0x72, 0x6B, 0x20, 0x41, 0x5C, 0x44, 0x61, 0x6E, 0x6E, 0x20, 0x62, 0x65, 0x6C ; fwerk A\Dann bel
000FEA72  db 0x69, 0x65, 0x62, 0x69, 0x67, 0x65, 0x20, 0x54, 0x61, 0x73, 0x74, 0x65, 0x20, 0x64, 0x72, 0x1B ; iebige Taste dr.
000FEA82  db 0x81, 0x63, 0x6B, 0x65, 0x6E, 0x00, 0x5C, 0x46, 0x65, 0x68, 0x6C, 0x65, 0x72, 0x3A, 0x20, 0x46 ; .cken.\Fehler: F
000FEA92  db 0x61, 0x6C, 0x73, 0x63, 0x68, 0x65, 0x20, 0x50, 0x72, 0x75, 0x65, 0x66, 0x73, 0x75, 0x6D, 0x6D ; alsche Pruefsumm
000FEAA2  db 0x65, 0x20, 0x62, 0x65, 0x69, 0x20, 0x65, 0x78, 0x74, 0x65, 0x72, 0x6E, 0x65, 0x6D, 0x20, 0x52 ; e bei externem R
000FEAB2  db 0x4F, 0x4D, 0x3A, 0x5C, 0x52, 0x4F, 0x4D, 0x2D, 0x41, 0x64, 0x72, 0x65, 0x73, 0x73, 0x65, 0x20 ; OM:\ROM-Adresse 
000FEAC2  db 0x3D, 0x20, 0x10, 0x5C, 0x00, 0x46, 0x65, 0x68, 0x6C, 0x65, 0x72, 0x00, 0x8C, 0x02, 0x16, 0x20 ; = .\.Fehler.... 
000FEAD2  db 0x52, 0x41, 0x4D, 0x00, 0x8C, 0x56, 0x44, 0x55, 0x20, 0x52, 0x41, 0x4D, 0x00, 0x8C, 0x02, 0x20 ; RAM..VDU RAM... 
000FEAE2  db 0x02, 0x1F, 0x00, 0x8C, 0x44, 0x4D, 0x41, 0x02, 0x1F, 0x00, 0x8C, 0x46, 0x6C, 0x6F, 0x70, 0x70 ; ....DMA....Flopp
000FEAF2  db 0x79, 0x2D, 0x44, 0x69, 0x73, 0x6B, 0x2D, 0x43, 0x6F, 0x6E, 0x74, 0x72, 0x6F, 0x6C, 0x6C, 0x65 ; y-Disk-Controlle
000FEB02  db 0x72, 0x20, 0x6F, 0x64, 0x65, 0x72, 0x8C, 0x4C, 0x61, 0x75, 0x66, 0x77, 0x65, 0x72, 0x6B, 0x00 ; r oder.Laufwerk.
000FEB12  db 0x8C, 0x5A, 0x65, 0x69, 0x74, 0x67, 0x65, 0x62, 0x65, 0x72, 0x00, 0x8C, 0x02, 0x16, 0x20, 0x53 ; .Zeitgeber.... S
000FEB22  db 0x74, 0x61, 0x74, 0x75, 0x73, 0x2D, 0x52, 0x65, 0x67, 0x69, 0x73, 0x74, 0x65, 0x72, 0x00, 0x20 ; tatus-Register. 
000FEB32  db 0x69, 0x6E, 0x20, 0x64, 0x65, 0x72, 0x20, 0x45, 0x63, 0x68, 0x74, 0x7A, 0x65, 0x69, 0x74, 0x2D ; in der Echtzeit-
000FEB42  db 0x55, 0x68, 0x72, 0x00, 0x8C, 0x56, 0x44, 0x55, 0x02, 0x1F, 0x00, 0x20, 0x61, 0x6D, 0x20, 0x41 ; Uhr..VDU... am A
000FEB52  db 0x75, 0x73, 0x67, 0x61, 0x6E, 0x67, 0x20, 0x66, 0x75, 0x65, 0x72, 0x20, 0x64, 0x65, 0x6E, 0x20 ; usgang fuer den 
000FEB62  db 0x53, 0x79, 0x73, 0x74, 0x65, 0x6D, 0x2D, 0x44, 0x72, 0x75, 0x63, 0x6B, 0x65, 0x72, 0x00, 0x20 ; System-Drucker. 
000FEB72  db 0x61, 0x6D, 0x20, 0x73, 0x65, 0x72, 0x69, 0x65, 0x6C, 0x6C, 0x65, 0x6E, 0x20, 0x53, 0x79, 0x73 ; am seriellen Sys
000FEB82  db 0x74, 0x65, 0x6D, 0x2D, 0x41, 0x75, 0x73, 0x67, 0x61, 0x6E, 0x67, 0x00, 0x20, 0x69, 0x6E, 0x20 ; tem-Ausgang. in 
000FEB92  db 0x64, 0x65, 0x6E, 0x20, 0x53, 0x74, 0x65, 0x75, 0x65, 0x72, 0x2D, 0x52, 0x65, 0x67, 0x69, 0x73 ; den Steuer-Regis
000FEBA2  db 0x74, 0x65, 0x72, 0x6E, 0x20, 0x66, 0x75, 0x65, 0x72, 0x20, 0x64, 0x69, 0x65, 0x20, 0x4D, 0x61 ; tern fuer die Ma
000FEBB2  db 0x75, 0x73, 0x00, 0x3A, 0x20, 0x46, 0x61, 0x6C, 0x73, 0x63, 0x68, 0x65, 0x20, 0x52, 0x4F, 0x53 ; us.: Falsche ROS
000FEBC2  db 0x2D, 0x50, 0x72, 0x75, 0x65, 0x66, 0x73, 0x75, 0x6D, 0x6D, 0x65, 0x00, 0x8C, 0x48, 0x61, 0x75 ; -Pruefsumme..Hau
000FEBD2  db 0x70, 0x74, 0x73, 0x70, 0x65, 0x69, 0x63, 0x68, 0x65, 0x72, 0x20, 0x28, 0x50, 0x61, 0x72, 0x69 ; ptspeicher (Pari
000FEBE2  db 0x74, 0x79, 0x2D, 0x46, 0x65, 0x68, 0x6C, 0x65, 0x72, 0x29, 0x00, 0x8B, 0x77, 0x61, 0x72, 0x74 ; ty-Fehler)..wart
000FEBF2  db 0x65, 0x6E, 0x00, 0x02, 0x04, 0x00, 0x02, 0x05, 0x00, 0x4D, 0x1B, 0x84, 0x72, 0x7A, 0x00, 0x02 ; en.......M..rz..
000FEC02  db 0x09, 0x00, 0x4D, 0x61, 0x69, 0x00, 0x02, 0x06, 0x00, 0x02, 0x07, 0x00, 0x02, 0x0A, 0x00, 0x02 ; ..Mai...........
000FEC12  db 0x0B, 0x00, 0x02, 0x08, 0x00, 0x02, 0x0D, 0x00, 0x44, 0x65, 0x7A, 0x02, 0x0F, 0x00, 0x11, 0x3A ; ........Dez....:
000FEC22  db 0x12, 0x20, 0x61, 0x6D, 0x20, 0x13, 0x20, 0x0F, 0x20, 0x14, 0x00, 0x20, 0x69, 0x6D, 0x20, 0x00 ; . am . . .. im .
; string: "Bitte "
000FEC32  db 0x42, 0x69, 0x74, 0x74, 0x65, 0x20, 0x00, 0x00, 0x00, 0x00, 0x00, 0x00, 0x00, 0x00, 0x00, 0x00 ; Bitte ..........
000FEC42  db 0x00, 0x00, 0x00, 0x00, 0x00, 0x00, 0x00, 0x00, 0x00, 0x00, 0x00, 0x00, 0x00, 0x00, 0x00, 0x00 ; ................
000FEC52  db 0x00, 0x00, 0x00, 0x00, 0x00, 0x00, 0x00 ; .......
; ---- Vector INT 13 (Disk Services) ----
000FEC59  EA 5E 2C 00 FC       ljmp   0xfc00:0x2c5e ; jump 0xfc00
000FEC5E  E8 4D DF             call   0xfcbae              ; call 0xcbae
000FEC61  80 FC 02             cmp    ah, 2 ; flags = ah - 0x2
000FEC64  72 15                jb     0xfec7b ; if CF=1 then jump 0xec7b
000FEC66  80 FC 06             cmp    ah, 6 ; flags = ah - 0x6
000FEC69  73 05                jae    0xfec70 ; if CF=0 then jump 0xec70
000FEC6B  80 FA 02             cmp    dl, 2 ; flags = dl - 0x2
000FEC6E  72 05                jb     0xfec75 ; if CF=1 then jump 0xec75
000FEC70  B4 01                mov    ah, 1 ; ah = 0x1
000FEC72  E9 D7 00             jmp    0xfed4c ; jump 0xed4c
000FEC75  E8 F1 02             call   0xfef69 ; call 0xef69
000FEC78  E8 A8 01             call   0xfee23 ; call 0xee23
000FEC7B  8A 5E 01             mov    bl, byte ptr [bp + 1] ; bl = mem8(ds/ss:bp + 0x1)
000FEC7E  02 DB                add    bl, bl ; bl += bl; flags
000FEC80  32 FF                xor    bh, bh ; bh ^= bh; flags
000FEC82  2E FF 97 8A 2C       call   word ptr cs:[bx + 0x2c8a] ; call mem16(cs:bx + 0x2c8a)
000FEC87  E9 C4 00             jmp    0xfed4e ; jump 0xed4e
000FEC8A  db 0x67, 0x2D, 0xA0, 0x2D, 0xE4, 0x2C, 0x96, 0x2C, 0xE8, 0x2C, 0xA2, 0x2C, 0xB6, 0x4A, 0xE8, 0x1C ; g-.-.,.,.,.,.J..
000FEC9A  db 0x01, 0xB4, 0xC5, 0xE8, 0x4F, 0x00, 0xEB, 0x3A, 0xB0, 0x04, 0xE8, 0x73, 0x02, 0x8A, 0xDC, 0xD0 ; ....O..:...s....
000FECAA  db 0xE3, 0xD0, 0xE3, 0x32, 0xFF, 0xB6, 0x4A, 0xE8, 0x27, 0x01, 0xB4, 0x4D, 0xE8, 0x40, 0x02, 0x8A ; ...2..J.'..M.@..
000FECBA  db 0x66, 0x07, 0xD0, 0xC4, 0xD0, 0xC4, 0x02, 0x66, 0x06, 0xE8, 0x33, 0x02, 0xB0, 0x03, 0xE8, 0x2B ; f......f..3....+
000FECCA  db 0x02, 0xE8, 0x23, 0x02, 0x43, 0x43, 0xE8, 0x1E, 0x02, 0x26, 0x8A, 0x27, 0xE8, 0x4C, 0x00, 0x8A ; ..#.CC...&.'.L..
000FECDA  db 0x46, 0x00, 0x9C, 0xB9, 0x1B, 0x03, 0xE2, 0xFE, 0x9D, 0xC3, 0xB6, 0x46, 0xEB, 0x02, 0xB6, 0x42 ; F..........F...B
000FECEA  db 0xE8, 0xCA, 0x00, 0xB4, 0xE6, 0xE8, 0x07, 0x02, 0x8A, 0x66, 0x07, 0xD0, 0xC4, 0xD0, 0xC4, 0x02 ; .........f......
000FECFA  db 0x66, 0x06, 0xE8, 0xFA, 0x01, 0x8A, 0x66, 0x05, 0xE8, 0xF4, 0x01, 0x8A, 0x66, 0x07, 0xE8, 0xEE ; f.....f.....f...
000FED0A  db 0x01, 0x8A, 0x66, 0x04, 0xE8, 0xE8, 0x01, 0xB0, 0x03, 0xE8, 0xE0, 0x01, 0x26, 0x8A, 0x27, 0xE8 ; ..f.........&.'.
000FED1A  db 0xDD, 0x01, 0x26, 0x8A, 0x27, 0xE8, 0xD7, 0x01, 0x26, 0x8A, 0x27, 0xE8, 0x51, 0x01, 0xE8, 0x73 ; ..&.'...&.'.Q..s
000FED2A  db 0x01, 0x75, 0x01, 0xC3, 0xB9, 0x07, 0x00, 0x8A, 0x26, 0x43, 0x04, 0xD0, 0xDC, 0x72, 0x02, 0xE2 ; .u......&C...r..
000FED3A  db 0xFA, 0xBB, 0x44, 0x2D, 0x03, 0xD9, 0x2E, 0x8A, 0x27, 0xC3, 0x20, 0x20, 0x10, 0x08, 0x20, 0x04 ; ..D-....'.  .. .
000FED4A  db 0x03, 0x02 ; ..
000FED4C  32 C0                xor    al, al ; al ^= al; flags
000FED4E  89 46 00             mov    word ptr [bp], ax ; mem16(ds/ss:bp) = ax
000FED51  88 26 41 04          mov    byte ptr [0x441], ah ; mem8(ds/ss:0x441) = ah
000FED55  80 FC 01             cmp    ah, 1 ; flags = ah - 0x1
000FED58  F5                   cmc                        
000FED59  9C                   pushf                      
000FED5A  B0 02                mov    al, 2 ; al = 0x2
000FED5C  E8 BB 01             call   0xfef1a ; call 0xef1a
000FED5F  88 26 40 04          mov    byte ptr [0x440], ah ; mem8(ds/ss:0x440) = ah
000FED63  9D                   popf                       
000FED64  E9 39 DE             jmp    0xfcba0 ; jump 0xcba0
000FED67  db 0xC6, 0x06, 0x3E, 0x04, 0x00, 0xBA, 0xF2, 0x03, 0xB0, 0x08, 0xEE, 0xB9, 0x1E, 0x00, 0xE2, 0xFE ; ..>.............
000FED77  db 0xC6, 0x06, 0x3F, 0x04, 0x00, 0xC7, 0x06, 0x40, 0x04, 0x00, 0x00, 0xB0, 0x0C, 0xEE, 0xE8, 0xF9 ; ..?....@........
000FED87  db 0x00, 0xE8, 0xE6, 0x00, 0xB4, 0x03, 0xE8, 0x69, 0x01, 0xB0, 0x00, 0xE8, 0x61, 0x01, 0xB0, 0x01 ; .......i....a...
000FED97  db 0xE8, 0x5C, 0x01, 0x33, 0xC0, 0x8A, 0x46, 0x00, 0xC3, 0xA0, 0x41, 0x04, 0x8A, 0xE0, 0xC3, 0x9C ; .\.3..F...A.....
000FEDA7  db 0x0E, 0xE8, 0x01, 0x00, 0xC3, 0xE8, 0xFF, 0xDD, 0xE8, 0xB7, 0x01, 0xE8, 0x6E, 0x00, 0xEB, 0x97 ; ............n...
000FEDB7  db 0x52, 0xB0, 0x03, 0xE8, 0x5D, 0x01, 0x75, 0x0B, 0xB0, 0x06, 0xE8, 0x56, 0x01, 0x8A, 0xC4, 0x32 ; R...].u....V...2
000FEDC7  db 0xE4, 0xEB, 0x07, 0x8A, 0xCC, 0xB8, 0x80, 0x00, 0xD3, 0xC0, 0x8A, 0x5E, 0x00, 0xB7, 0x00, 0xF7 ; ...........^....
000FEDD7  db 0xE3, 0x8B, 0xD8, 0x5A, 0x8B, 0x46, 0x0A, 0xB1, 0x04, 0xD3, 0xC0, 0x8A, 0xD0, 0x80, 0xE2, 0x0F ; ...Z.F..........
000FEDE7  db 0x24, 0xF0, 0x03, 0x46, 0x02, 0x73, 0x02, 0xFE, 0xC2, 0x8B, 0xC8, 0x03, 0xC3, 0x74, 0x02, 0x72 ; $..F.s.......t.r
000FEDF7  db 0x26, 0xB0, 0x06, 0xE6, 0x0A, 0xFA, 0xE6, 0x0C, 0x8A, 0xC1, 0xE6, 0x04, 0x8A, 0xC5, 0xE6, 0x04 ; &...............
000FEE07  db 0x8A, 0xC2, 0xE6, 0x81, 0x4B, 0x8A, 0xC3, 0xE6, 0x05, 0x8A, 0xC7, 0xE6, 0x05, 0xFB, 0x8A, 0xC6 ; ....K...........
000FEE17  db 0xE6, 0x0B, 0xB0, 0x02, 0xE6, 0x0A, 0xC3, 0xB4, 0x09, 0xE9, 0x29, 0xFF ; ..........).
000FEE23  8A 3E 3F 04          mov    bh, byte ptr [0x43f] ; bh = mem8(ds/ss:0x43f)
000FEE27  84 3E 3E 04          test   byte ptr [0x43e], bh ; flags = mem8(ds/ss:0x43e) & bh
000FEE2B  75 10                jne    0xfee3d              ; if ZF=0 then jump 0xee3d
000FEE2D  53                   push   bx ; push bx
000FEE2E  E8 25 00             call   0xfee56 ; call 0xee56
000FEE31  74 05                je     0xfee38 ; if ZF=1 then jump 0xee38
000FEE33  E8 20 00             call   0xfee56 ; call 0xee56
000FEE36  75 19                jne    0xfee51 ; if ZF=0 then jump 0xee51
000FEE38  5B                   pop    bx ; pop -> bx
000FEE39  08 3E 3E 04          or     byte ptr [0x43e], bh ; mem8(ds/ss:0x43e) |= bh; flags
000FEE3D  B4 0F                mov    ah, 0xf ; ah = 0xf
000FEE3F  E8 B7 00             call   0xfeef9 ; call 0xeef9
000FEE42  8A 66 06             mov    ah, byte ptr [bp + 6] ; ah = mem8(ds/ss:bp + 0x6)
000FEE45  E8 B1 00             call   0xfeef9 ; call 0xeef9
000FEE48  8A 66 05             mov    ah, byte ptr [bp + 5] ; ah = mem8(ds/ss:bp + 0x5)
000FEE4B  E8 10 00             call   0xfee5e ; call 0xee5e
000FEE4E  72 01                jb     0xfee51 ; if CF=1 then jump 0xee51
000FEE50  C3                   ret ; return
000FEE51  B4 40                mov    ah, 0x40 ; ah = 0x40
000FEE53  E9 F6 FE             jmp    0xfed4c ; jump 0xed4c
000FEE56  B4 07                mov    ah, 7 ; ah = 0x7
000FEE58  E8 9E 00             call   0xfeef9 ; call 0xeef9
000FEE5B  8A 66 06             mov    ah, byte ptr [bp + 6] ; ah = mem8(ds/ss:bp + 0x6)
000FEE5E  E8 18 00             call   0xfee79 ; call 0xee79
000FEE61  B0 09                mov    al, 9 ; al = 0x9
000FEE63  E8 B4 00             call   0xfef1a ; call 0xef1a
000FEE66  74 09                je     0xfee71 ; if ZF=1 then jump 0xee71
000FEE68  B9 C6 01             mov    cx, 0x1c6 ; cx = 0x1c6
000FEE6B  E2 FE                loop   0xfee6b ; CX-- ; if CX!=0 jump 0xee6b
000FEE6D  FE CC                dec    ah ; ah-- ; flags (CF unchanged)
000FEE6F  75 F7                jne    0xfee68 ; if ZF=0 then jump 0xee68
000FEE71  B4 08                mov    ah, 8 ; ah = 0x8
000FEE73  E8 83 00             call   0xfeef9 ; call 0xeef9
000FEE76  EB 26                jmp    0xfee9e ; jump 0xee9e
000FEE78  db 0x90 ; .
000FEE79  80 26 3E 04 7F       and    byte ptr [0x43e], 0x7f ; mem8(ds/ss:0x43e) &= 0x7f; flags
000FEE7E  E8 78 00             call   0xfeef9              ; call 0xeef9
000FEE81  B9 00 00             mov    cx, 0 ; cx = 0x0
000FEE84  B0 05                mov    al, 5 ; al = 0x5
000FEE86  F6 06 3E 04 80       test   byte ptr [0x43e], 0x80 ; flags = mem8(ds/ss:0x43e) & 0x80
000FEE8B  75 0B                jne    0xfee98 ; if ZF=0 then jump 0xee98
000FEE8D  E2 F7                loop   0xfee86 ; CX-- ; if CX!=0 jump 0xee86
000FEE8F  FE C8                dec    al ; al-- ; flags (CF unchanged)
000FEE91  75 F3                jne    0xfee86 ; if ZF=0 then jump 0xee86
000FEE93  B4 80                mov    ah, 0x80 ; ah = 0x80
000FEE95  E9 B4 FE             jmp    0xfed4c ; jump 0xed4c
000FEE98  80 26 3E 04 7F       and    byte ptr [0x43e], 0x7f ; mem8(ds/ss:0x43e) &= 0x7f; flags
000FEE9D  C3                   ret ; return
000FEE9E  FC                   cld                        
000FEE9F  BA F4 03             mov    dx, 0x3f4 ; dx = 0x3f4
000FEEA2  8D 1E 42 04          lea    bx, [0x442]         
000FEEA6  B4 07                mov    ah, 7 ; ah = 0x7
000FEEA8  B9 00 00             mov    cx, 0 ; cx = 0x0
000FEEAB  EC                   in     al, dx ; al = IO[dx]
000FEEAC  D0 D0                rcl    al, 1               
000FEEAE  72 07                jb     0xfeeb7 ; if CF=1 then jump 0xeeb7
000FEEB0  E2 F9                loop   0xfeeab ; CX-- ; if CX!=0 jump 0xeeab
000FEEB2  B4 20                mov    ah, 0x20 ; ah = 0x20
000FEEB4  E9 95 FE             jmp    0xfed4c ; jump 0xed4c
000FEEB7  D0 D0                rcl    al, 1               
000FEEB9  73 13                jae    0xfeece ; if CF=0 then jump 0xeece
000FEEBB  0A E4                or     ah, ah ; ah |= ah; flags
000FEEBD  74 F3                je     0xfeeb2 ; if ZF=1 then jump 0xeeb2
000FEEBF  42                   inc    dx ; dx++ ; flags (CF unchanged)
000FEEC0  EC                   in     al, dx ; al = IO[dx]
000FEEC1  4A                   dec    dx ; dx-- ; flags (CF unchanged)
000FEEC2  88 07                mov    byte ptr [bx], al ; mem8(ds/ss:bx) = al
000FEEC4  43                   inc    bx ; bx++ ; flags (CF unchanged)
000FEEC5  FE CC                dec    ah ; ah-- ; flags (CF unchanged)
000FEEC7  B9 0C 00             mov    cx, 0xc ; cx = 0xc
000FEECA  E2 FE                loop   0xfeeca ; CX-- ; if CX!=0 jump 0xeeca
000FEECC  EB DD                jmp    0xfeeab ; jump 0xeeab
000FEECE  A0 46 04             mov    al, byte ptr [0x446] ; al = mem8(ds/ss:0x446)
000FEED1  3A 46 07             cmp    al, byte ptr [bp + 7] ; flags = al - mem8(ds/ss:bp + 0x7)
000FEED4  A0 47 04             mov    al, byte ptr [0x447] ; al = mem8(ds/ss:0x447)
000FEED7  74 0B                je     0xfeee4 ; if ZF=1 then jump 0xeee4
000FEED9  B0 04                mov    al, 4 ; al = 0x4
000FEEDB  E8 3C 00             call   0xfef1a ; call 0xef1a
000FEEDE  8A C4                mov    al, ah ; al = ah
000FEEE0  02 06 47 04          add    al, byte ptr [0x447] ; al += mem8(ds/ss:0x447); flags
000FEEE4  2A 46 04             sub    al, byte ptr [bp + 4] ; al -= mem8(ds/ss:bp + 0x4); flags
000FEEE7  8A 26 42 04          mov    ah, byte ptr [0x442] ; ah = mem8(ds/ss:0x442)
000FEEEB  F6 C4 C0             test   ah, 0xc0 ; flags = ah & 0xc0
000FEEEE  B4 00                mov    ah, 0 ; ah = 0x0
000FEEF0  C3                   ret ; return
000FEEF1  db 0x26, 0x8A, 0x27, 0xEB, 0x03, 0xE8, 0x21, 0x00 ; &.'...!.
000FEEF9  BA F4 03             mov    dx, 0x3f4            ; dx = 0x3f4
000FEEFC  B9 00 00             mov    cx, 0                ; cx = 0x0
000FEEFF  EC                   in     al, dx ; al = IO[dx]
000FEF00  D0 D0                rcl    al, 1               
000FEF02  72 07                jb     0xfef0b ; if CF=1 then jump 0xef0b
000FEF04  E2 F9                loop   0xfeeff ; CX-- ; if CX!=0 jump 0xeeff
000FEF06  B4 20                mov    ah, 0x20 ; ah = 0x20
000FEF08  E9 41 FE             jmp    0xfed4c ; jump 0xed4c
000FEF0B  D0 D0                rcl    al, 1               
000FEF0D  72 F7                jb     0xfef06 ; if CF=1 then jump 0xef06
000FEF0F  8A C4                mov    al, ah ; al = ah
000FEF11  42                   inc    dx ; dx++ ; flags (CF unchanged)
000FEF12  EE                   out    dx, al ; IO[dx] = al
000FEF13  B9 08 00             mov    cx, 8 ; cx = 0x8
000FEF16  E2 FE                loop   0xfef16 ; CX-- ; if CX!=0 jump 0xef16
000FEF18  43                   inc    bx ; bx++ ; flags (CF unchanged)
000FEF19  C3                   ret ; return
000FEF1A  C4 1E 78 00          les    bx, ptr [0x78]       ; load far ptr: bx=mem16, ES=mem16+2
000FEF1E  98                   cwde                       
000FEF1F  03 D8                add    bx, ax               ; bx += ax; flags
000FEF21  26 8A 27             mov    ah, byte ptr es:[bx] ; ah = mem8(es:bx)
000FEF24  0A E4                or     ah, ah               ; ah |= ah; flags
000FEF26  C3                   ret                         ; return
000FEF27  db 0x00, 0x00, 0x00, 0x00, 0x00, 0x00, 0x00, 0x00, 0x00, 0x00, 0x00, 0x00, 0x00, 0x00, 0x00, 0x00 ; ................
000FEF37  db 0x00, 0x00, 0x00, 0x00, 0x00, 0x00, 0x00, 0x00, 0x00, 0x00, 0x00, 0x00, 0x00, 0x00, 0x00, 0x00 ; ................
000FEF47  db 0x00, 0x00, 0x00, 0x00, 0x00, 0x00, 0x00, 0x00, 0x00, 0x00, 0x00, 0x00, 0x00, 0x00, 0x00, 0x00 ; ................
; ---- Vector INT 0E (Floppy (IRQ6)) ----
000FEF57  1E                   push   ds ; push ds
000FEF58  50                   push   ax ; push ax
000FEF59  33 C0                xor    ax, ax ; ax ^= ax; flags
000FEF5B  8E D8                mov    ds, ax ; ds = ax
000FEF5D  80 0E 3E 04 80       or     byte ptr [0x43e], 0x80 ; mem8(ds/ss:0x43e) |= 0x80; flags
000FEF62  B0 66                mov    al, 0x66 ; al = 0x66
000FEF64  E6 20                out    0x20, al ; IO[PIC1_CMD] = al
000FEF66  58                   pop    ax ; pop -> ax
000FEF67  1F                   pop    ds ; pop -> ds
000FEF68  CF                   iret                       
000FEF69  C6 06 40 04 FF       mov    byte ptr [0x440], 0xff ; mem8(ds/ss:0x440) = 0xff
000FEF6E  8A 4E 06             mov    cl, byte ptr [bp + 6] ; cl = mem8(ds/ss:bp + 0x6)
000FEF71  B0 80                mov    al, 0x80             ; al = 0x80
000FEF73  FE C1                inc    cl                   ; cl++ ; flags (CF unchanged)
000FEF75  D2 C0                rol    al, cl              
000FEF77  84 06 3F 04          test   byte ptr [0x43f], al ; flags = mem8(ds/ss:0x43f) & al
000FEF7B  75 2B                jne    0xfefa8              ; if ZF=0 then jump 0xefa8
000FEF7D  A2 3F 04             mov    byte ptr [0x43f], al ; mem8(ds/ss:0x43f) = al
000FEF80  B1 04                mov    cl, 4 ; cl = 0x4
000FEF82  D2 C0                rol    al, cl              
000FEF84  0A 46 06             or     al, byte ptr [bp + 6] ; al |= mem8(ds/ss:bp + 0x6); flags
000FEF87  0C 0C                or     al, 0xc ; al |= 0xc; flags
000FEF89  BA F2 03             mov    dx, 0x3f2 ; dx = 0x3f2
000FEF8C  EE                   out    dx, al ; IO[FDC_DOR] = al
000FEF8D  B0 0A                mov    al, 0xa ; al = 0xa
000FEF8F  E8 88 FF             call   0xfef1a ; call 0xef1a
000FEF92  80 FC 04             cmp    ah, 4 ; flags = ah - 0x4
000FEF95  73 02                jae    0xfef99 ; if CF=0 then jump 0xef99
000FEF97  B4 04                mov    ah, 4 ; ah = 0x4
000FEF99  B0 7D                mov    al, 0x7d ; al = 0x7d
000FEF9B  B9 C6 01             mov    cx, 0x1c6 ; cx = 0x1c6
000FEF9E  E2 FE                loop   0xfef9e ; CX-- ; if CX!=0 jump 0xef9e
000FEFA0  FE C8                dec    al ; al-- ; flags (CF unchanged)
000FEFA2  75 F7                jne    0xfef9b ; if ZF=0 then jump 0xef9b
000FEFA4  FE CC                dec    ah ; ah-- ; flags (CF unchanged)
000FEFA6  75 F1                jne    0xfef99 ; if ZF=0 then jump 0xef99
000FEFA8  C3                   ret ; return
000FEFA9  db 0x00, 0x00, 0x00, 0x00, 0x00, 0x00, 0x00, 0x00, 0x00, 0x00, 0x00, 0x00, 0x00, 0x00, 0x00, 0x00 ; ................
000FEFB9  db 0x00, 0x00, 0x00, 0x00, 0x00, 0x00, 0x00, 0x00, 0x00, 0x00, 0x00, 0x00, 0x00, 0x00 ; ..............
; ---- Vector INT 1E (Diskette Parameter Table) ----
000FEFC7  DF 02                fild   word ptr [bp + si]  
000FEFC9  64 02 09             add    cl, byte ptr fs:[bx + di] ; cl += mem8(fs:bx + di); flags
000FEFCC  2A FF                sub    bh, bh ; bh -= bh; flags
000FEFCE  50                   push   ax ; push ax
000FEFCF  F6 0F 04             test   byte ptr [bx], 4 ; flags = mem8(ds/ss:bx) & 0x4
000FEFD2  EA B3 0E 00 FC       ljmp   0xfc00:0xeb3 ; jump 0xfc00
000FEFD7  db 0x05, 0xC4, 0x00, 0x01, 0x00, 0x04, 0x00, 0x07, 0xA6, 0xC2, 0x00, 0xBA, 0x01, 0xC4, 0x00, 0x03 ; ................
000FEFE7  db 0x19, 0xB4, 0x00, 0x60, 0x4F, 0x56, 0x3A, 0x51, 0x60, 0x70, 0x1F, 0x00, 0x0D, 0x0B, 0x0D, 0x00 ; ...`OV:Q`p......
000FEFF7  db 0x00, 0x00, 0x00, 0x5E, 0x2E, 0x5D, 0x28, 0x0D, 0x5E, 0x6E, 0xA3, 0xFF, 0x00, 0xCC, 0x01, 0xCA ; ...^.](.^n......
000FF007  db 0x09, 0xCE, 0x00, 0x00, 0x00, 0x00, 0x00, 0x00, 0x00, 0x08, 0x00, 0xFF, 0xBA, 0x14, 0xC0, 0x00 ; ................
000FF017  db 0x00, 0x08, 0x08, 0x08, 0x08, 0x08, 0x08, 0x08, 0x10, 0x18, 0x18, 0x18, 0x18, 0x18, 0x18, 0x18 ; ................
000FF027  db 0x0E, 0x00, 0x0F, 0x08, 0x00, 0xB0, 0x03, 0xC4, 0x02, 0x03, 0x00, 0x03, 0x02, 0xCE, 0x05, 0x10 ; ................
000FF037  db 0x0A, 0x00, 0x08, 0x03, 0x00, 0x00, 0x00, 0x00, 0x00, 0x00, 0x00, 0x00, 0x00, 0x00, 0x55, 0x31 ; ..............U1
000FF047  db 0x18, 0x33, 0x31, 0x33, 0xD8, 0x33, 0x7D, 0x37, 0x96, 0x32, 0xFC, 0x33, 0xED, 0x33, 0xE9, 0x34 ; .313.3}7.2.3.3.4
000FF057  db 0x03, 0x35, 0x16, 0x35, 0xD9, 0x32, 0x94, 0x36, 0x6F, 0x37, 0x27, 0x35, 0x0B, 0x33 ; .5.5.2.6o7'5.3
; ---- Vector INT 10 (Video Services) ----
000FF065  EA 6A 30 00 FC       ljmp   0xfc00:0x306a ; jump 0xfc00
000FF06A  E8 41 DB             call   0xfcbae              ; call 0xcbae
000FF06D  80 FC 10             cmp    ah, 0x10 ; flags = ah - 0x10
000FF070  73 1F                jae    0xff091 ; if CF=0 then jump 0xf091
000FF072  8A 1E 10 04          mov    bl, byte ptr [0x410] ; bl = mem8(ds/ss:0x410)
000FF076  80 E3 30             and    bl, 0x30 ; bl &= 0x30; flags
000FF079  80 FB 30             cmp    bl, 0x30 ; flags = bl - 0x30
000FF07C  BB 00 B8             mov    bx, 0xb800 ; bx = 0xb800
000FF07F  75 03                jne    0xff084 ; if ZF=0 then jump 0xf084
000FF081  BB 00 B0             mov    bx, 0xb000 ; bx = 0xb000
000FF084  8E C3                mov    es, bx ; es = bx
000FF086  8A DC                mov    bl, ah ; bl = ah
000FF088  32 FF                xor    bh, bh ; bh ^= bh; flags
000FF08A  03 DB                add    bx, bx ; bx += bx; flags
000FF08C  2E FF A7 45 30       jmp    word ptr cs:[bx + 0x3045] ; jump mem16(cs:bx + 0x3045)
000FF091  C3                   ret ; return
000FF092  db 0x00, 0x00, 0x00, 0x00, 0x00, 0x00, 0x00, 0x00, 0x00, 0x00, 0x00, 0x00, 0x00, 0x00, 0x00, 0x00 ; ................
000FF0A2  db 0x00, 0x00 ; ..
; ---- Vector INT 1D (Video Parameter Table) ----
000FF0A4  38 28                cmp    byte ptr [bx + si], ch ; flags = mem8(ds/ss:bx + si) - ch
000FF0A6  2D 0A 1F             sub    ax, 0x1f0a ; ax -= 0x1f0a; flags
000FF0A9  06                   push   es ; push es
000FF0AA  19 1C                sbb    word ptr [si], bx   
000FF0AC  02 07                add    al, byte ptr [bx] ; al += mem8(ds/ss:bx); flags
000FF0AE  06                   push   es ; push es
000FF0AF  07                   pop    es ; pop -> es
000FF0B0  00 00                add    byte ptr [bx + si], al ; mem8(ds/ss:bx + si) += al; flags
000FF0B2  00 00                add    byte ptr [bx + si], al ; mem8(ds/ss:bx + si) += al; flags
000FF0B4  71 50                jno    0xff106 ; if OF=0 then jump 0xf106
000FF0B6  5A                   pop    dx ; pop -> dx
000FF0B7  0A 1F                or     bl, byte ptr [bx] ; bl |= mem8(ds/ss:bx); flags
000FF0B9  06                   push   es ; push es
000FF0BA  19 1C                sbb    word ptr [si], bx   
000FF0BC  02 07                add    al, byte ptr [bx] ; al += mem8(ds/ss:bx); flags
000FF0BE  06                   push   es ; push es
000FF0BF  07                   pop    es ; pop -> es
000FF0C0  00 00                add    byte ptr [bx + si], al ; mem8(ds/ss:bx + si) += al; flags
000FF0C2  00 00                add    byte ptr [bx + si], al ; mem8(ds/ss:bx + si) += al; flags
000FF0C4  38 28                cmp    byte ptr [bx + si], ch ; flags = mem8(ds/ss:bx + si) - ch
000FF0C6  2D 0A 7F             sub    ax, 0x7f0a ; ax -= 0x7f0a; flags
000FF0C9  06                   push   es ; push es
000FF0CA  64 70 02             jo     0xff0cf ; if OF=1 then jump 0xf0cf
000FF0CD  01 06 07 00          add    word ptr [7], ax ; mem16(ds/ss:0x7) += ax; flags
000FF0D1  00 00                add    byte ptr [bx + si], al ; mem8(ds/ss:bx + si) += al; flags
000FF0D3  00 61 50             add    byte ptr [bx + di + 0x50], ah ; mem8(ds/ss:bx + di + 0x50) += ah; flags
000FF0D6  52                   push   dx ; push dx
000FF0D7  0F 19 06 19 19       nop    word ptr [0x1919]   
000FF0DC  02 0D                add    cl, byte ptr [di] ; cl += mem8(ds/ss:di); flags
000FF0DE  0B 0C                or     cx, word ptr [si] ; cx |= mem16(ds/ss:si); flags
000FF0E0  00 00                add    byte ptr [bx + si], al ; mem8(ds/ss:bx + si) += al; flags
000FF0E2  00 00                add    byte ptr [bx + si], al ; mem8(ds/ss:bx + si) += al; flags
000FF0E4  E8 1D 00             call   0xff104 ; call 0xf104
000FF0E7  8B 16 63 04          mov    dx, word ptr [0x463] ; dx = mem16(ds/ss:0x463)
000FF0EB  83 C2 04             add    dx, 4 ; dx += 0x4; flags
000FF0EE  A0 65 04             mov    al, byte ptr [0x465] ; al = mem8(ds/ss:0x465)
000FF0F1  EE                   out    dx, al ; IO[dx] = al
000FF0F2  C3                   ret ; return
000FF0F3  db 0xE8, 0x0E, 0x00, 0x8B, 0x16, 0x63, 0x04, 0x83, 0xC2, 0x04, 0xA0, 0x65, 0x04, 0x24, 0xF7, 0xEE ; .....c.....e.$..
000FF103  db 0xC3 ; .
000FF104  8B 16 63 04          mov    dx, word ptr [0x463] ; dx = mem16(ds/ss:0x463)
000FF108  81 FA B4 03          cmp    dx, 0x3b4 ; flags = dx - 0x3b4
000FF10C  74 13                je     0xff121 ; if ZF=1 then jump 0xf121
000FF10E  83 C2 06             add    dx, 6 ; dx += 0x6; flags
000FF111  33 C9                xor    cx, cx ; cx ^= cx; flags
000FF113  EC                   in     al, dx ; al = IO[dx]
000FF114  24 08                and    al, 8 ; al &= 0x8; flags
000FF116  74 02                je     0xff11a ; if ZF=1 then jump 0xf11a
000FF118  E2 F9                loop   0xff113 ; CX-- ; if CX!=0 jump 0xf113
000FF11A  EC                   in     al, dx ; al = IO[dx]
000FF11B  24 08                and    al, 8 ; al &= 0x8; flags
000FF11D  75 02                jne    0xff121 ; if ZF=0 then jump 0xf121
000FF11F  E2 F9                loop   0xff11a ; CX-- ; if CX!=0 jump 0xf11a
000FF121  C3                   ret ; return
000FF122  E8 01 00             call   0xff126              ; call 0xf126
000FF125  CB                   retf ; return
000FF126  BB E8 03             mov    bx, 0x3e8 ; bx = 0x3e8
000FF129  B9 2E 22             mov    cx, 0x222e ; cx = 0x222e
000FF12C  7A 06                jp     0xff134 ; if PF=1 then jump 0xf134
000FF12E  BB D0 07             mov    bx, 0x7d0 ; bx = 0x7d0
000FF131  B9 B8 88             mov    cx, 0x88b8 ; cx = 0x88b8
000FF134  B0 B6                mov    al, 0xb6 ; al = 0xb6
000FF136  E6 43                out    0x43, al ; IO[PIT_MODE] = al
000FF138  8A C3                mov    al, bl ; al = bl
000FF13A  E6 42                out    0x42, al ; IO[PIT_CH2] = al
000FF13C  8A C7                mov    al, bh ; al = bh
000FF13E  E6 42                out    0x42, al ; IO[PIT_CH2] = al
000FF140  E4 61                in     al, 0x61 ; al = IO[PPI_PORT_B]
000FF142  0C 03                or     al, 3 ; al |= 0x3; flags
000FF144  E6 61                out    0x61, al ; IO[PPI_PORT_B] = al
000FF146  B4 02                mov    ah, 2 ; ah = 0x2
000FF148  51                   push   cx ; push cx
000FF149  E2 FE                loop   0xff149 ; CX-- ; if CX!=0 jump 0xf149
000FF14B  59                   pop    cx ; pop -> cx
000FF14C  FE CC                dec    ah ; ah-- ; flags (CF unchanged)
000FF14E  75 F8                jne    0xff148 ; if ZF=0 then jump 0xf148
000FF150  24 FE                and    al, 0xfe ; al &= 0xfe; flags
000FF152  E6 61                out    0x61, al ; IO[PPI_PORT_B] = al
000FF154  C3                   ret ; return
000FF155  db 0xBF, 0x4E, 0x04, 0xB9, 0x15, 0x00, 0x33, 0xC0, 0x8E, 0xC0, 0xFC, 0xF3, 0xAA, 0xA0, 0x10, 0x04 ; .N....3.........
000FF165  db 0x24, 0x30, 0x3C, 0x30, 0xB3, 0x07, 0x74, 0x03, 0x8A, 0x5E, 0x00, 0x88, 0x1E, 0x49, 0x04, 0xC4 ; $0<0..t..^...I..
000FF175  db 0x3E, 0x74, 0x00, 0xB0, 0x24, 0xE8, 0xF9, 0xDA, 0x74, 0x02, 0xB0, 0x07, 0x8A, 0xE8, 0xBE, 0x88 ; >t..$...t.......
000FF185  db 0x31, 0xEB, 0x69, 0x83, 0xEA, 0x05, 0x89, 0x16, 0x63, 0x04, 0xA3, 0x65, 0x04, 0xF6, 0xC3, 0x02 ; 1.i.....c..e....
000FF195  db 0xB8, 0x28, 0x00, 0x74, 0x02, 0xD1, 0xE0, 0xA3, 0x4A, 0x04, 0x03, 0xDB, 0x2E, 0x8B, 0x87, 0x08 ; .(.t....J.......
000FF1A5  db 0x38, 0xA3, 0x4C, 0x04, 0xC7, 0x06, 0x60, 0x04, 0x07, 0x06, 0xE9, 0x32, 0xFF ; 8.L...`....2.
000FF1B2  8E DB                mov    ds, bx ; ds = bx
000FF1B4  B0 23                mov    al, 0x23 ; al = 0x23
000FF1B6  BB BC 31             mov    bx, 0x31bc ; bx = 0x31bc
000FF1B9  E9 C5 DA             jmp    0xfcc81 ; jump 0xcc81
000FF1BC  db 0x24, 0x30, 0x75, 0x06, 0xBE, 0xD1, 0x31, 0xE9, 0xC8, 0xCE, 0xBE, 0xCD, 0x31, 0xB0, 0x03, 0xEB ; $0u...1.....1...
000FF1CC  db 0x0F, 0x4A, 0xEE, 0xB0, 0x07, 0xBE, 0xD6, 0x31, 0xEB, 0x06, 0x4A, 0xEE, 0x8C, 0xD8, 0xFF, 0xE0 ; .J.....1..J.....
000FF1DC  db 0x8B, 0xF8, 0xB0, 0x24, 0xBB, 0xE6, 0x31, 0xE9, 0x9B, 0xDA, 0x8A, 0xE8, 0x8B, 0xDF, 0x8C, 0xC8 ; ...$..1.........
000FF1EC  db 0x8E, 0xC0, 0xBF, 0xA4, 0x30, 0xBA, 0xD9, 0x03, 0x33, 0xC0, 0x80, 0xFB, 0x07, 0x75, 0x04, 0xB2 ; ....0...3....u..
000FF1FC  db 0xB9, 0xFE, 0xC4, 0xEE, 0x4A, 0x8A, 0xC4, 0xEE, 0x80, 0xEA, 0x04, 0x8A, 0xFD, 0x8A, 0xC3, 0x3C ; ....J..........<
000FF20C  db 0x06, 0x75, 0x02, 0xFE, 0xC8, 0x24, 0xFE, 0x32, 0xE4, 0xB1, 0x03, 0xD3, 0xE0, 0x03, 0xF8, 0xB9 ; .u...$.2........
000FF21C  db 0x10, 0x00, 0x33, 0xC0, 0x26, 0x8A, 0x25, 0xEF, 0x47, 0xFE, 0xC0, 0xE2, 0xF7, 0xFC, 0x80, 0xC2 ; ..3.&.%.G.......
000FF22C  db 0x04, 0x80, 0xFB, 0x07, 0x74, 0x11, 0xB0, 0x12, 0xEE, 0xB8, 0x00, 0xB8, 0x8E, 0xC0, 0xB9, 0x00 ; ....t...........
000FF23C  db 0x20, 0x33, 0xC0, 0x33, 0xFF, 0xF3, 0xAB, 0x8A, 0xEF, 0x32, 0xFF, 0x2E, 0x8A, 0x87, 0x18, 0x38 ;  3.3.....2.....8
000FF24C  db 0x24, 0xF7, 0xEE, 0x8A, 0xE5, 0xBF, 0x00, 0xB0, 0xB9, 0x00, 0x08, 0x80, 0xFB, 0x07, 0x74, 0x0B ; $.............t.
000FF25C  db 0xF6, 0xC3, 0x04, 0x75, 0x10, 0xBF, 0x00, 0xB8, 0xB9, 0x00, 0x20, 0xB0, 0x20, 0x8E, 0xC7, 0x33 ; ...u...... . ..3
000FF26C  db 0xFF, 0xF3, 0xAB, 0x8A, 0xFC, 0xB0, 0x10, 0x80, 0xFB, 0x05, 0x74, 0x11, 0x8A, 0xC7, 0xB1, 0x04 ; ..........t.....
000FF27C  db 0xD2, 0xC8, 0x24, 0x07, 0x0C, 0x30, 0x80, 0xFB, 0x06, 0x75, 0x02, 0x0C, 0x07, 0x42, 0xEE, 0x8A ; ..$..0...u...B..
000FF28C  db 0xE0, 0x32, 0xFF, 0x2E, 0x8A, 0x87, 0x18, 0x38, 0xFF, 0xE6, 0x80, 0x3E, 0x49, 0x04, 0x03, 0x77 ; .2.....8...>I..w
000FF29C  db 0x3B, 0x8A, 0x5E, 0x00, 0x80, 0xFB, 0x04, 0x72, 0x0C, 0x80, 0xFB, 0x08, 0x73, 0x2E, 0x80, 0x3E ; ;.^....r....s..>
000FF2AC  db 0x49, 0x04, 0x01, 0x77, 0x27, 0x88, 0x1E, 0x62, 0x04, 0xA1, 0x4C, 0x04, 0x32, 0xFF, 0x53, 0xF7 ; I..w'..b..L.2.S.
000FF2BC  db 0xE3, 0xA3, 0x4E, 0x04, 0xD1, 0xE8, 0x8B, 0xD8, 0xE8, 0x3D, 0xFE, 0xB4, 0x0C, 0xE8, 0x84, 0x00 ; ..N......=......
000FF2CC  db 0x5B, 0x03, 0xDB, 0x8B, 0x8F, 0x50, 0x04, 0xD1, 0xEB, 0xEB, 0x70, 0x90, 0xC3, 0xE8, 0x28, 0xFE ; [....P....p...(.
000FF2DC  db 0x8B, 0x46, 0x02, 0x0A, 0xE4, 0x8A, 0x26, 0x66, 0x04, 0x75, 0x07, 0x80, 0xE4, 0x20, 0x0A, 0xC4 ; .F....&f.u... ..
000FF2EC  db 0xEB, 0x11, 0x86, 0xC4, 0x24, 0xDF, 0x80, 0x3E, 0x49, 0x04, 0x05, 0x74, 0x06, 0x0A, 0xE4, 0x74 ; ....$..>I..t...t
000FF2FC  db 0x02, 0x0C, 0x20, 0xA2, 0x66, 0x04, 0x8B, 0x16, 0x63, 0x04, 0x83, 0xC2, 0x05, 0xEE, 0xC3, 0xA1 ; .. .f...c.......
000FF30C  db 0x49, 0x04, 0x89, 0x46, 0x00, 0xA0, 0x62, 0x04, 0x88, 0x46, 0x03, 0xC3, 0x89, 0x0E, 0x60, 0x04 ; I..F..b..F....`.
000FF31C  db 0x80, 0x3E, 0x49, 0x04, 0x07, 0x74, 0x08, 0x80, 0xFD, 0x20, 0x72, 0x03, 0xB9, 0x1E, 0x1E, 0xB4 ; .>I..t... r.....
000FF32C  db 0x0A, 0x8B, 0xD9, 0xEB, 0x1F, 0x8A, 0x5E, 0x03, 0x32, 0xFF, 0xD1, 0xE3, 0x89, 0x97, 0x50, 0x04 ; ......^.2.....P.
000FF33C  db 0xD1, 0xEB, 0x8B, 0xCA, 0x3A, 0x1E, 0x62, 0x04, 0x74, 0x01, 0xC3, 0xE8, 0x47, 0x00, 0x8B, 0xDF ; ....:.b.t...G...
000FF34C  db 0xD1, 0xEB, 0xB4, 0x0E, 0x8B, 0x16, 0x63, 0x04, 0x8A, 0xC4, 0xEE, 0x42, 0x8A, 0xC7, 0xEE, 0x4A ; ......c....B...J
000FF35C  db 0x8A, 0xC4, 0x40, 0xEE, 0x8A, 0xC3, 0x42, 0xEE, 0x4A, 0xC3, 0xA0, 0x49, 0x04, 0x3C, 0x07, 0x74 ; ..@...B.J..I.<.t
000FF36C  db 0x0A, 0xA8, 0x04, 0x74, 0x06, 0x8B, 0x0E, 0x50, 0x04, 0xEB, 0x43, 0x8A, 0x5E, 0x03, 0x32, 0xFF ; ...t...P..C.^.2.
000FF37C  db 0xD0, 0xE3, 0x8B, 0x8F, 0x50, 0x04, 0xD0, 0xEB, 0xEB, 0x0B, 0xA0, 0x49, 0x04, 0x3C, 0x07, 0x74 ; ....P......I.<.t
000FF38C  db 0x04, 0xA8, 0x04, 0x75, 0x29, 0xA1, 0x4A, 0x04, 0xD1, 0xE0, 0xF6, 0xE5, 0x8B, 0xF9, 0x81, 0xE7 ; ...u).J.........
000FF39C  db 0xFF, 0x00, 0xD1, 0xE7, 0x03, 0xF8, 0xA1, 0x4C, 0x04, 0x81, 0xE3, 0xFF, 0x00, 0x74, 0x09, 0x52 ; .......L.....t.R
000FF3AC  db 0xA1, 0x4C, 0x04, 0xF7, 0xE3, 0x03, 0xF8, 0x5A, 0xF8, 0xC3, 0x8B, 0x0E, 0x50, 0x04, 0xB8, 0x50 ; .L.....Z....P..P
000FF3BC  db 0x00, 0xF6, 0xE5, 0xD1, 0xE0, 0xD1, 0xE0, 0x8B, 0xF9, 0x81, 0xE7, 0xFF, 0x00, 0x03, 0xC7, 0x80 ; ................
000FF3CC  db 0x3E, 0x49, 0x04, 0x06, 0x74, 0x02, 0x03, 0xC7, 0x8B, 0xF8, 0xF9, 0xC3, 0x8A, 0x5E, 0x03, 0x02 ; >I..t........^..
000FF3DC  db 0xDB, 0x32, 0xFF, 0x8B, 0x87, 0x50, 0x04, 0x89, 0x46, 0x06, 0xA1, 0x60, 0x04, 0x89, 0x46, 0x04 ; .2...P..F..`..F.
000FF3EC  db 0xC3, 0x8B, 0xCA, 0x2A, 0xE8, 0x8B, 0x1E, 0x4A, 0x04, 0xD1, 0xE3, 0xF7, 0xDB, 0xFD, 0xEB, 0x0B ; ...*...J........
000FF3FC  db 0x8B, 0xD1, 0x02, 0xE8, 0x8B, 0x1E, 0x4A, 0x04, 0xD1, 0xE3, 0xFC, 0x53, 0x8A, 0x1E, 0x62, 0x04 ; ......J....S..b.
000FF40C  db 0xE8, 0x77, 0xFF, 0x8B, 0xF7, 0x8B, 0xCA, 0xE8, 0x70, 0xFF, 0xE8, 0xEB, 0xFC, 0x5A, 0x8A, 0x4E ; .w......p....Z.N
000FF41C  db 0x06, 0x2A, 0x4E, 0x04, 0xFE, 0xC1, 0x32, 0xED, 0x8A, 0x7E, 0x03, 0x8A, 0x5E, 0x07, 0x2A, 0x5E ; .*N...2..~..^.*^
000FF42C  db 0x05, 0x8A, 0x46, 0x00, 0x2A, 0xD8, 0xFE, 0xC3, 0xE8, 0x2F, 0x00, 0x72, 0x3D, 0x0A, 0xC0, 0x74 ; ..F.*..../.r=..t
000FF43C  db 0x18, 0x06, 0x1F, 0x56, 0x57, 0x51, 0xF3, 0xA5, 0x59, 0x5F, 0x5E, 0x03, 0xF2, 0x03, 0xFA, 0xFE ; ...VWQ..Y_^.....
000FF44C  db 0xCB, 0x75, 0xF0, 0x8A, 0xD8, 0x33, 0xC0, 0x8E, 0xD8, 0x8A, 0xE7, 0xB0, 0x20, 0x57, 0x51, 0xF3 ; .u...3...... WQ.
000FF45C  db 0xAB, 0x59, 0x5F, 0x03, 0xFA, 0xFE, 0xCB, 0x75, 0xF4, 0xC3, 0x80, 0x3E, 0x49, 0x04, 0x07, 0x74 ; .Y_....u...>I..t
000FF46C  db 0x08, 0xF6, 0x06, 0x49, 0x04, 0x04, 0x74, 0x01, 0xF9, 0xC3, 0x50, 0x80, 0x3E, 0x49, 0x04, 0x06 ; ...I..t...P.>I..
000FF47C  db 0x74, 0x0A, 0x03, 0xC9, 0x0A, 0xF6, 0x79, 0x17, 0x47, 0x46, 0xEB, 0x0B, 0x8B, 0xC2, 0xD1, 0xE8 ; t.....y.GF......
000FF48C  db 0x98, 0x8B, 0xD0, 0x0A, 0xF6, 0x79, 0x08, 0x81, 0xC7, 0xF0, 0x00, 0x81, 0xC6, 0xF0, 0x00, 0x58 ; .....y.........X
000FF49C  db 0x0A, 0xC0, 0x74, 0x2C, 0xD0, 0xE3, 0xD0, 0xE3, 0x06, 0x1F, 0x56, 0x57, 0x51, 0xF3, 0xA4, 0x59 ; ..t,......VWQ..Y
000FF4AC  db 0x5F, 0x5E, 0x56, 0x57, 0x51, 0x81, 0xC7, 0x00, 0x20, 0x81, 0xC6, 0x00, 0x20, 0xF3, 0xA4, 0x59 ; _^VWQ... ... ..Y
000FF4BC  db 0x5F, 0x5E, 0x03, 0xFA, 0x03, 0xF2, 0xFE, 0xCB, 0x75, 0xE0, 0x33, 0xF6, 0x8E, 0xDE, 0x8A, 0xD8 ; _^......u.3.....
000FF4CC  db 0x8A, 0xC7, 0xD0, 0xE3, 0xD0, 0xE3, 0x57, 0x51, 0xF3, 0xAA, 0x59, 0x5F, 0x57, 0x51, 0x81, 0xC7 ; ......WQ..Y_WQ..
000FF4DC  db 0x00, 0x20, 0xF3, 0xAA, 0x59, 0x5F, 0x03, 0xFA, 0xFE, 0xCB, 0x75, 0xEA, 0xC3, 0xE8, 0x7A, 0xFE ; . ..Y_....u...z.
000FF4EC  db 0x73, 0x03, 0xE9, 0xFE, 0x01, 0x26, 0x8B, 0x05, 0x89, 0x46, 0x00, 0xC3, 0xE8, 0x66, 0x01, 0x53 ; s....&...F...f.S
000FF4FC  db 0xE8, 0xEC, 0x00, 0x5B, 0xE2, 0xF9, 0xC3, 0xE8, 0x60, 0xFE, 0x8B, 0x4E, 0x04, 0x72, 0xED, 0x8A ; ...[....`..N.r..
000FF50C  db 0x46, 0x00, 0x8A, 0x66, 0x02, 0xFC, 0xAB, 0xE2, 0xFD, 0xC3, 0xE8, 0x4D, 0xFE, 0x8B, 0x4E, 0x04 ; F..f.......M..N.
000FF51C  db 0x72, 0xDA, 0xFC, 0x8A, 0x46, 0x00, 0xAA, 0x47, 0xE2, 0xF9, 0xC3, 0x8A, 0x1E, 0x62, 0x04, 0xD0 ; r...F..G.....b..
000FF52C  db 0xE3, 0x32, 0xFF, 0x8B, 0x8F, 0x50, 0x04, 0x33, 0xD2, 0x86, 0xD1, 0xD0, 0xEB, 0xE8, 0x4A, 0xFE ; .2...P.3......J.
000FF53C  db 0x1A, 0xE4, 0x8A, 0x46, 0x00, 0x3C, 0x20, 0x73, 0x22, 0x3C, 0x07, 0x75, 0x03, 0xE9, 0xE2, 0xFB ; ...F.< s"<.u....
000FF54C  db 0x3C, 0x0A, 0x74, 0x44, 0x3C, 0x08, 0x75, 0x0A, 0x0A, 0xD2, 0x75, 0x01, 0xC3, 0xFE, 0xCA, 0xEB ; <.tD<.u...u.....
000FF55C  db 0x79, 0x90, 0x3C, 0x0D, 0x75, 0x05, 0xB2, 0x00, 0xEB, 0x70, 0x90, 0x57, 0x03, 0xFA, 0x03, 0xFA ; y.<.u....p.W....
000FF56C  db 0x0A, 0xE4, 0x75, 0x06, 0x8A, 0x46, 0x00, 0xAA, 0xEB, 0x13, 0x52, 0x51, 0x80, 0x3E, 0x49, 0x04 ; ..u..F....RQ.>I.
000FF57C  db 0x06, 0x75, 0x02, 0x2B, 0xFA, 0xE8, 0xDD, 0x00, 0xE8, 0x64, 0x00, 0x59, 0x5A, 0x5F, 0xFE, 0xC2 ; .u.+.....d.YZ_..
000FF58C  db 0x3A, 0x16, 0x4A, 0x04, 0x72, 0x44, 0x32, 0xD2, 0x80, 0xFD, 0x18, 0x72, 0x33, 0x26, 0x8A, 0x7D ; :.J.rD2....r3&.}
000FF59C  db 0x01, 0xE8, 0xC6, 0xFE, 0x73, 0x02, 0x32, 0xFF, 0x53, 0xE8, 0x2E, 0x00, 0xE8, 0x59, 0xFB, 0x8A ; ....s.2.S....Y..
000FF5AC  db 0x1E, 0x62, 0x04, 0xB9, 0x00, 0x01, 0xE8, 0xD1, 0xFD, 0x8B, 0xF7, 0x8B, 0x3E, 0x4E, 0x04, 0x8B ; .b..........>N..
000FF5BC  db 0x0E, 0x4A, 0x04, 0x8B, 0xD1, 0x03, 0xD2, 0xFC, 0x5B, 0xB3, 0x18, 0xB0, 0x01, 0xE9, 0x68, 0xFE ; .J......[.....h.
000FF5CC  db 0x8B, 0x1E, 0x4A, 0x04, 0x03, 0xDB, 0x03, 0xFB, 0xFE, 0xC5, 0x8A, 0x1E, 0x62, 0x04, 0x8A, 0xCA ; ..J.........b...
000FF5DC  db 0x32, 0xFF, 0x03, 0xDB, 0x89, 0x8F, 0x50, 0x04, 0x03, 0xFA, 0x03, 0xFA, 0xE9, 0x5F, 0xFD, 0x51 ; 2.....P......_.Q
000FF5EC  db 0x57, 0xB9, 0x08, 0x00, 0x80, 0x3E, 0x49, 0x04, 0x06, 0x74, 0x44, 0x8A, 0x46, 0x02, 0x24, 0x03 ; W....>I..tD.F.$.
000FF5FC  db 0x32, 0xE4, 0x8B, 0xF0, 0x56, 0x33, 0xC0, 0x1E, 0x8E, 0xDA, 0x8A, 0x2F, 0x43, 0x1F, 0xD0, 0xED ; 2...V3...../C...
000FF60C  db 0x73, 0x02, 0x0B, 0xC6, 0xD1, 0xE6, 0xD1, 0xE6, 0x0A, 0xED, 0x75, 0xF2, 0x86, 0xE0, 0xF6, 0x46 ; s.........u....F
000FF61C  db 0x02, 0x80, 0x74, 0x03, 0x26, 0x33, 0x05, 0x26, 0x89, 0x05, 0xB8, 0x00, 0x20, 0xF6, 0xC1, 0x01 ; ..t.&3.&.... ...
000FF62C  db 0x74, 0x03, 0xB8, 0x50, 0xE0, 0x03, 0xF8, 0x5E, 0xE2, 0xCA, 0x5F, 0x47, 0x47, 0x59, 0xC3, 0x1E ; t..P...^.._GGY..
000FF63C  db 0x8E, 0xDA, 0x8A, 0x07, 0xF6, 0x46, 0x02, 0x80, 0x74, 0x03, 0x26, 0x32, 0x05, 0x26, 0x88, 0x05 ; .....F..t.&2.&..
000FF64C  db 0x43, 0xB8, 0x00, 0x20, 0xF6, 0xC1, 0x01, 0x74, 0x03, 0xB8, 0x50, 0xE0, 0x03, 0xF8, 0xE2, 0xE2 ; C.. ...t..P.....
000FF65C  db 0x1F, 0x5F, 0x47, 0x59, 0xC3, 0x8A, 0x66, 0x00, 0x80, 0xFC, 0x80, 0x72, 0x0A, 0x80, 0xE4, 0x7F ; ._GY..f....r....
000FF66C  db 0xE8, 0x16, 0x00, 0x75, 0x07, 0xB4, 0x20, 0x8C, 0xCA, 0xBB, 0x6E, 0x3A, 0x8A, 0xC4, 0x32, 0xE4 ; ...u.. ...n:..2.
000FF67C  db 0x03, 0xC0, 0x03, 0xC0, 0x03, 0xC0, 0x03, 0xD8, 0xC3, 0x50, 0x8B, 0x1E, 0x7C, 0x00, 0x8B, 0x16 ; .........P..|...
000FF68C  db 0x7E, 0x00, 0x8B, 0xC2, 0x0B, 0xC3, 0x58, 0xC3, 0xE8, 0x1D, 0x00, 0x8A, 0x46, 0x00, 0xD2, 0xC8 ; ~.....X.....F...
000FF69C  db 0x22, 0xC4, 0xF6, 0x46, 0x00, 0x80, 0x74, 0x07, 0x26, 0x32, 0x05, 0x26, 0x88, 0x05, 0xC3, 0xF6 ; "..F..t.&2.&....
000FF6AC  db 0xD4, 0x26, 0x20, 0x25, 0x26, 0x08, 0x05, 0xC3, 0xB0, 0x50, 0xD1, 0xCA, 0xF6, 0xE2, 0xF6, 0xC6 ; .& %&....P......
000FF6BC  db 0x80, 0x74, 0x03, 0x05, 0x00, 0x20, 0x8B, 0xD1, 0xD1, 0xEA, 0xD1, 0xEA, 0x80, 0x3E, 0x49, 0x04 ; .t... .......>I.
000FF6CC  db 0x06, 0x75, 0x10, 0xD1, 0xEA, 0x03, 0xC2, 0x8B, 0xF8, 0x80, 0xE1, 0x07, 0xFE, 0xC1, 0xB4, 0x01 ; .u..............
000FF6DC  db 0xD2, 0xCC, 0xC3, 0x03, 0xC2, 0x8B, 0xF8, 0x80, 0xE1, 0x03, 0xFE, 0xC1, 0x02, 0xC9, 0xB4, 0x03 ; ................
000FF6EC  db 0xD2, 0xCC, 0xC3, 0x8C, 0xCA, 0xBB, 0x6E, 0x3A, 0xE8, 0x12, 0x00, 0x72, 0x0C, 0xE8, 0x89, 0xFF ; ......n:...r....
000FF6FC  db 0x74, 0x07, 0xE8, 0x08, 0x00, 0x73, 0x02, 0x0C, 0x80, 0x88, 0x46, 0x00, 0xC3, 0x53, 0xB9, 0x80 ; t....s....F..S..
000FF70C  db 0x00, 0x57, 0x51, 0x53, 0xB9, 0x08, 0x00, 0x26, 0x8B, 0x05, 0x8A, 0xE8, 0x86, 0xE0, 0x80, 0x3E ; .WQS...&.......>
000FF71C  db 0x49, 0x04, 0x06, 0x74, 0x1A, 0x51, 0xB1, 0x08, 0xBE, 0x03, 0x00, 0x32, 0xED, 0x85, 0xC6, 0x74 ; I..t.Q.....2...t
000FF72C  db 0x01, 0xF9, 0xD0, 0xDD, 0xD1, 0xE6, 0xD1, 0xE6, 0xFE, 0xC9, 0x75, 0xF1, 0x58, 0x8A, 0xC8, 0x1E ; ..........u.X...
000FF73C  db 0x8E, 0xDA, 0x3A, 0x2F, 0x1F, 0x75, 0x20, 0xB8, 0x00, 0x20, 0xF6, 0xC1, 0x01, 0x74, 0x03, 0xB8 ; ..:/.u .. ...t..
000FF74C  db 0x50, 0xE0, 0x03, 0xF8, 0x43, 0xFE, 0xC9, 0x75, 0xBE, 0x58, 0x59, 0x5F, 0x5B, 0x2B, 0xC3, 0xD1 ; P...C..u.XY_[+..
000FF75C  db 0xE8, 0xD1, 0xE8, 0xD1, 0xE8, 0xF9, 0xC3, 0x5B, 0x59, 0x5F, 0x83, 0xC3, 0x08, 0xE2, 0xA2, 0x33 ; .......[Y_.....3
000FF76C  db 0xC0, 0x5B, 0xC3, 0xE8, 0x42, 0xFF, 0x26, 0x8A, 0x05, 0x22, 0xC4, 0xD2, 0xC0, 0x88, 0x46, 0x00 ; .[..B.&.."....F.
000FF77C  db 0xC3, 0x8B, 0x16, 0x63, 0x04, 0x83, 0xC2, 0x06, 0xEC, 0x24, 0x06, 0x3C, 0x02, 0x74, 0x08, 0x72 ; ...c.....$.<.t.r
000FF78C  db 0x02, 0x42, 0xEE, 0x33, 0xC0, 0xEB, 0x69, 0x83, 0xEA, 0x06, 0xB0, 0x10, 0xEE, 0x42, 0xEC, 0x8A ; .B.3..i......B..
000FF79C  db 0xE0, 0x4A, 0xB0, 0x11, 0xEE, 0x42, 0xEC, 0x83, 0xC2, 0x06, 0xEE, 0x33, 0xDB, 0x8A, 0x1E, 0x49 ; .J...B.....3...I
000FF7AC  db 0x04, 0x2E, 0x8A, 0x9F, 0x00, 0x38, 0x2B, 0xC3, 0x72, 0x0A, 0x8B, 0x0E, 0x4E, 0x04, 0xD1, 0xE9 ; .....8+.r...N...
000FF7BC  db 0x2B, 0xC1, 0x73, 0x02, 0x33, 0xC0, 0xD0, 0xEB, 0xFE, 0xCB, 0xB3, 0x28, 0x74, 0x02, 0xD0, 0xE3 ; +.s.3......(t...
000FF7CC  db 0xF6, 0xF3, 0x8A, 0xE8, 0xD0, 0xE5, 0x8A, 0xD4, 0x80, 0x3E, 0x49, 0x04, 0x06, 0x75, 0x02, 0xD0 ; .........>I..u..
000FF7DC  db 0xE2, 0xE8, 0x86, 0xFC, 0xB1, 0x02, 0x72, 0x02, 0xD2, 0xE5, 0x33, 0xDB, 0x8A, 0xDA, 0x41, 0xD3 ; ......r...3...A.
000FF7EC  db 0xE3, 0x8A, 0xF5, 0xD2, 0xEE, 0x89, 0x56, 0x06, 0x88, 0x6E, 0x05, 0x89, 0x5E, 0x02, 0xB0, 0x01 ; ......V..n..^...
000FF7FC  db 0x88, 0x46, 0x01, 0xC3, 0x02, 0x02, 0x04, 0x04, 0x02, 0x02, 0x02, 0x04, 0x00, 0x08, 0x00, 0x08 ; .F..............
000FF80C  db 0x00, 0x10, 0x00, 0x10, 0x00, 0x40, 0x00, 0x40, 0x00, 0x40, 0x00, 0x10, 0x28, 0x28, 0x29, 0x29 ; .....@.@.@..(())
000FF81C  db 0x0A, 0x0E, 0x1A, 0x29, 0x00, 0x00, 0x00, 0x00, 0x00, 0x00, 0x00, 0x00, 0x00, 0x00, 0x00, 0x00 ; ...)............
000FF82C  db 0x00, 0x00, 0x00, 0x00, 0x00, 0x00, 0x00, 0x00, 0x00, 0x00, 0x00, 0x00, 0x00, 0x00, 0x00, 0x00 ; ................
000FF83C  db 0x00, 0x00, 0x00, 0x00, 0x00, 0xEA, 0xCE, 0x0B, 0x00, 0xFC, 0x00, 0x00, 0x00, 0x00, 0x00, 0x00 ; ................
000FF84C  db 0x00, 0xEA, 0xD8, 0x0B, 0x00, 0xFC, 0x8A, 0x02, 0x03, 0x00, 0x5C, 0x4C, 0x61, 0x73, 0x74, 0x20 ; ..........\Last 
000FF85C  db 0x75, 0x73, 0x65, 0x64, 0x20, 0x61, 0x74, 0x20, 0x8A, 0x5C, 0x07, 0x00, 0x02, 0x03, 0x8B, 0x74 ; used at .\.....t
000FF86C  db 0x69, 0x6D, 0x65, 0x20, 0x61, 0x6E, 0x64, 0x20, 0x64, 0x61, 0x74, 0x65, 0x8B, 0x75, 0x73, 0x65 ; ime and date.use
000FF87C  db 0x72, 0x20, 0x6F, 0x70, 0x74, 0x69, 0x6F, 0x6E, 0x73, 0x20, 0x28, 0x69, 0x66, 0x20, 0x72, 0x65 ; r options (if re
000FF88C  db 0x71, 0x75, 0x69, 0x72, 0x65, 0x64, 0x29, 0x5C, 0x07, 0x07, 0x07, 0x00, 0x8F, 0x66, 0x69, 0x74 ; quired)\.....fit
000FF89C  db 0x20, 0x6E, 0x65, 0x77, 0x20, 0x62, 0x61, 0x74, 0x74, 0x65, 0x72, 0x69, 0x65, 0x73, 0x5C, 0x00 ;  new batteries\.
; string: "\Check keyboard and mouse"
000FF8AC  db 0x5C, 0x43, 0x68, 0x65, 0x63, 0x6B, 0x20, 0x6B, 0x65, 0x79, 0x62, 0x6F, 0x61, 0x72, 0x64, 0x20 ; \Check keyboard 
000FF8BC  db 0x61, 0x6E, 0x64, 0x20, 0x6D, 0x6F, 0x75, 0x73, 0x65, 0x00, 0x5C, 0x49, 0x6E, 0x73, 0x65, 0x72 ; and mouse.\Inser
000FF8CC  db 0x74, 0x20, 0x61, 0x20, 0x8C, 0x64, 0x69, 0x73, 0x6B, 0x20, 0x69, 0x6E, 0x74, 0x6F, 0x8E, 0x20 ; t a .disk into. 
000FF8DC  db 0x41, 0x5C, 0x54, 0x68, 0x65, 0x6E, 0x20, 0x70, 0x72, 0x65, 0x73, 0x73, 0x20, 0x61, 0x6E, 0x79 ; A\Then press any
000FF8EC  db 0x20, 0x6B, 0x65, 0x79, 0x00, 0x5C, 0x02, 0x10, 0x3A, 0x02, 0x1B, 0x61, 0x6C, 0x02, 0x1D, 0x20 ;  key.\..:..al.. 
000FF8FC  db 0x69, 0x6E, 0x63, 0x6F, 0x72, 0x72, 0x65, 0x63, 0x74, 0x3A, 0x5C, 0x52, 0x4F, 0x4D, 0x20, 0x61 ; incorrect:\ROM a
000FF90C  db 0x64, 0x64, 0x72, 0x65, 0x73, 0x73, 0x20, 0x3D, 0x20, 0x10, 0x5C, 0x00, 0x02, 0x10, 0x3A, 0x20 ; ddress = .\...: 
000FF91C  db 0x46, 0x61, 0x75, 0x6C, 0x74, 0x79, 0x20, 0x00, 0x8C, 0x52, 0x41, 0x4D, 0x00, 0x56, 0x44, 0x55 ; Faulty ..RAM.VDU
000FF92C  db 0x20, 0x52, 0x41, 0x4D, 0x00, 0x02, 0x20, 0x02, 0x1F, 0x00, 0x02, 0x1E, 0x02, 0x1F, 0x00, 0x66 ;  RAM.. ........f
000FF93C  db 0x6C, 0x6F, 0x70, 0x70, 0x79, 0x8D, 0x02, 0x1F, 0x20, 0x6F, 0x72, 0x8D, 0x8E, 0x00, 0x02, 0x11 ; loppy... or.....
000FF94C  db 0x20, 0x02, 0x12, 0x00, 0x8C, 0x02, 0x14, 0x20, 0x02, 0x15, 0x00, 0x02, 0x17, 0x20, 0x74, 0x69 ;  ...... ..... ti
000FF95C  db 0x6D, 0x65, 0x20, 0x63, 0x6C, 0x6F, 0x63, 0x6B, 0x00, 0x56, 0x44, 0x55, 0x02, 0x1F, 0x00, 0x8C ; me clock.VDU....
000FF96C  db 0x02, 0x18, 0x02, 0x1A, 0x00, 0x8C, 0x73, 0x65, 0x72, 0x69, 0x61, 0x6C, 0x02, 0x1A, 0x00, 0x6D ; ......serial...m
000FF97C  db 0x6F, 0x75, 0x73, 0x65, 0x20, 0x63, 0x6F, 0x6F, 0x72, 0x64, 0x69, 0x6E, 0x61, 0x74, 0x65, 0x20 ; ouse coordinate 
000FF98C  db 0x02, 0x15, 0x73, 0x00, 0x52, 0x4F, 0x53, 0x02, 0x1D, 0x00, 0x6D, 0x65, 0x6D, 0x6F, 0x72, 0x79 ; ..s.ROS...memory
000FF99C  db 0x20, 0x28, 0x70, 0x61, 0x72, 0x69, 0x74, 0x79, 0x20, 0x65, 0x72, 0x72, 0x6F, 0x72, 0x29, 0x00 ;  (parity error).
000FF9AC  db 0x8F, 0x77, 0x61, 0x69, 0x74, 0x00, 0x02, 0x04, 0x79, 0x00, 0x02, 0x05, 0x79, 0x00, 0x4D, 0x61 ; .wait...y...y.Ma
000FF9BC  db 0x72, 0x63, 0x68, 0x00, 0x02, 0x09, 0x00, 0x4D, 0x61, 0x79, 0x00, 0x4A, 0x75, 0x6E, 0x65, 0x00 ; rch....May.June.
; string: "July"
000FF9CC  db 0x4A, 0x75, 0x6C, 0x79, 0x00, 0x02, 0x0A, 0x00, 0x02, 0x0B, 0x00, 0x4F, 0x63, 0x74, 0x6F, 0x62 ; July.......Octob
000FF9DC  db 0x65, 0x72, 0x00, 0x02, 0x0D, 0x00, 0x02, 0x0E, 0x00, 0x11, 0x3A, 0x12, 0x20, 0x6F, 0x6E, 0x20 ; er........:. on 
000FF9EC  db 0x13, 0x20, 0x0F, 0x20, 0x14, 0x00, 0x5C, 0x8F, 0x73, 0x65, 0x74, 0x20, 0x00, 0x53, 0x59, 0x53 ; . . ..\.set .SYS
000FF9FC  db 0x54, 0x45, 0x4D, 0x20, 0x00, 0x20, 0x64, 0x69, 0x73, 0x6B, 0x00, 0x20, 0x64, 0x72, 0x69, 0x76 ; TEM . disk. driv
000FFA0C  db 0x65, 0x00, 0x50, 0x6C, 0x65, 0x61, 0x73, 0x65, 0x20, 0x00, 0x00, 0x00, 0x00, 0x00, 0x00, 0x00 ; e.Please .......
000FFA1C  db 0x00, 0x00, 0x00, 0x00, 0x00, 0x00, 0x00, 0x00, 0x00, 0x00, 0x00, 0x00, 0x00, 0x00, 0x00, 0x00 ; ................
000FFA2C  db 0x00, 0x00, 0x00, 0x00, 0x00, 0x00, 0x00, 0x00, 0x00, 0x00, 0x00, 0x00, 0x00, 0x00, 0x00, 0x00 ; ................
000FFA3C  db 0x00, 0x00, 0x00, 0x00, 0x00, 0x00, 0x00, 0x00, 0x00, 0x00, 0x00, 0x00, 0x00, 0x00, 0x00, 0x00 ; ................
000FFA4C  db 0x00, 0x00, 0x00, 0x00, 0x00, 0x00, 0x00, 0x00, 0x00, 0x00, 0x00, 0x00, 0x00, 0x00, 0x00, 0x00 ; ................
000FFA5C  db 0x00, 0x00, 0x00, 0x00, 0x00, 0x00, 0x00, 0x00, 0x00, 0x00, 0x00, 0x00, 0x00, 0x00, 0x00, 0x00 ; ................
000FFA6C  db 0x00, 0x00, 0x00, 0x00, 0x00, 0x00, 0x00, 0x00, 0x00, 0x00, 0x7E, 0xC3, 0xA5, 0x81, 0xA5, 0x99 ; ..........~.....
000FFA7C  db 0xC3, 0x7E, 0x7E, 0xFF, 0xDB, 0xFF, 0xDB, 0xE7, 0xFF, 0x7E, 0x00, 0x6C, 0xFE, 0xFE, 0x7C, 0x38 ; .~~......~.l..|8
000FFA8C  db 0x10, 0x00, 0x00, 0x10, 0x38, 0x7C, 0xFE, 0x7C, 0x38, 0x10, 0x00, 0x38, 0x38, 0xD6, 0xFE, 0xD6 ; ....8|.|8..88...
000FFA9C  db 0x10, 0x38, 0x00, 0x10, 0x38, 0x7C, 0xFE, 0xD6, 0x10, 0x38, 0x00, 0x00, 0x18, 0x3C, 0x3C, 0x18 ; .8..8|...8...<<.
000FFAAC  db 0x00, 0x00, 0xFF, 0xFF, 0xE7, 0xC3, 0xC3, 0xE7, 0xFF, 0xFF, 0x00, 0x3C, 0x66, 0x42, 0x42, 0x66 ; ...........<fBBf
000FFABC  db 0x3C, 0x00, 0xFF, 0xC3, 0x99, 0xBD, 0xBD, 0x99, 0xC3, 0xFF, 0x0F, 0x07, 0x0F, 0x7D, 0xCC, 0xCC ; <............}..
000FFACC  db 0xCC, 0x78, 0x3C, 0x66, 0x66, 0x66, 0x3C, 0x18, 0x7E, 0x18, 0x30, 0x38, 0x3C, 0x34, 0x30, 0xD0 ; .x<fff<.~.08<40.
000FFADC  db 0xF0, 0x60, 0x3F, 0x33, 0x3F, 0x33, 0x33, 0xDD, 0xFF, 0x66, 0x99, 0x5A, 0x24, 0xC3, 0xC3, 0x24 ; .`?3?33..f.Z$..$
000FFAEC  db 0x5A, 0x99, 0x40, 0x70, 0x7C, 0x7E, 0x7C, 0x70, 0x40, 0x00, 0x02, 0x0E, 0x3E, 0x7E, 0x3E, 0x0E ; Z.@p|~|p@...>~>.
000FFAFC  db 0x02, 0x00, 0x18, 0x3C, 0x7E, 0x18, 0x18, 0x7E, 0x3C, 0x18, 0x6C, 0x6C, 0x6C, 0x6C, 0x6C, 0x00 ; ...<~..~<.lllll.
000FFB0C  db 0x6C, 0x00, 0x7E, 0xF4, 0xF4, 0x74, 0x34, 0x34, 0x34, 0x00, 0x3C, 0x60, 0x38, 0x6C, 0x6C, 0x38 ; l.~..t444.<`8ll8
000FFB1C  db 0x0C, 0x78, 0x00, 0x00, 0x00, 0x00, 0x7E, 0x7E, 0x7E, 0x00, 0x18, 0x3C, 0x7E, 0x18, 0x7E, 0x3C ; .x....~~~..<~.~<
000FFB2C  db 0x18, 0x7E, 0x18, 0x3C, 0x7E, 0x18, 0x18, 0x18, 0x18, 0x18, 0x18, 0x18, 0x18, 0x18, 0x18, 0x7E ; .~.<~..........~
000FFB3C  db 0x3C, 0x18, 0x00, 0x04, 0x06, 0xFF, 0xFF, 0x06, 0x04, 0x00, 0x00, 0x20, 0x60, 0xFF, 0xFF, 0x60 ; <.......... `..`
000FFB4C  db 0x20, 0x00, 0x00, 0x60, 0x60, 0x60, 0x60, 0x7E, 0x00, 0x00, 0x00, 0x24, 0x66, 0xFF, 0xFF, 0x66 ;  ..````~...$f..f
000FFB5C  db 0x24, 0x00, 0x00, 0x08, 0x1C, 0x3E, 0x7F, 0x7F, 0x7F, 0x00, 0x00, 0x7F, 0x7F, 0x7F, 0x3E, 0x1C ; $....>........>.
000FFB6C  db 0x08, 0x00, 0x00, 0x00, 0x00, 0x00, 0x00, 0x00, 0x00, 0x00, 0x18, 0x18, 0x18, 0x18, 0x18, 0x00 ; ................
000FFB7C  db 0x18, 0x00, 0x6C, 0x6C, 0x6C, 0x00, 0x00, 0x00, 0x00, 0x00, 0x6C, 0x6C, 0xFE, 0x6C, 0xFE, 0x6C ; ..lll.....ll.l.l
000FFB8C  db 0x6C, 0x00, 0x18, 0x3E, 0x58, 0x3C, 0x1A, 0x7C, 0x18, 0x00, 0x00, 0x63, 0x66, 0x0C, 0x18, 0x33 ; l..>X<.|...cf..3
000FFB9C  db 0x63, 0x00, 0x1C, 0x36, 0x1C, 0x3B, 0x6E, 0x66, 0x3B, 0x00, 0x18, 0x18, 0x30, 0x00, 0x00, 0x00 ; c..6.;nf;...0...
000FFBAC  db 0x00, 0x00, 0x0C, 0x18, 0x30, 0x30, 0x30, 0x18, 0x0C, 0x00, 0x30, 0x18, 0x0C, 0x0C, 0x0C, 0x18 ; ....000...0.....
000FFBBC  db 0x30, 0x00, 0x00, 0x66, 0x3C, 0xFF, 0x3C, 0x66, 0x00, 0x00, 0x00, 0x18, 0x18, 0x7E, 0x18, 0x18 ; 0..f<.<f.....~..
000FFBCC  db 0x00, 0x00, 0x00, 0x00, 0x00, 0x00, 0x00, 0x18, 0x18, 0x30, 0x00, 0x00, 0x00, 0x7E, 0x00, 0x00 ; .........0...~..
000FFBDC  db 0x00, 0x00, 0x00, 0x00, 0x00, 0x00, 0x00, 0x18, 0x18, 0x00, 0x06, 0x0C, 0x18, 0x30, 0x60, 0xC0 ; .............0`.
000FFBEC  db 0x80, 0x00, 0x7C, 0xC6, 0xCE, 0xD6, 0xE6, 0xC6, 0x7C, 0x00, 0x18, 0x38, 0x18, 0x18, 0x18, 0x18 ; ..|.....|..8....
000FFBFC  db 0x18, 0x00, 0x3C, 0x66, 0x06, 0x0C, 0x18, 0x30, 0x7E, 0x00, 0x3C, 0x66, 0x06, 0x1C, 0x06, 0x66 ; ..<f...0~.<f...f
000FFC0C  db 0x3C, 0x00, 0x1C, 0x3C, 0x6C, 0xCC, 0xFE, 0x0C, 0x0C, 0x00, 0x7E, 0x60, 0x7C, 0x06, 0x06, 0x66 ; <..<l.....~`|..f
000FFC1C  db 0x3C, 0x00, 0x3C, 0x66, 0x60, 0x7C, 0x66, 0x66, 0x3C, 0x00, 0x7E, 0x06, 0x06, 0x0C, 0x18, 0x18 ; <.<f`|ff<.~.....
000FFC2C  db 0x18, 0x00, 0x3C, 0x66, 0x66, 0x3C, 0x66, 0x66, 0x3C, 0x00, 0x3C, 0x66, 0x66, 0x3E, 0x0C, 0x18 ; ..<ff<ff<.<ff>..
000FFC3C  db 0x30, 0x00, 0x00, 0x00, 0x18, 0x18, 0x00, 0x18, 0x18, 0x00, 0x00, 0x00, 0x18, 0x18, 0x00, 0x18 ; 0...............
000FFC4C  db 0x18, 0x30, 0x0C, 0x18, 0x30, 0x60, 0x30, 0x18, 0x0C, 0x00, 0x00, 0x00, 0x7E, 0x00, 0x00, 0x7E ; .0..0`0.....~..~
000FFC5C  db 0x00, 0x00, 0x60, 0x30, 0x18, 0x0C, 0x18, 0x30, 0x60, 0x00, 0x3C, 0x66, 0x06, 0x0C, 0x18, 0x00 ; ..`0...0`.<f....
000FFC6C  db 0x18, 0x00, 0x7C, 0xC6, 0xDE, 0xDE, 0xDE, 0xC0, 0x7C, 0x00, 0x38, 0x6C, 0xC6, 0xC6, 0xFE, 0xC6 ; ..|.....|.8l....
000FFC7C  db 0xC6, 0x00, 0xFC, 0xC6, 0xC6, 0xFC, 0xC6, 0xC6, 0xFC, 0x00, 0x3C, 0x66, 0xC0, 0xC0, 0xC0, 0x66 ; ..........<f...f
000FFC8C  db 0x3C, 0x00, 0xF8, 0xCC, 0xC6, 0xC6, 0xC6, 0xCC, 0xF8, 0x00, 0xFE, 0xC0, 0xC0, 0xF8, 0xC0, 0xC0 ; <...............
000FFC9C  db 0xFE, 0x00, 0xFE, 0xC0, 0xC0, 0xF8, 0xC0, 0xC0, 0xC0, 0x00, 0x3C, 0x66, 0xC0, 0xC0, 0xCE, 0x66 ; ..........<f...f
000FFCAC  db 0x3E, 0x00, 0xC6, 0xC6, 0xC6, 0xFE, 0xC6, 0xC6, 0xC6, 0x00, 0x78, 0x30, 0x30, 0x30, 0x30, 0x30 ; >.........x00000
000FFCBC  db 0x78, 0x00, 0x06, 0x06, 0x06, 0x06, 0xC6, 0xC6, 0x7C, 0x00, 0xC6, 0xCC, 0xD8, 0xF0, 0xD8, 0xCC ; x.......|.......
000FFCCC  db 0xC6, 0x00, 0xC0, 0xC0, 0xC0, 0xC0, 0xC0, 0xC0, 0xFE, 0x00, 0xC6, 0xEE, 0xFE, 0xD6, 0xC6, 0xC6 ; ................
000FFCDC  db 0xC6, 0x00, 0xC6, 0xE6, 0xF6, 0xDE, 0xCE, 0xC6, 0xC6, 0x00, 0x38, 0x6C, 0xC6, 0xC6, 0xC6, 0x6C ; ..........8l...l
000FFCEC  db 0x38, 0x00, 0xFC, 0xC6, 0xC6, 0xFC, 0xC0, 0xC0, 0xC0, 0x00, 0x38, 0x6C, 0xC6, 0xC6, 0xDA, 0x6C ; 8.........8l...l
000FFCFC  db 0x36, 0x00, 0xFC, 0xC6, 0xC6, 0xFC, 0xCC, 0xC6, 0xC6, 0x00, 0x7C, 0xC6, 0xC0, 0x7C, 0x06, 0xC6 ; 6.........|..|..
000FFD0C  db 0x7C, 0x00, 0xFC, 0x30, 0x30, 0x30, 0x30, 0x30, 0x30, 0x00, 0xC6, 0xC6, 0xC6, 0xC6, 0xC6, 0xC6 ; |..000000.......
000FFD1C  db 0x7C, 0x00, 0xC6, 0xC6, 0xC6, 0xC6, 0xC6, 0x6C, 0x38, 0x00, 0xC6, 0xC6, 0xC6, 0xD6, 0xFE, 0xEE ; |......l8.......
000FFD2C  db 0xC6, 0x00, 0xC6, 0xC6, 0x6C, 0x38, 0x6C, 0xC6, 0xC6, 0x00, 0x66, 0x66, 0x66, 0x3C, 0x18, 0x18 ; ....l8l...fff<..
000FFD3C  db 0x18, 0x00, 0xFE, 0x06, 0x0C, 0x18, 0x30, 0x60, 0xFE, 0x00, 0x3C, 0x30, 0x30, 0x30, 0x30, 0x30 ; ......0`..<00000
000FFD4C  db 0x3C, 0x00, 0xC0, 0x60, 0x30, 0x18, 0x0C, 0x06, 0x02, 0x00, 0x3C, 0x0C, 0x0C, 0x0C, 0x0C, 0x0C ; <..`0.....<.....
000FFD5C  db 0x3C, 0x00, 0x08, 0x1C, 0x36, 0x63, 0x00, 0x00, 0x00, 0x00, 0x00, 0x00, 0x00, 0x00, 0x00, 0x00 ; <...6c..........
000FFD6C  db 0x00, 0xFF, 0x30, 0x18, 0x0C, 0x00, 0x00, 0x00, 0x00, 0x00, 0x00, 0x00, 0x7C, 0x06, 0x7E, 0xC6 ; ..0.........|.~.
000FFD7C  db 0x7E, 0x00, 0xC0, 0xC0, 0xFC, 0xC6, 0xC6, 0xC6, 0xFC, 0x00, 0x00, 0x00, 0x7C, 0xC6, 0xC0, 0xC6 ; ~...........|...
000FFD8C  db 0x7C, 0x00, 0x06, 0x06, 0x7E, 0xC6, 0xC6, 0xC6, 0x7E, 0x00, 0x00, 0x00, 0x7C, 0xC6, 0xFE, 0xC0 ; |...~...~...|...
000FFD9C  db 0x7C, 0x00, 0x3C, 0x66, 0x60, 0xF8, 0x60, 0x60, 0x60, 0x00, 0x00, 0x00, 0x7E, 0xC6, 0xC6, 0x7E ; |.<f`.```...~..~
000FFDAC  db 0x06, 0xFC, 0xC0, 0xC0, 0xFC, 0xC6, 0xC6, 0xC6, 0xC6, 0x00, 0x18, 0x00, 0x18, 0x18, 0x18, 0x18 ; ................
000FFDBC  db 0x18, 0x00, 0x0C, 0x00, 0x0C, 0x0C, 0x0C, 0x0C, 0xCC, 0x78, 0xC0, 0xC0, 0xC6, 0xCC, 0xF8, 0xCC ; .........x......
000FFDCC  db 0xC6, 0x00, 0x18, 0x18, 0x18, 0x18, 0x18, 0x18, 0x18, 0x00, 0x00, 0x00, 0x6C, 0xFE, 0xD6, 0xC6 ; ............l...
000FFDDC  db 0xC6, 0x00, 0x00, 0x00, 0xFC, 0xC6, 0xC6, 0xC6, 0xC6, 0x00, 0x00, 0x00, 0x7C, 0xC6, 0xC6, 0xC6 ; ............|...
000FFDEC  db 0x7C, 0x00, 0x00, 0x00, 0xFC, 0xC6, 0xC6, 0xFC, 0xC0, 0xC0, 0x00, 0x00, 0x7E, 0xC6, 0xC6, 0x7E ; |...........~..~
000FFDFC  db 0x06, 0x06, 0x00, 0x00, 0xFC, 0xC6, 0xC0, 0xC0, 0xC0, 0x00, 0x00, 0x00, 0x7C, 0xC0, 0x7C, 0x06 ; ............|.|.
000FFE0C  db 0xFC, 0x00, 0x60, 0x60, 0xFC, 0x60, 0x60, 0x66, 0x3C, 0x00, 0x00, 0x00, 0xC6, 0xC6, 0xC6, 0xC6 ; ..``.``f<.......
000FFE1C  db 0x7E, 0x00, 0x00, 0x00, 0xC6, 0xC6, 0xC6, 0x6C, 0x38, 0x00, 0x00, 0x00, 0xC6, 0xC6, 0xD6, 0xFE ; ~......l8.......
000FFE2C  db 0x6C, 0x00, 0x00, 0x00, 0xC6, 0x6C, 0x38, 0x6C, 0xC6, 0x00, 0x00, 0x00, 0xC6, 0xC6, 0xC6, 0x7E ; l....l8l.......~
000FFE3C  db 0x06, 0xFC, 0x00, 0x00, 0x7E, 0x0C, 0x18, 0x30, 0x7E, 0x00, 0x0E, 0x18, 0x18, 0x70, 0x18, 0x18 ; ....~..0~....p..
000FFE4C  db 0x0E, 0x00, 0x18, 0x18, 0x18, 0x00, 0x18, 0x18, 0x18, 0x00, 0x70, 0x18, 0x18, 0x0E, 0x18, 0x18 ; ..........p.....
000FFE5C  db 0x70, 0x00, 0x32, 0x4C, 0x00, 0x00, 0x00, 0x00, 0x00, 0x00, 0x00, 0x18, 0x3C, 0x66, 0xC3, 0xC3 ; p.2L........<f..
000FFE6C  db 0xFF, 0x00, 0xEA, 0xD6, 0x0C, 0x00, 0xFC, 0x00, 0x00, 0x00, 0x00, 0x00, 0x00, 0x00, 0x00, 0x00 ; ................
000FFE7C  db 0x00, 0x00, 0x00, 0x00, 0x00, 0x00, 0x00, 0x00, 0x00, 0x00, 0x00, 0x00, 0x00, 0x00, 0x00, 0x00 ; ................
000FFE8C  db 0x00, 0x00, 0x00, 0x00, 0x00, 0x00, 0x00, 0x00, 0x00, 0x00, 0x00, 0x00, 0x00, 0x00, 0x00, 0x00 ; ................
000FFE9C  db 0x00, 0x00, 0x00, 0x00, 0x00, 0x00, 0x00, 0x00, 0x00, 0xEA, 0x24, 0x0D, 0x00, 0xFC, 0x2E, 0x27 ; ..........$....'
; ---- Display error (FC00:3EAC) ----
000FFEAC  E8 D1 D7             call   0xfd680 ; call 0xd680
000FFEAF  CB                   retf ; return
; ---- Report faulty hardware (FC00:3EB0) ----
000FFEB0  BA AF 3E             mov    dx, 0x3eaf ; dx = 0x3eaf
000FFEB3  E9 43 D9             jmp    0xfd7f9 ; jump 0xd7f9
000FFEB6  db 0x00, 0x2E, 0xAD, 0x8E, 0xC0, 0x8B, 0xD6, 0xBE, 0x6E, 0x3A, 0xB1, 0x04, 0x2E, 0xAD, 0xAB, 0xE2 ; ........n:......
000FFEC6  db 0xFB, 0x33, 0xC0, 0xB1, 0x0C, 0xF3, 0xAB, 0x81, 0xFF, 0x00, 0x10, 0x72, 0xED, 0x8B, 0xF2, 0xB6 ; .3.........r....
000FFED6  db 0x03, 0xC3, 0x2E, 0xAD, 0x8B, 0xC8, 0xB8, 0x20, 0x07, 0xF3, 0xAB, 0xB2, 0xC0, 0xB0, 0x20, 0xEE ; ....... ...... .
000FFEE6  db 0x2E, 0xAC, 0xFF, 0xE3, 0xBA, 0xC0, 0x03, 0x32, 0xC0, 0xEE, 0xEE, 0xC3, 0x00, 0x4D, 0x3F, 0x4D ; .......2.....M?M
000FFEF6  db 0x3F, 0xBF, 0x17, 0x4D, 0x3F, 0x4D, 0x3F, 0x34, 0x0F, 0x2F, 0x13, 0x4D, 0x3F, 0x24, 0x0D, 0x5F ; ?..M?M?4./.M?$._
000FFF06  db 0x11, 0x47, 0x3F, 0x47, 0x3F, 0x47, 0x3F, 0x47, 0x3F, 0x57, 0x2F, 0x47, 0x3F, 0x65, 0x30, 0xD8 ; .G?G?G?G?W/G?e0.
000FFF16  db 0x0B, 0xCE, 0x0B, 0x59, 0x2C, 0xAC, 0x0F, 0xE2, 0x0B, 0x00, 0x11, 0xB3, 0x0E, 0x2D, 0x0B, 0xE5 ; ...Y,........-..
000FFF26  db 0x0A, 0xD6, 0x0C, 0x4D, 0x3F, 0x4D, 0x3F, 0xA4, 0x30, 0xC7, 0x2F, 0x00, 0x00, 0x00, 0x00, 0x00 ; ...M?M?.0./.....
000FFF36  db 0x00, 0x00, 0x00, 0x00, 0x00, 0x00, 0x00, 0x00, 0x00, 0x00, 0x00, 0x00, 0x00, 0x00, 0x00, 0x00 ; ................
000FFF46  db 0x00 ; .
; ---- Vector INT 0F (LPT1 (IRQ7)) ----
000FFF47  50                   push   ax ; push ax
000FFF48  B0 20                mov    al, 0x20 ; al = 0x20
000FFF4A  E6 20                out    0x20, al ; IO[PIC1_CMD] = al
000FFF4C  58                   pop    ax ; pop -> ax
; ---- Vector INT 1C (User Timer Tick) ----
000FFF4D  CF                   iret                       
000FFF4E  db 0x00, 0x00, 0x00, 0x00, 0x00, 0x00, 0xEA, 0x34, 0x0F, 0x00, 0xFC, 0xFD, 0x26, 0xF7, 0x26, 0xF7 ; .......4....&.&.
000FFF5E  db 0x26, 0xFD, 0x26, 0xFD, 0x26, 0xF7, 0x26, 0xF7, 0x26, 0xFD, 0x26, 0x02, 0x27, 0xB7, 0x3E, 0xFD ; &.&.&.&.&.&.'.>.
000FFF6E  db 0x26, 0xFD, 0x26, 0xD8, 0x3E, 0x05, 0xC4, 0x00, 0x01, 0x01, 0x04, 0x00, 0x07, 0x23, 0xC2, 0x00 ; &.&.>........#..
000FFF7E  db 0xDA, 0x01, 0xC4, 0x00, 0x03, 0x19, 0xD4, 0x00, 0x70, 0x4F, 0x5C, 0x2F, 0x5F, 0x07, 0x04, 0x11 ; ........pO\/_...
000FFF8E  db 0x00, 0x07, 0x06, 0x00, 0x00, 0x00, 0x00, 0x00, 0xE1, 0x24, 0xC7, 0x28, 0x08, 0xE0, 0xF0, 0xA3 ; .........$.(....
000FFF9E  db 0xFF, 0x00, 0xCC, 0x01, 0xCA, 0x09, 0xCE, 0x00, 0x00, 0x00, 0x00, 0x00, 0x00, 0x00, 0x0C, 0x00 ; ................
000FFFAE  db 0xFF, 0xDA, 0x14, 0xC0, 0x00, 0x00, 0x01, 0x02, 0x03, 0x04, 0x05, 0x06, 0x07, 0x10, 0x11, 0x12 ; ................
000FFFBE  db 0x13, 0x14, 0x15, 0x16, 0x17, 0x08, 0x00, 0x0F, 0x00, 0x00, 0xB8, 0x03, 0xC4, 0x02, 0x03, 0x00 ; ................
000FFFCE  db 0x03, 0x02, 0xCE, 0x05, 0x10, 0x0E, 0x00, 0x20, 0x07, 0x00, 0x00, 0x00, 0x00, 0x00, 0x00, 0x00 ; ....... ........
000FFFDE  db 0x00, 0x00, 0x00, 0x00, 0x00, 0x00, 0x00, 0x00, 0x00, 0x00, 0x00, 0x00, 0x00, 0x00, 0x00, 0x00 ; ................
000FFFEE  db 0x00, 0x00 ; ..
; ---- Reset vector ----
000FFFF0  EA 5B 20 00 FC       ljmp   0xfc00:0x205b ; jump 0xfc00
000FFFF5  db 0x07, 0x00, 0x00, 0x00, 0x00, 0x00, 0x00, 0x00, 0x00, 0xFF, 0xFF ; ...........
