; Video option ROM (code + data).
; ROM header: 0xC0000 = 0x55 0xAA, size byte 0x20 -> 16 KiB.
; ROM header jump at 0xC0003 targets entry 0xC143F.
; File: /home/gatekeeper/.pcem/roms/pc1640/decompiled/video/40100_rom.bin
; Base: 0xC0000

000C0000  db 0x55, 0xAA, 0x20, 0xE9, 0x39, 0x14, 0x2A, 0x45, 0x4E, 0x48, 0x41, 0x4E, 0x43, 0x45, 0x44, 0x20 ; U. .9.*ENHANCED 
000C0010  db 0x47, 0x52, 0x41, 0x50, 0x48, 0x49, 0x43, 0x53, 0x20, 0x57, 0x49, 0x54, 0x48, 0x20, 0x49, 0x42 ; GRAPHICS WITH IB
000C0020  db 0x4D, 0x20, 0x43, 0x4F, 0x4D, 0x50, 0x41, 0x54, 0x49, 0x42, 0x49, 0x4C, 0x49, 0x54, 0x59, 0x20 ; M COMPATIBILITY 
000C0030  db 0x20, 0x26, 0x43, 0x4F, 0x50, 0x59, 0x52, 0x49, 0x47, 0x48, 0x54, 0x20, 0x50, 0x41, 0x52, 0x41 ;  &COPYRIGHT PARA
000C0040  db 0x44, 0x49, 0x53, 0x45, 0x20, 0x53, 0x59, 0x53, 0x54, 0x45, 0x4D, 0x53, 0x2C, 0x20, 0x49, 0x4E ; DISE SYSTEMS, IN
000C0050  db 0x43, 0x2E, 0x20, 0x31, 0x39, 0x38, 0x36, 0x20, 0x1C, 0x50, 0x45, 0x47, 0x41, 0x20, 0x42, 0x49 ; C. 1986 .PEGA BI
000C0060  db 0x4F, 0x53, 0x20, 0x56, 0x45, 0x52, 0x53, 0x49, 0x4F, 0x4E, 0x20, 0x32, 0x2E, 0x30, 0x31, 0x35 ; OS VERSION 2.015
000C0070  db 0x20, 0x20, 0x52, 0x4B, 0x47, 0x00, 0x26, 0x28, 0x43, 0x29, 0x20, 0x43, 0x4F, 0x50, 0x59, 0x52 ;   RKG.&(C) COPYR
000C0080  db 0x49, 0x47, 0x48, 0x54, 0x20, 0x41, 0x4D, 0x53, 0x54, 0x52, 0x41, 0x44, 0x20, 0x50, 0x4C, 0x43 ; IGHT AMSTRAD PLC
000C0090  db 0x2E, 0x20, 0x31, 0x39, 0x38, 0x37, 0x20, 0x20, 0x32, 0x35, 0x30, 0x33, 0x20, 0x40, 0x20, 0x00 ; . 1987  2503 @ .
000C00A0  db 0xC0, 0x00, 0x00, 0x00, 0x00, 0x00, 0x00, 0x00, 0x00, 0x00, 0x00, 0x00, 0x00, 0x00, 0x00, 0x00 ; ................
000C00B0  db 0x00, 0x00, 0x00, 0x00, 0x00, 0x00, 0x00, 0x00, 0x00, 0xD0, 0xE0, 0xE0, 0xE0, 0x71, 0xB1, 0x70 ; .............q.p
000C00C0  db 0xB0, 0xB0, 0xB0, 0xD1, 0xE1, 0x00, 0x00, 0x10, 0x10, 0x20, 0x20, 0x20, 0x30, 0x2C, 0x28, 0x2D ; .........   0,(-
000C00D0  db 0x29, 0x2A, 0x2E, 0x1E, 0x29, 0x08, 0x08, 0x10, 0x10, 0x40, 0x40, 0x40, 0x10, 0x03, 0x03, 0x05 ; )*..)....@@@....
000C00E0  db 0x05, 0x03, 0x03, 0x03, 0x04, 0x06, 0x06, 0x07, 0x07, 0x05, 0x05, 0x04, 0x05, 0x00, 0x00, 0x00 ; ................
000C00F0  db 0x00, 0x00, 0x05, 0x06, 0x04, 0x04 ; ......
000C00F6  EE                   out    dx, al ; IO[dx] = al
000C00F7  C3                   ret ; return
000C00F8  EC                   in     al, dx ; al = IO[dx]
000C00F9  C3                   ret ; return
000C00FA  E8 F9 FF             call   0xc00f6              ; call 0xf6
000C00FD  42                   inc    dx ; dx++ ; flags (CF unchanged)
000C00FE  86 C4                xchg   ah, al ; swap ah <-> al
000C0100  E8 F3 FF             call   0xc00f6 ; call 0xf6
000C0103  4A                   dec    dx ; dx-- ; flags (CF unchanged)
000C0104  86 C4                xchg   ah, al ; swap ah <-> al
000C0106  C3                   ret ; return
000C0107  db 0xBA, 0x78, 0x02, 0x9C, 0xFA, 0xEC, 0xBA, 0x7A, 0x03, 0xEC, 0x9D, 0xC3, 0x8A, 0x26, 0x88, 0x04 ; .x.....z.....&..
000C0117  db 0x80, 0xE4, 0x0F, 0x82, 0xFC, 0x09, 0x74, 0x03, 0x82, 0xFC, 0x03, 0xC3 ; ......t.....
000C0123  BA D8 03             mov    dx, 0x3d8            ; dx = 0x3d8
000C0126  F6 06 87 04 02       test   byte ptr [0x487], 2  ; flags = mem8(ds/ss:0x487) & 0x2
000C012B  74 02                je     0xc012f              ; if ZF=1 then jump 0x12f
000C012D  B2 B8                mov    dl, 0xb8 ; dl = 0xb8
000C012F  C3                   ret ; return
000C0130  E8 F0 FF             call   0xc0123              ; call 0x123
000C0133  E8 C2 FF             call   0xc00f8 ; call 0xf8
000C0136  EB C0                jmp    0xc00f8 ; jump 0xf8
000C0138  BA D8 03             mov    dx, 0x3d8 ; dx = 0x3d8
000C013B  E8 BA FF             call   0xc00f8 ; call 0xf8
000C013E  EB B8                jmp    0xc00f8 ; jump 0xf8
000C0140  BA B8 03             mov    dx, 0x3b8 ; dx = 0x3b8
000C0143  E8 B2 FF             call   0xc00f8 ; call 0xf8
000C0146  EB B0                jmp    0xc00f8 ; jump 0xf8
000C0148  db 0xBA, 0x00, 0xA0, 0x8E, 0xC2, 0x31, 0xD2, 0x8E, 0xDA, 0xBA, 0xDF, 0x03, 0xB0, 0x40, 0xEB, 0x9E ; .....1.......@..
000C0158  db 0xE8, 0xDD, 0xFF, 0xE8, 0xEA, 0xFF, 0xE8, 0xDF, 0xFF, 0xEB, 0xE5 ; ...........
000C0163  E8 BD FF             call   0xc0123              ; call 0x123
000C0166  82 EA 04             sub    dl, 4 ; dl -= 0x4; flags
000C0169  B8 07 00             mov    ax, 7 ; ax = 0x7
000C016C  E8 8B FF             call   0xc00fa ; call 0xfa
000C016F  B8 17 A2             mov    ax, 0xa217 ; ax = 0xa217
000C0172  E8 85 FF             call   0xc00fa ; call 0xfa
000C0175  82 C2 06             add    dl, 6 ; dl += 0x6; flags
000C0178  E8 7D FF             call   0xc00f8 ; call 0xf8
000C017B  B2 C0                mov    dl, 0xc0 ; dl = 0xc0
000C017D  B0 10                mov    al, 0x10 ; al = 0x10
000C017F  E8 74 FF             call   0xc00f6 ; call 0xf6
000C0182  30 C0                xor    al, al ; al ^= al; flags
000C0184  E8 6F FF             call   0xc00f6 ; call 0xf6
000C0187  E8 A6 FF             call   0xc0130 ; call 0x130
000C018A  B0 44                mov    al, 0x44 ; al = 0x44
000C018C  82 C2 03             add    dl, 3 ; dl += 0x3; flags
000C018F  E9 64 FF             jmp    0xc00f6 ; jump 0xf6
000C0192  db 0xE8, 0x9B, 0xFF, 0x30, 0xC0, 0x82, 0xC2, 0x03, 0xE9, 0x59, 0xFF, 0x52, 0x31, 0xD2, 0x30, 0xE4 ; ...0.....Y.R1.0.
000C01A2  db 0xCD, 0x17, 0x5A, 0xF6, 0xC4, 0x29, 0xC3, 0xB0, 0x0D, 0xE8, 0xEF, 0xFF, 0x75, 0x05, 0xB0, 0x0A ; ..Z..)......u...
000C01B2  db 0xE8, 0xE8, 0xFF, 0xC3, 0xB0, 0xFF, 0xA2, 0x00, 0x05, 0x5A, 0xB4, 0x02, 0xCD, 0x10, 0x1F, 0x5A ; .........Z.....Z
000C01C2  db 0x59, 0x5B, 0x58, 0xCF, 0xB0, 0x24, 0xB4, 0x02, 0xCD, 0x15, 0xC3, 0xFB, 0x50, 0x53, 0x51, 0x52 ; Y[X..$......PSQR
000C01D2  db 0x1E, 0x31, 0xD2, 0x8E, 0xDA, 0x82, 0x3E, 0x00, 0x05, 0x01, 0x74, 0xE2, 0xC6, 0x06, 0x00, 0x05 ; .1....>...t.....
000C01E2  db 0x01, 0x8A, 0x3E, 0x62, 0x04, 0xB4, 0x03, 0xCD, 0x10, 0x52, 0xE8, 0xBA, 0xFF, 0x75, 0xC5, 0x30 ; ..>b.....R...u.0
000C01F2  db 0xF6, 0x30, 0xD2, 0xB4, 0x02, 0xCD, 0x10, 0xB4, 0x08, 0xCD, 0x10, 0x08, 0xC0, 0x75, 0x02, 0xB0 ; .0...........u..
000C0202  db 0x20, 0xE8, 0x97, 0xFF, 0x75, 0xAE, 0xFE, 0xC2, 0x3A, 0x16, 0x4A, 0x04, 0x75, 0xE5, 0xE8, 0x96 ;  ...u...:.J.u...
000C0212  db 0xFF, 0x75, 0xA1, 0xFE, 0xC6, 0x3A, 0x36, 0x84, 0x04, 0x7E, 0xD6, 0x30, 0xC0, 0xEB, 0x97, 0x81 ; .u...:6..~.0....
000C0222  db 0xE6, 0x1F, 0x00, 0xA0, 0x87, 0x04, 0x8A, 0xE0, 0x80, 0xE4, 0x02, 0x2E, 0x0A, 0xA4, 0xC0, 0x3F ; ...............?
000C0232  db 0xA8, 0x60, 0x75, 0x08, 0xF6, 0xC4, 0x08, 0x74, 0x03, 0x80, 0xCC, 0x04, 0xF6, 0xC4, 0x02, 0x75 ; .`u....t.......u
000C0242  db 0x05, 0x50, 0xE8, 0xCC, 0xFE, 0x58, 0x74, 0x03, 0x80, 0xE4, 0xFE, 0xBF, 0x00, 0xA0, 0xF6, 0xC4 ; .P...Xt.........
000C0252  db 0x40, 0x74, 0x03, 0xBF, 0x00, 0xB8, 0xF6, 0xC4, 0x20, 0x74, 0x03, 0xBF, 0x00, 0xB0, 0x8E, 0xC7 ; @t...... t......
000C0262  db 0x8A, 0x46, 0x06, 0xC3, 0xC4, 0x3E, 0xA8, 0x04, 0x26, 0xC4, 0x3D, 0xF6, 0xC4, 0x08, 0x74, 0x07 ; .F...>..&.=...t.
000C0272  db 0xF6, 0xC4, 0x04, 0x75, 0x02, 0x04, 0x02, 0xF6, 0xC4, 0x01, 0x74, 0x02, 0x04, 0x13, 0x8A, 0xD0 ; ...u......t.....
000C0282  db 0x30, 0xF6, 0xB1, 0x06, 0xD3, 0xE2, 0x01, 0xD7, 0xC3, 0x83, 0x3E, 0x4C, 0x04, 0x00, 0x74, 0x32 ; 0.........>L..t2
000C0292  db 0xF6, 0x06, 0x87, 0x04, 0x80, 0x75, 0x2B, 0xB9, 0x00, 0x80, 0xF6, 0xC4, 0x60, 0x74, 0x02, 0xD1 ; .....u+.....`t..
000C02A2  db 0xE9, 0x50, 0xF6, 0xC4, 0x80, 0x75, 0x04, 0x31, 0xC0, 0xEB, 0x12, 0xE8, 0x16, 0xFF, 0x8A, 0xE0 ; .P...u.1........
000C02B2  db 0xD0, 0xE8, 0xD0, 0xE8, 0xD0, 0xE8, 0xD0, 0xE8, 0xA2, 0x66, 0x04, 0xB0, 0x20, 0x31, 0xFF, 0xF2 ; .........f.. 1..
000C02C2  db 0xAB, 0x58, 0xC3, 0x82, 0xFD, 0x04, 0x76, 0x03, 0x82, 0xC5, 0x05, 0xC3, 0x8A, 0xDF, 0x30, 0xFF ; .X....v.......0.
000C02D2  db 0xD1, 0xE3, 0x81, 0xC3, 0x50, 0x04, 0xC3, 0x8B, 0xCA, 0x8A, 0xC6, 0x30, 0xE4, 0xF7, 0x26, 0x4A ; ....P......0..&J
000C02E2  db 0x04, 0x30, 0xED, 0x01, 0xC8, 0xC3, 0x50, 0xA1, 0x4A, 0x04, 0xF7, 0xE2, 0x8B, 0xF8, 0x8A, 0xC7 ; .0....P.J.......
000C02F2  db 0x98, 0xF7, 0x26, 0x4C, 0x04, 0x01, 0xC7, 0x58, 0x8B, 0xD1, 0xD1, 0xEA, 0xD1, 0xEA, 0xD1, 0xEA ; ..&L...X........
000C0302  db 0x01, 0xD7, 0x80, 0xE1, 0x07, 0x82, 0xE9, 0x07, 0xF6, 0xD9, 0xC3, 0x50, 0xE8, 0xF6, 0xFD, 0x31 ; ...........P...1
000C0312  db 0xD2, 0xA8, 0x20, 0x74, 0x14, 0x24, 0xC0, 0x3C, 0xC0, 0x74, 0x0E, 0xD0, 0xE8, 0xD0, 0xE8, 0xD0 ; .. t.$.<.t......
000C0322  db 0xE8, 0x8A, 0xD0, 0x28, 0xF6, 0x81, 0xC2, 0xE8, 0x7F, 0x09, 0xD2, 0x58, 0xC3, 0xBF, 0x00, 0xB8 ; ...(.......X....
000C0332  db 0x8E, 0xC7, 0x31, 0xFF, 0xD1, 0xEA, 0x73, 0x04, 0x81, 0xC7, 0x00, 0x20, 0x50, 0xB8, 0x50, 0x00 ; ..1...s.... P.P.
000C0342  db 0xF7, 0xE2, 0x01, 0xC7, 0x58, 0x8A, 0xD9, 0xD1, 0xE9, 0xD1, 0xE9, 0x80, 0xE3, 0x07, 0xF6, 0xC4 ; ....X...........
000C0352  db 0x10, 0x74, 0x09, 0xD1, 0xE9, 0xB7, 0x01, 0x82, 0xEB, 0x07, 0xEB, 0x08, 0xB7, 0x03, 0x20, 0xFB ; .t............ .
000C0362  db 0x28, 0xFB, 0xD0, 0xE3, 0x01, 0xCF, 0xF6, 0xDB, 0xC3, 0x50, 0x53, 0x51, 0x8A, 0xC7, 0x98, 0xF7 ; (........PSQ....
000C0372  db 0x26, 0x4C, 0x04, 0x8B, 0xF8, 0xE8, 0x54, 0xFF, 0x8B, 0x17, 0xE8, 0x5A, 0xFF, 0xD1, 0xE0, 0x01 ; &L....T....Z....
000C0382  db 0xC7, 0x59, 0x5B, 0x58, 0xC3, 0x50, 0x53, 0x8A, 0xC7, 0x98, 0xF7, 0x26, 0x4C, 0x04, 0x8B, 0xF8 ; .Y[X.PS....&L...
000C0392  db 0xE8, 0x39, 0xFF, 0x30, 0xE4, 0x8A, 0x07, 0x01, 0xC7, 0x8A, 0x47, 0x01, 0xF7, 0x26, 0x4A, 0x04 ; .9.0......G..&J.
000C03A2  db 0xF7, 0x26, 0x85, 0x04, 0x01, 0xC7, 0x5B, 0x58, 0xC3, 0x8A, 0x16, 0x50, 0x04, 0x30, 0xF6, 0xF6 ; .&....[X...P.0..
000C03B2  db 0xC4, 0x10, 0x75, 0x02, 0xD1, 0xE2, 0x8B, 0xFA, 0x50, 0xB8, 0x40, 0x01, 0x8A, 0x16, 0x51, 0x04 ; ..u.....P.@...Q.
000C03C2  db 0x30, 0xF6, 0xF7, 0xE2, 0x01, 0xC7, 0x58, 0xC3 ; 0.....X.
000C03CA  8B 16 63 04          mov    dx, word ptr [0x463] ; dx = mem16(ds/ss:0x463)
000C03CE  82 C2 06             add    dl, 6                ; dl += 0x6; flags
000C03D1  E9 24 FD             jmp    0xc00f8              ; jump 0xf8
000C03D4  E8 F3 FF             call   0xc03ca ; call 0x3ca
000C03D7  BA C0 03             mov    dx, 0x3c0 ; dx = 0x3c0
000C03DA  C3                   ret ; return
000C03DB  db 0xE8, 0xF6, 0xFF, 0xB0, 0x20, 0xE9, 0x13, 0xFD, 0xE8, 0xE4, 0xFF, 0xFA, 0x51, 0xB9, 0xA8, 0x61 ; .... .......Q..a
000C03EB  db 0xEC, 0xA8, 0x08, 0xE1, 0xFB, 0x59, 0xB2, 0xC0, 0x8A, 0xC3, 0xE8, 0xFE, 0xFC, 0x8A, 0xC7, 0xE8 ; .....Y..........
000C03FB  db 0xF9, 0xFC, 0xB0, 0x20, 0xEE, 0xFB, 0x09, 0xF6, 0x74, 0x17, 0x8A, 0xC7, 0x30, 0xFF, 0x82, 0xFB ; ... ....t...0...
000C040B  db 0x11, 0x75, 0x04, 0x26, 0x88, 0x41, 0xFF, 0x82, 0xFB, 0x10, 0x79, 0x03, 0x26, 0x88, 0x01, 0x8A ; .u.&.A....y.&...
000C041B  db 0xF8, 0xC3, 0xC4, 0x3E, 0xA8, 0x04, 0x26, 0xC4, 0x7D, 0x04, 0x8C, 0xC6, 0x09, 0xFE, 0xEB, 0xA9 ; ...>..&.}.......
000C042B  db 0x52, 0x50, 0xBA, 0xCE, 0x03, 0xB0, 0x05, 0xE8, 0xC5, 0xFC, 0xB2, 0xC4, 0xB8, 0x02, 0x0F, 0xE8 ; RP..............
000C043B  db 0xBD, 0xFC, 0x58, 0x5A, 0xC3, 0xF6, 0x06, 0x87, 0x04, 0x04, 0x74, 0x12, 0xE8, 0x80, 0xFF, 0xE8 ; ..XZ......t.....
000C044B  db 0xAB, 0xFC, 0xA8, 0x01, 0x75, 0xF9, 0xFA, 0xE8, 0xA3, 0xFC, 0xA8, 0x01, 0x74, 0xF9, 0xC3, 0xF6 ; ....u.......t...
000C045B  db 0xC4, 0x04, 0x74, 0x0B, 0x50, 0x80, 0xE3, 0x85, 0x8A, 0xC3, 0xD0, 0xE0, 0x08, 0xC3, 0x58, 0xC3 ; ..t.P.........X.
000C046B  B0 B6                mov    al, 0xb6             ; al = 0xb6
000C046D  E6 43                out    0x43, al             ; IO[PIT_MODE] = al
000C046F  EB 00                jmp    0xc0471              ; jump 0x471
000C0471  B0 33                mov    al, 0x33 ; al = 0x33
000C0473  E6 42                out    0x42, al ; IO[PIT_CH2] = al
000C0475  EB 00                jmp    0xc0477 ; jump 0x477
000C0477  B0 05                mov    al, 5 ; al = 0x5
000C0479  E6 42                out    0x42, al ; IO[PIT_CH2] = al
000C047B  EB 00                jmp    0xc047d ; jump 0x47d
000C047D  E4 61                in     al, 0x61 ; al = IO[PPI_PORT_B]
000C047F  EB 00                jmp    0xc0481 ; jump 0x481
000C0481  8A E0                mov    ah, al ; ah = al
000C0483  0C 03                or     al, 3 ; al |= 0x3; flags
000C0485  E6 61                out    0x61, al ; IO[PPI_PORT_B] = al
000C0487  51                   push   cx ; push cx
000C0488  31 C9                xor    cx, cx ; cx ^= cx; flags
000C048A  E2 FE                loop   0xc048a ; CX-- ; if CX!=0 jump 0x48a
000C048C  E2 FE                loop   0xc048c ; CX-- ; if CX!=0 jump 0x48c
000C048E  8A C4                mov    al, ah ; al = ah
000C0490  E6 61                out    0x61, al ; IO[PPI_PORT_B] = al
000C0492  59                   pop    cx ; pop -> cx
000C0493  C3                   ret ; return
000C0494  db 0x50, 0xE8, 0xCE, 0xFD, 0xBA, 0xC4, 0x03, 0xFA, 0xB8, 0x00, 0x01, 0xE8, 0x58, 0xFC, 0x31, 0xDB ; P...........X.1.
000C04A4  db 0xFE, 0xC0, 0x26, 0x8A, 0x61, 0x05, 0xE8, 0x4D, 0xFC, 0x43, 0x3C, 0x04, 0x75, 0xF2, 0xB8, 0x00 ; ..&.a..M.C<.u...
000C04B4  db 0x03, 0xE8, 0x42, 0xFC, 0xB2, 0xC2, 0x26, 0x8A, 0x45, 0x09, 0xEE, 0xFB, 0x8B, 0x16, 0x63, 0x04 ; ..B...&.E.....c.
000C04C4  db 0x31, 0xDB, 0x8A, 0xC3, 0x26, 0x8A, 0x61, 0x0A, 0xE8, 0x2B, 0xFC, 0x43, 0x3C, 0x18, 0x75, 0xF2 ; 1...&.a..+.C<.u.
000C04D4  db 0x26, 0x8B, 0x45, 0x14, 0x86, 0xC4, 0xA3, 0x60, 0x04, 0xE8, 0xF4, 0xFE, 0xC5, 0x36, 0xA8, 0x04 ; &.E....`.....6..
000C04E4  db 0xC5, 0x74, 0x04, 0x8C, 0xD9, 0x09, 0xF1, 0x31, 0xDB, 0x8A, 0xC3, 0xE8, 0x04, 0xFC, 0x26, 0x8A ; .t.....1......&.
000C04F4  db 0x41, 0x23, 0xEE, 0x09, 0xC9, 0x74, 0x0F, 0x82, 0xFB, 0x11, 0x75, 0x03, 0x88, 0x40, 0xFF, 0x82 ; A#...t....u..@..
000C0504  db 0xFB, 0x10, 0x79, 0x02, 0x88, 0x00, 0xFE, 0xC3, 0x82, 0xFB, 0x14, 0x75, 0xDC, 0xB2, 0xCC, 0x30 ; ..y........u...0
000C0514  db 0xC0, 0xE8, 0xDE, 0xFB, 0xB2, 0xCA, 0xFE, 0xC0, 0xEE, 0x31, 0xDB, 0x8E, 0xDB, 0xB2, 0xCE, 0x8A ; .........1......
000C0524  db 0xC3, 0x26, 0x8A, 0x61, 0x37, 0xE8, 0xCE, 0xFB, 0xFE, 0xC3, 0x3C, 0x08, 0x75, 0xF1, 0x58, 0xC3 ; .&.a7.....<.u.X.
000C0534  db 0xA2, 0x49, 0x04, 0x89, 0x16, 0x63, 0x04, 0xC6, 0x06, 0x84, 0x04, 0x18, 0x06, 0x1E, 0x07, 0xBF ; .I...c..........
000C0544  db 0x4E, 0x04, 0xB9, 0x12, 0x00, 0x30, 0xC0, 0xF2, 0xAA, 0xA2, 0x62, 0x04, 0x80, 0x26, 0x87, 0x04 ; N....0....b..&..
000C0554  db 0x73, 0xF6, 0xC4, 0x60, 0x74, 0x16, 0x2E, 0x8A, 0x8C, 0xCD, 0x00, 0x88, 0x0E, 0x65, 0x04, 0xB1 ; s..`t........e..
000C0564  db 0x30, 0xF6, 0xC4, 0x10, 0x74, 0x02, 0xB1, 0x3F, 0x88, 0x0E, 0x66, 0x04, 0x07, 0xC3, 0x50, 0x53 ; 0...t..?..f...PS
000C0574  db 0x51, 0x52, 0xB0, 0x0B, 0x80, 0xE4, 0x02, 0x74, 0x02, 0xFE, 0xC0, 0xE8, 0x12, 0xFF, 0x5A, 0x59 ; QR.....t......ZY
000C0584  db 0x5B, 0x58, 0x1E, 0x08, 0xC0, 0x75, 0x05, 0xC5, 0x76, 0x0C, 0xEB, 0x18, 0x31, 0xD2, 0xB9, 0x00 ; [X...u..v...1...
000C0594  db 0x01, 0x3C, 0x01, 0x75, 0x07, 0xB7, 0x0E, 0xBE, 0xE0, 0x3F, 0xEB, 0x05, 0xB7, 0x08, 0xBE, 0xE4 ; .<.u.....?......
000C05A4  db 0x3F, 0x2E, 0xC5, 0x34, 0x09, 0xC9, 0x74, 0x42, 0xBF, 0x00, 0xA0, 0x8E, 0xC7, 0x51, 0xD0, 0xE3 ; ?..4..tB.....Q..
000C05B4  db 0x00, 0xDE, 0xB1, 0x05, 0xD3, 0xE2, 0x59, 0x51, 0x8A, 0xCF, 0x30, 0xED, 0x8B, 0xFA, 0xF2, 0xA4 ; ......YQ..0.....
000C05C4  db 0x59, 0x08, 0xC0, 0x74, 0x20, 0x81, 0xF9, 0x81, 0x00, 0x75, 0x1A, 0x52, 0x8C, 0xDA, 0x81, 0xFA ; Y..t ....u.R....
000C05D4  db 0x00, 0xC0, 0x75, 0x10, 0xE8, 0x32, 0xFD, 0x74, 0x0B, 0x3C, 0x01, 0x75, 0x03, 0x83, 0xC2, 0x04 ; ..u..2.t.<.u....
000C05E4  db 0x8B, 0xF2, 0x8B, 0x34, 0x5A, 0x83, 0xC2, 0x20, 0xE2, 0xCD, 0x1F, 0xC3, 0x1E, 0x2E, 0xC5, 0x36 ; ...4Z.. .......6
000C05F4  db 0xEC, 0x3F, 0x8C, 0xD9, 0x09, 0xF1, 0x74, 0x25, 0xB9, 0x00, 0xA0, 0x8E, 0xC1, 0x52, 0xE8, 0x08 ; .?....t%.....R..
000C0604  db 0xFD, 0x74, 0x05, 0x8B, 0xF2, 0x8B, 0x74, 0x06, 0x5A, 0x8B, 0x3C, 0x81, 0xE7, 0xFF, 0x00, 0x74 ; .t....t.Z.<....t
000C0614  db 0x0C, 0x46, 0xB1, 0x05, 0xD3, 0xE7, 0xB9, 0x0E, 0x00, 0xF2, 0xA4, 0xEB, 0xEC, 0x1F, 0xC3, 0x86 ; .F..............
000C0624  db 0xC4, 0x8B, 0xC8, 0xD1, 0xE9, 0x09, 0xC8, 0xB2, 0x01, 0xD1, 0xE0, 0xD1, 0xE0, 0xD0, 0xD2, 0x73 ; ...............s
000C0634  db 0xF8, 0xC3, 0x50, 0xB3, 0x50, 0xF6, 0xC4, 0x10, 0x74, 0x0E, 0xF6, 0xE3, 0x8B, 0xD8, 0x26, 0x8A ; ..P.P...t.....&.
000C0644  db 0x11, 0x26, 0x8A, 0xB1, 0x00, 0x20, 0xEB, 0x14, 0xF6, 0xE3, 0x8B, 0xD8, 0x26, 0x8B, 0x81, 0x00 ; .&... ......&...
000C0654  db 0x20, 0xE8, 0xCB, 0xFF, 0x8A, 0xF2, 0x26, 0x8B, 0x01, 0xE8, 0xC3, 0xFF, 0x58, 0xC3, 0x50, 0x8A ;  .....&.....X.P.
000C0664  db 0xE0, 0xF6, 0xC3, 0x02, 0x75, 0x02, 0x30, 0xE4, 0xF6, 0xC3, 0x01, 0x75, 0x02, 0x30, 0xC0, 0xBA ; ....u.0....u.0..
000C0674  db 0x03, 0x00, 0xD0, 0xE4, 0xD1, 0xD2, 0xD0, 0xE0, 0xD1, 0xD2, 0x73, 0xF6, 0x58, 0x86, 0xD6, 0xC3 ; ..........s.X...
000C0684  db 0xAC, 0x8A, 0xF8, 0xAC, 0xF6, 0xC4, 0x10, 0x74, 0x18, 0x08, 0xDB, 0x79, 0x0A, 0x26, 0x30, 0x3D ; .......t...y.&0=
000C0694  db 0x26, 0x30, 0x85, 0x00, 0x20, 0xEB, 0x08, 0x26, 0x88, 0x3D, 0x26, 0x88, 0x85, 0x00, 0x20, 0xEB ; &0.. ..&.=&... .
000C06A4  db 0x20, 0xE8, 0xBA, 0xFF, 0x52, 0x8A, 0xC7, 0xE8, 0xB4, 0xFF, 0x08, 0xDB, 0x79, 0x0B, 0x26, 0x31 ;  ...R.......y.&1
000C06B4  db 0x15, 0x5A, 0x26, 0x31, 0x95, 0x00, 0x20, 0xEB, 0x08, 0x26, 0x89, 0x15, 0x26, 0x8F, 0x85, 0x00 ; .Z&1.. ..&..&...
000C06C4  db 0x20, 0x83, 0xC7, 0x50, 0xC3, 0xF6, 0xC4, 0x60, 0x74, 0x34, 0xE8, 0xDA, 0xFC, 0xA8, 0x80, 0x75 ;  ..P...`t4.....u
000C06D4  db 0x06, 0xC5, 0x36, 0x0C, 0x01, 0xEB, 0x04, 0xC5, 0x36, 0x7C, 0x00, 0x50, 0x30, 0xE4, 0xD0, 0xE0 ; ..6.....6|.P0...
000C06E4  db 0xD1, 0xE0, 0xD1, 0xE0, 0x01, 0xC6, 0x58, 0x56, 0x57, 0xBD, 0x04, 0x00, 0xE8, 0x91, 0xFF, 0x4D ; ......XVW......M
000C06F4  db 0x75, 0xFA, 0x5F, 0x5E, 0x47, 0xF6, 0xC4, 0x10, 0x75, 0x01, 0x47, 0xE2, 0xEA, 0xC3, 0xE8, 0x82 ; u._^G...u.G.....
000C0704  db 0xFC, 0xE8, 0x52, 0xFD, 0x8A, 0xE3, 0x8B, 0x1E, 0x4A, 0x04, 0x8B, 0x2E, 0x85, 0x04, 0xC5, 0x36 ; ..R.....J......6
000C0714  db 0x0C, 0x01, 0x50, 0x30, 0xE4, 0xF7, 0xE5, 0x01, 0xC6, 0x58, 0x50, 0xBA, 0xC4, 0x03, 0x08, 0xE4 ; ..P0.....XP.....
000C0724  db 0x7D, 0x0A, 0xB8, 0x03, 0x18, 0xB2, 0xCE, 0xE8, 0xCC, 0xF9, 0xEB, 0x13, 0xB8, 0x02, 0x0F, 0xE8 ; }...............
000C0734  db 0xC4, 0xF9, 0x57, 0x8B, 0xD5, 0x26, 0xC6, 0x05, 0x00, 0x01, 0xDF, 0x4A, 0x75, 0xF7, 0x5F, 0x58 ; ..W..&.....Ju._X
000C0744  db 0xBA, 0xC4, 0x03, 0xB0, 0x02, 0xE8, 0xAE, 0xF9, 0x57, 0x56, 0x8B, 0xD5, 0x26, 0x8A, 0x05, 0xA4 ; ........WV..&...
000C0754  db 0x4F, 0x01, 0xDF, 0x4A, 0x75, 0xF6, 0x5E, 0x5F, 0x47, 0xE2, 0xBF, 0xBA, 0xCE, 0x03, 0xB8, 0x03 ; O..Ju.^_G.......
000C0764  db 0x00, 0xE8, 0x92, 0xF9, 0xB8, 0x02, 0x0F, 0xB2, 0xC4, 0xE8, 0x8A, 0xF9, 0xC3, 0xF6, 0xC4, 0x80 ; ................
000C0774  db 0x75, 0x03, 0xE9, 0x50, 0xFF, 0xE8, 0xEF, 0xFB, 0x8A, 0xD8, 0xE8, 0xBF, 0xFC, 0x8A, 0xC3, 0xAA ; u..P............
000C0784  db 0xFB, 0x47, 0xE2, 0xF6, 0xC3, 0x30, 0xC0, 0xF6, 0xC4, 0x20, 0x74, 0x02, 0xFE, 0xC0, 0x82, 0xC2 ; .G...0... t.....
000C0794  db 0x04, 0xEE, 0x82, 0xEA, 0x04, 0x06, 0x50, 0x2E, 0x8A, 0x9C, 0xC5, 0x00, 0x30, 0xFF, 0xC4, 0x3E ; ......P.....0..>
000C07A4  db 0x74, 0x00, 0x26, 0x8B, 0x41, 0x0A, 0xA3, 0x60, 0x04, 0x30, 0xC0, 0x26, 0x8A, 0x21, 0xE8, 0x45 ; t.&.A..`.0.&.!.E
000C07B4  db 0xF9, 0x43, 0xFE, 0xC0, 0x3C, 0x10, 0x75, 0xF3, 0x58, 0x07, 0xE8, 0xCA, 0xFA, 0x82, 0xC2, 0x04 ; .C..<.u.X.......
000C07C4  db 0xA0, 0x65, 0x04, 0xE8, 0x2C, 0xF9, 0x42, 0xA0, 0x66, 0x04, 0xE9, 0x25, 0xF9, 0x5A, 0x59, 0x5B ; .e..,.B.f..%.ZY[
000C07D4  db 0x58, 0x5F, 0x5E, 0x5D, 0x07, 0x1F, 0xCF, 0x8A, 0x66, 0x07, 0x5A, 0x59, 0x5B, 0x5D, 0xEB, 0xF1 ; X_^]....f.ZY[]..
000C07E4  db 0x1F, 0x1F, 0x5B, 0x58, 0x5F, 0x5E, 0x1F, 0x1F, 0x1F, 0xCF, 0xF6, 0x06, 0x87, 0x04, 0x04, 0x74 ; ..[X_^.........t
000C07F4  db 0x0A, 0x50, 0x52, 0xBA, 0xD8, 0x03, 0xB0, 0x21, 0xEE, 0x5A, 0x58, 0x8B, 0xDA, 0x28, 0xEF, 0xFE ; .PR....!.ZX..(..
000C0804  db 0xC7, 0x28, 0xCB, 0xFE, 0xC3, 0x38, 0xF8, 0x75, 0x02, 0x30, 0xC0, 0x30, 0xED, 0x8B, 0xF9, 0x8B ; .(...8.u.0.0....
000C0814  db 0x0E, 0x4A, 0x04, 0x8B, 0x16, 0x85, 0x04, 0xF6, 0xC4, 0x80, 0x74, 0x03, 0xBA, 0x01, 0x00, 0xF6 ; .J........t.....
000C0824  db 0xC4, 0x60, 0x74, 0x18, 0xF6, 0xC4, 0x10, 0x75, 0x06, 0xD1, 0xE7, 0xD1, 0xE1, 0xD0, 0xE3, 0xF6 ; .`t....u........
000C0834  db 0xC4, 0x80, 0x74, 0x04, 0x30, 0xE4, 0xEB, 0x02, 0xB4, 0x80, 0xEB, 0x0B, 0xF6, 0xC4, 0x04, 0x74 ; ..t.0..........t
000C0844  db 0x04, 0xB4, 0x11, 0xEB, 0x02, 0xB4, 0x01, 0x50, 0x52, 0x8B, 0xC1, 0xF7, 0xE2, 0x8B, 0xF0, 0x03 ; .......PR.......
000C0854  db 0x3E, 0x4E, 0x04, 0x5A, 0x58, 0x08, 0xE4, 0x79, 0x02, 0xD1, 0xEE, 0xC3, 0xF6, 0xC4, 0x60, 0x74 ; >N.ZX..y......`t
000C0864  db 0x34, 0xE8, 0xCC, 0xFC, 0x80, 0x0E, 0x87, 0x04, 0x08, 0xE8, 0x19, 0xFF, 0x2E, 0x8A, 0xAC, 0xD5 ; 4...............
000C0874  db 0x00, 0x30, 0xC9, 0x89, 0x0E, 0x4C, 0x04, 0xB9, 0x28, 0x00, 0xF7, 0xC6, 0x02, 0x00, 0x74, 0x02 ; .0...L..(.....t.
000C0884  db 0xD1, 0xE1, 0x89, 0x0E, 0x4A, 0x04, 0x2E, 0xC4, 0x3E, 0xE4, 0x3F, 0xFA, 0x89, 0x3E, 0x0C, 0x01 ; ....J...>.?..>..
000C0894  db 0x8C, 0x06, 0x0E, 0x01, 0xFB, 0xE9, 0x35, 0xFF, 0x2E, 0xC4, 0x3E, 0xE4, 0x3F, 0xFA, 0x89, 0x3E ; ......5...>.?..>
000C08A4  db 0x0C, 0x01, 0x8C, 0x06, 0x0E, 0x01, 0xFB, 0x24, 0x7F, 0x8B, 0xF0, 0x3C, 0x10, 0x7E, 0x03, 0xE9 ; .......$...<.~..
000C08B4  db 0x1B, 0xFF, 0xE8, 0x68, 0xF9, 0x24, 0x7F, 0xBA, 0xD4, 0x03, 0x8A, 0x0E, 0x10, 0x04, 0x80, 0xE1 ; ...h.$..........
000C08C4  db 0x30, 0xF6, 0xC4, 0x02, 0x75, 0x1A, 0x82, 0xF9, 0x30, 0x75, 0x13, 0xB2, 0xB4, 0xC7, 0x06, 0x85 ; 0...u...0u......
000C08D4  db 0x04, 0x0E, 0x00, 0xBE, 0x07, 0x00, 0xE8, 0x44, 0xF9, 0xB0, 0x07, 0xE9, 0x7E, 0xFF, 0xEB, 0x29 ; .......D....~..)
000C08E4  db 0x82, 0xF9, 0x30, 0x74, 0x16, 0x3C, 0x02, 0x74, 0x02, 0x3C, 0x03, 0x75, 0x05, 0x80, 0x0E, 0x87 ; ..0t.<.t.<.u....
000C08F4  db 0x04, 0x04, 0xC7, 0x06, 0x85, 0x04, 0x08, 0x00, 0xE9, 0x61, 0xFF, 0xB2, 0xB4, 0x3C, 0x0F, 0x74 ; .........a...<.t
000C0904  db 0x08, 0xBE, 0x07, 0x00, 0xE8, 0x16, 0xF9, 0xB0, 0x07, 0xE8, 0x24, 0xFC, 0xF6, 0x46, 0x06, 0x80 ; ..........$..F..
000C0914  db 0x74, 0x05, 0x80, 0x0E, 0x87, 0x04, 0x80, 0x06, 0xF6, 0xC4, 0x80, 0x74, 0x16, 0xB0, 0x02, 0x30 ; t..........t...0
000C0924  db 0xDB, 0xF6, 0xC4, 0x21, 0x74, 0x02, 0xFE, 0xC8, 0xE8, 0x43, 0xFC, 0xF6, 0xC4, 0x20, 0x74, 0x03 ; ...!t....C... t.
000C0934  db 0xE8, 0xB9, 0xFC, 0xA0, 0x49, 0x04, 0xE8, 0x57, 0xFB, 0x30, 0xFF, 0x26, 0x8A, 0x1D, 0x89, 0x1E ; ....I..W.0.&....
000C0944  db 0x4A, 0x04, 0x26, 0x8A, 0x5D, 0x01, 0x88, 0x1E, 0x84, 0x04, 0x26, 0x8A, 0x5D, 0x02, 0x89, 0x1E ; J.&.].....&.]...
000C0954  db 0x85, 0x04, 0x26, 0x8B, 0x5D, 0x03, 0x89, 0x1E, 0x4C, 0x04, 0x07, 0xE8, 0x29, 0xF9, 0xE8, 0x76 ; ..&.]...L...)..v
000C0964  db 0xFA, 0xBB, 0x08, 0x00, 0xB9, 0x0B, 0x00, 0xF6, 0xC4, 0x80, 0x75, 0x2C, 0x2E, 0xC4, 0x3E, 0xE4 ; ..........u,..>.
000C0974  db 0x3F, 0xF6, 0xC4, 0x08, 0x74, 0x14, 0x2E, 0xC4, 0x3E, 0xE0, 0x3F, 0x52, 0xE8, 0x8A, 0xF9, 0x74 ; ?...t...>.?R...t
000C0984  db 0x08, 0x83, 0xC2, 0x02, 0x8B, 0xFA, 0x2E, 0x8B, 0x3D, 0x5A, 0xFA, 0x89, 0x3E, 0x0C, 0x01, 0x8C ; ........=Z..>...
000C0994  db 0x06, 0x0E, 0x01, 0xFB, 0xB3, 0x0C, 0xB1, 0x07, 0xC4, 0x3E, 0xA8, 0x04, 0x26, 0xC4, 0x39, 0x8C ; .........>..&.9.
000C09A4  db 0xC3, 0x09, 0xFB, 0x74, 0x62, 0x8B, 0xD9, 0x26, 0x8A, 0x01, 0x3A, 0x06, 0x49, 0x04, 0x75, 0x50 ; ...tb..&..:.I.uP
000C09B4  db 0x31, 0xDB, 0xF6, 0xC4, 0x80, 0x75, 0x1F, 0xFA, 0x26, 0x8A, 0x1D, 0x88, 0x1E, 0x84, 0x04, 0x26 ; 1....u..&......&
000C09C4  db 0x8A, 0x5D, 0x01, 0x89, 0x1E, 0x85, 0x04, 0x26, 0xC4, 0x7D, 0x03, 0x89, 0x3E, 0x0C, 0x01, 0x8C ; .].....&.}..>...
000C09D4  db 0x06, 0x0E, 0x01, 0xFB, 0xEB, 0x28, 0x26, 0xFF, 0x75, 0x0A, 0x55, 0x26, 0x8B, 0x1D, 0x86, 0xDF ; .....(&.u.U&....
000C09E4  db 0x26, 0x8B, 0x4D, 0x02, 0x26, 0x8B, 0x55, 0x04, 0x26, 0xC4, 0x6D, 0x06, 0xB8, 0x10, 0x11, 0xCD ; &.M.&.U.&.m.....
000C09F4  db 0x10, 0x5D, 0x59, 0x80, 0xF9, 0xFF, 0x74, 0x06, 0xFE, 0xC9, 0x88, 0x0E, 0x84, 0x04, 0xB0, 0xFF ; .]Y...t.........
000C0A04  db 0x3C, 0xFF, 0x74, 0x03, 0x43, 0xEB, 0xA0, 0x8B, 0x0E, 0x60, 0x04, 0x89, 0x0E, 0x60, 0x04, 0xF6 ; <.t.C....`...`..
000C0A14  db 0x06, 0x87, 0x04, 0x08, 0x75, 0x3C, 0x8A, 0xC5, 0x24, 0x60, 0x3C, 0x20, 0x75, 0x05, 0xB9, 0x00 ; ....u<..$`< u...
000C0A24  db 0x1E, 0xEB, 0x2F, 0xF6, 0x06, 0x87, 0x04, 0x01, 0x75, 0x28, 0xF6, 0xC4, 0x01, 0x74, 0x0A, 0x86 ; ../.....u(...t..
000C0A34  db 0xCD, 0xE8, 0x8D, 0xF8, 0x86, 0xCD, 0xE8, 0x88, 0xF8, 0xFE, 0xC1, 0x08, 0xED, 0x74, 0x08, 0x3A ; .............t.:
000C0A44  db 0x0E, 0x85, 0x04, 0x7C, 0x02, 0x30, 0xC9, 0x8B, 0xD9, 0x28, 0xFB, 0x82, 0xFB, 0x10, 0x75, 0x02 ; ...|.0...(....u.
000C0A54  db 0xFE, 0xC1, 0x8B, 0x16, 0x63, 0x04, 0xB0, 0x0A, 0x8A, 0xE5, 0xE8, 0x99, 0xF6, 0xFE, 0xC0, 0x8A ; ....c...........
000C0A64  db 0xE1, 0xE8, 0x92, 0xF6, 0xE9, 0x66, 0xFD, 0x8A, 0xC7, 0xE8, 0x5E, 0xF8, 0x89, 0x17, 0x3A, 0x06 ; .....f....^...:.
000C0A74  db 0x62, 0x04, 0x75, 0x1D, 0xE8, 0x5E, 0xF8, 0xD1, 0xE0, 0x03, 0x06, 0x4E, 0x04, 0xD1, 0xE8, 0x8A ; b.u..^.....N....
000C0A84  db 0xD8, 0x8B, 0x16, 0x63, 0x04, 0xB0, 0x0E, 0xE8, 0x6C, 0xF6, 0x8A, 0xE3, 0xFE, 0xC0, 0xE8, 0x65 ; ...c....l......e
000C0A94  db 0xF6, 0xE9, 0x39, 0xFD, 0x8B, 0x0E, 0x60, 0x04, 0xE8, 0x2F, 0xF8, 0x8B, 0x17, 0x5D, 0x5D, 0x5B ; ..9...`../...]][
000C0AA4  db 0xE9, 0x2D, 0xFD, 0xE8, 0x20, 0xF9, 0xA8, 0x04, 0x74, 0x04, 0x42, 0xEE, 0x30, 0xC0, 0xA8, 0x02 ; .-.. ...t.B.0...
000C0AB4  db 0x75, 0x08, 0x30, 0xE4, 0x8A, 0x46, 0x06, 0xE9, 0x20, 0xFD, 0xBB, 0xE5, 0x00, 0x82, 0xEA, 0x06 ; u.0..F.. .......
000C0AC4  db 0xF6, 0x06, 0x87, 0x04, 0x08, 0x74, 0x03, 0xBB, 0xDD, 0x00, 0xB0, 0x10, 0xE8, 0x23, 0xF6, 0x42 ; .....t.......#.B
000C0AD4  db 0xEC, 0x8A, 0xE8, 0x4A, 0xB0, 0x11, 0xE8, 0x19, 0xF6, 0x42, 0xE8, 0x17, 0xF6, 0x8A, 0xC8, 0x82 ; ...J.....B......
000C0AE4  db 0xC2, 0x06, 0xEE, 0x2E, 0x2A, 0x08, 0x82, 0xDD, 0x00, 0x8B, 0x1E, 0x4E, 0x04, 0xD1, 0xEB, 0x29 ; ....*......N...)
000C0AF4  db 0xD9, 0x79, 0x02, 0x31, 0xC9, 0xF6, 0xC4, 0x60, 0x75, 0x16, 0x8B, 0xC1, 0x99, 0xF7, 0x36, 0x4A ; .y.1...`u.....6J
000C0B04  db 0x04, 0x8B, 0xDA, 0x8B, 0xC8, 0x99, 0xF7, 0x36, 0x85, 0x04, 0x8A, 0xF0, 0x8A, 0xD3, 0xEB, 0x44 ; .......6.......D
000C0B14  db 0x50, 0x8B, 0xC1, 0xF6, 0x36, 0x4A, 0x04, 0x8A, 0xD4, 0x8A, 0xF0, 0x8A, 0xDC, 0x30, 0xFF, 0xB1 ; P...6J.......0..
000C0B24  db 0x03, 0x58, 0xF6, 0x06, 0x87, 0x04, 0x08, 0x74, 0x15, 0x8A, 0xEE, 0xD0, 0xE5, 0xF6, 0xC4, 0x80 ; .X.....t........
000C0B34  db 0x75, 0x06, 0xD0, 0xEE, 0xD0, 0xEE, 0xEB, 0x04, 0xD0, 0xE5, 0xD0, 0xE5, 0xEB, 0x16, 0xF6, 0xC4 ; u...............
000C0B44  db 0x80, 0x75, 0x0A, 0x8A, 0xEE, 0xD0, 0xE5, 0xD0, 0xEE, 0xD0, 0xEE, 0xEB, 0x07, 0xA0, 0x85, 0x04 ; .u..............
000C0B54  db 0xF6, 0xE6, 0x8B, 0xC8, 0xD1, 0xE3, 0xD1, 0xE3, 0xD1, 0xE3, 0x52, 0x8B, 0x16, 0x63, 0x04, 0x82 ; ..........R..c..
000C0B64  db 0xC2, 0x07, 0xEE, 0x5A, 0xB4, 0x01, 0x8A, 0x46, 0x06, 0x83, 0xC4, 0x08, 0xE9, 0x62, 0xFC, 0xA2 ; ...Z...F.....b..
000C0B74  db 0x62, 0x04, 0x8A, 0xF8, 0xE8, 0x53, 0xF7, 0x98, 0xF7, 0x26, 0x4C, 0x04, 0xA3, 0x4E, 0x04, 0x83 ; b....S...&L..N..
000C0B84  db 0xFE, 0x07, 0x7F, 0x02, 0xD1, 0xE8, 0x8B, 0x16, 0x63, 0x04, 0x8A, 0xC8, 0xB0, 0x0C, 0xE8, 0x65 ; ........c......e
000C0B94  db 0xF5, 0xFE, 0xC0, 0x8A, 0xE1, 0xE8, 0x5E, 0xF5, 0x8B, 0x17, 0xE9, 0xD7, 0xFE, 0x53, 0x51, 0xE8 ; ......^......SQ.
000C0BA4  db 0x48, 0xFC, 0x52, 0x50, 0x98, 0xF7, 0xE6, 0x50, 0x8B, 0xC6, 0x8A, 0x56, 0xFD, 0x30, 0xF6, 0xF7 ; H.RP...P...V.0..
000C0BB4  db 0xE2, 0x01, 0xC7, 0x5E, 0x01, 0xFE, 0x58, 0x5A, 0x51, 0x8A, 0xCB, 0x30, 0xED, 0x8A, 0xDF, 0x28 ; ...^..XZQ..0...(
000C0BC4  db 0xC3, 0x8A, 0xFA, 0x5A, 0x06, 0x1F, 0x08, 0xC0, 0x74, 0x49, 0x08, 0xE4, 0x7E, 0x03, 0xE8, 0x56 ; ...Z....tI..~..V
000C0BD4  db 0xF8, 0x50, 0x8A, 0xC3, 0x53, 0x51, 0x57, 0x56, 0xF2, 0xA4, 0x5E, 0x5F, 0x08, 0xE4, 0x7D, 0x18 ; .P..SQWV..^_..}.
000C0BE4  db 0xB9, 0x00, 0x20, 0xF6, 0xC7, 0x01, 0x75, 0x06, 0x01, 0xCF, 0x01, 0xCE, 0xEB, 0x08, 0x29, 0xCF ; .. ...u.......).
000C0BF4  db 0x29, 0xCE, 0x01, 0xD7, 0x01, 0xD6, 0xEB, 0x04, 0x01, 0xD6, 0x01, 0xD7, 0x59, 0xFE, 0xCF, 0x75 ; )...........Y..u
000C0C04  db 0xD4, 0x5B, 0xFE, 0xC8, 0x75, 0xCE, 0x08, 0xE4, 0x7E, 0x06, 0x80, 0xE4, 0xFE, 0xE8, 0x17, 0xF8 ; .[..u...~.......
000C0C14  db 0x58, 0xEB, 0x02, 0x8A, 0xC3, 0x08, 0xDB, 0x74, 0x60, 0x8B, 0xF0, 0xF6, 0xE7, 0x8B, 0xD8, 0x8A ; X......t`.......
000C0C24  db 0x46, 0xFF, 0x81, 0xE6, 0x00, 0xFF, 0x75, 0x06, 0xB4, 0x20, 0x86, 0xC4, 0xD1, 0xE9, 0x09, 0xF6 ; F.....u.. ......
000C0C34  db 0x7E, 0x1D, 0x52, 0x57, 0x51, 0xBA, 0xC4, 0x03, 0xB8, 0x02, 0x0F, 0xE8, 0xB8, 0xF4, 0x30, 0xC0 ; ~.RWQ.........0.
000C0C44  db 0xF2, 0xAA, 0x8A, 0x66, 0xFF, 0xB0, 0x02, 0xE8, 0xAC, 0xF4, 0x59, 0x5F, 0x5A, 0xB0, 0xFF, 0x57 ; ...f......Y_Z..W
000C0C54  db 0x51, 0x09, 0xF6, 0x75, 0x04, 0xF2, 0xAB, 0xEB, 0x02, 0xF2, 0xAA, 0x59, 0x5F, 0x09, 0xF6, 0x7D ; Q..u.......Y_..}
000C0C64  db 0x13, 0xF6, 0xC3, 0x01, 0x75, 0x06, 0x81, 0xC7, 0x00, 0x20, 0xEB, 0x06, 0x81, 0xEF, 0x00, 0x20 ; ....u.... ..... 
000C0C74  db 0x01, 0xD7, 0xEB, 0x02, 0x01, 0xD7, 0x4B, 0x75, 0xB5, 0x09, 0xF6, 0x7E, 0x09, 0xBA, 0xC4, 0x03 ; ......Ku...~....
000C0C84  db 0xB8, 0x02, 0x0F, 0xE8, 0x70, 0xF4, 0x31, 0xC0, 0x8E, 0xD8, 0xF6, 0x06, 0x87, 0x04, 0x04, 0x74 ; ....p.1........t
000C0C94  db 0x07, 0xBA, 0xD8, 0x03, 0xA0, 0x65, 0x04, 0xEE, 0x5B, 0x5B, 0xE9, 0x30, 0xFB, 0x53, 0x52, 0xE8 ; .....e..[[.0.SR.
000C0CA4  db 0x48, 0xFB, 0x52, 0x50, 0x98, 0xF7, 0xE6, 0x50, 0x8B, 0xC6, 0x8A, 0x56, 0xFD, 0x30, 0xF6, 0xF7 ; H.RP...P...V.0..
000C0CB4  db 0xE2, 0x01, 0xC7, 0x01, 0xF7, 0x29, 0xCF, 0x5E, 0xF7, 0xDE, 0x01, 0xFE, 0xF7, 0xD9, 0x58, 0x5A ; .....).^......XZ
000C0CC4  db 0xE9, 0xF5, 0xFE, 0xF6, 0xC4, 0x80, 0x74, 0x0C, 0xE8, 0x9C, 0xF6, 0xE8, 0x6E, 0xF7, 0x26, 0x8B ; ......t.....n.&.
000C0CD4  db 0x05, 0xE9, 0x06, 0xFB, 0xF6, 0xC4, 0x60, 0x74, 0x44, 0x30, 0xFF, 0xE8, 0xC9, 0xF6, 0xC5, 0x36 ; ......`tD0.....6
000C0CE4  db 0x0C, 0x01, 0x30, 0xC0, 0x50, 0xB0, 0x03, 0xE8, 0x48, 0xF9, 0x30, 0xFF, 0x8A, 0xD8, 0xD1, 0xE3 ; ..0.P...H.0.....
000C0CF4  db 0x3B, 0x10, 0x74, 0x02, 0xB0, 0xFF, 0xFE, 0xC8, 0x7D, 0xED, 0xFE, 0xC0, 0x58, 0x75, 0x03, 0xE9 ; ;.t.....}...Xu..
000C0D04  db 0xD5, 0xFA, 0xFE, 0xC0, 0x74, 0xF9, 0x83, 0xC6, 0x08, 0x3C, 0x80, 0x75, 0xD7, 0x31, 0xC9, 0x8E ; ....t....<.u.1..
000C0D14  db 0xD9, 0xC5, 0x36, 0x7C, 0x00, 0x8C, 0xD9, 0x09, 0xF1, 0x74, 0xE4, 0xEB, 0xC7, 0xE8, 0x63, 0xF6 ; ..6|.....t....c.
000C0D24  db 0x8B, 0x1E, 0x85, 0x04, 0x8B, 0x0E, 0x4A, 0x04, 0xC5, 0x36, 0x0C, 0x01, 0xBA, 0xCE, 0x03, 0xF6 ; ......J..6......
000C0D34  db 0xC4, 0x04, 0x75, 0x04, 0xB4, 0x08, 0xEB, 0x10, 0xB8, 0x07, 0x05, 0xF7, 0xC7, 0x01, 0x00, 0x74 ; ..u............t
000C0D44  db 0x02, 0xD0, 0xE4, 0xE8, 0xB0, 0xF3, 0xB4, 0x18, 0xB0, 0x05, 0xE8, 0xA9, 0xF3, 0x8B, 0xD3, 0x55 ; ...............U
000C0D54  db 0x30, 0xC0, 0x50, 0x8A, 0xF2, 0x31, 0xDB, 0x31, 0xED, 0x26, 0x8A, 0x03, 0xF6, 0xD0, 0x3A, 0x00 ; 0.P..1.1.&....:.
000C0D64  db 0x74, 0x02, 0x28, 0xF6, 0x43, 0x01, 0xCD, 0xFE, 0xCE, 0x7F, 0xEE, 0x58, 0x75, 0x11, 0xBA, 0xCE ; t.(.C......Xu...
000C0D74  db 0x03, 0x50, 0x80, 0xE4, 0x10, 0xB0, 0x05, 0xE8, 0x7C, 0xF3, 0x58, 0x5D, 0xE9, 0x58, 0xFA, 0x30 ; .P......|.X].X.0
000C0D84  db 0xF6, 0x01, 0xD6, 0xFE, 0xC0, 0x74, 0xE7, 0x3C, 0x80, 0x75, 0x1D, 0x8C, 0xDB, 0x81, 0xFB, 0x00 ; .....t.<.u......
000C0D94  db 0xC0, 0x75, 0x15, 0x8A, 0xDA, 0x52, 0xE8, 0x70, 0xF5, 0x74, 0x0C, 0x82, 0xFB, 0x0E, 0x75, 0x03 ; .u...R.p.t....u.
000C0DA4  db 0x83, 0xC2, 0x04, 0x8B, 0xF2, 0x8B, 0x34, 0x5A, 0xEB, 0xA8, 0x09, 0xC9, 0x74, 0x18, 0xF6, 0xC4 ; ......4Z....t...
000C0DB4  db 0x80, 0x75, 0x05, 0xE8, 0x0F, 0xF9, 0xEB, 0x0E, 0xE8, 0xAC, 0xF5, 0x8A, 0xE3, 0x50, 0xE8, 0x7B ; .u...........P.{
000C0DC4  db 0xF6, 0x58, 0xAB, 0xFB, 0xE2, 0xF7, 0xE9, 0x04, 0xFA, 0x09, 0xC9, 0x74, 0x03, 0xE8, 0x9D, 0xF9 ; .X.........t....
000C0DD4  db 0xE9, 0xFA, 0xF9, 0x81, 0xCE, 0x08, 0x00, 0x83, 0xFE, 0x0F, 0x75, 0x03, 0xE9, 0xEE, 0xF9, 0xF6 ; ..........u.....
000C0DE4  db 0xC4, 0x02, 0x74, 0x22, 0xA0, 0x66, 0x04, 0x08, 0xFF, 0x74, 0x0A, 0x0C, 0x20, 0x08, 0xDB, 0x75 ; ..t".f...t.. ..u
000C0DF4  db 0x02, 0x34, 0x20, 0xEB, 0x07, 0x80, 0xE3, 0x1F, 0x24, 0xE0, 0x08, 0xD8, 0xA2, 0x66, 0x04, 0xBA ; .4 .....$....f..
000C0E04  db 0xD9, 0x03, 0xEE, 0xE9, 0xC7, 0xF9, 0xE8, 0x10, 0xF6, 0x08, 0xFF, 0x75, 0x42, 0x80, 0xE3, 0x1F ; ...........uB...
000C0E14  db 0xA0, 0x66, 0x04, 0x24, 0xE0, 0x08, 0xD8, 0xA2, 0x66, 0x04, 0x80, 0xE3, 0x07, 0xA8, 0x08, 0x74 ; .f.$....f......t
000C0E24  db 0x03, 0x80, 0xCB, 0x10, 0x8A, 0xFB, 0xB3, 0x11, 0xF6, 0xC4, 0x80, 0x75, 0x0A, 0xE8, 0xAF, 0xF5 ; ...........u....
000C0E34  db 0x30, 0xDB, 0xE8, 0xAA, 0xF5, 0xEB, 0x0D, 0xF6, 0xC4, 0x01, 0x75, 0x05, 0xE8, 0xA0, 0xF5, 0xEB ; 0.........u.....
000C0E44  db 0x03, 0xE8, 0xB9, 0xF5, 0x30, 0xDB, 0xF6, 0x06, 0x66, 0x04, 0x20, 0x74, 0x02, 0xFE, 0xC3, 0xF6 ; ....0...f. t....
000C0E54  db 0xC4, 0x80, 0x75, 0x23, 0xA0, 0x66, 0x04, 0x0C, 0x20, 0x80, 0xE3, 0x01, 0x75, 0x02, 0x34, 0x20 ; ..u#.f.. ...u.4 
000C0E64  db 0xA2, 0x66, 0x04, 0x24, 0x10, 0x08, 0xD8, 0x8A, 0xF8, 0x30, 0xDB, 0x81, 0xC3, 0x01, 0x02, 0xE8 ; .f.$.....0......
000C0E74  db 0x6D, 0xF5, 0x82, 0xFB, 0x03, 0x75, 0xF4, 0xE8, 0x5D, 0xF5, 0xE9, 0x50, 0xF9, 0xF6, 0xC4, 0x60 ; m....u..]..P...`
000C0E84  db 0x74, 0x22, 0xE8, 0xA6, 0xF4, 0x8A, 0xCB, 0x26, 0x8A, 0x15, 0xD2, 0xCA, 0x08, 0xC0, 0x79, 0x06 ; t".....&......y.
000C0E94  db 0x20, 0xF8, 0x30, 0xD0, 0xEB, 0x08, 0x20, 0xF8, 0xF6, 0xD7, 0x20, 0xFA, 0x08, 0xD0, 0xD2, 0xC0 ;  .0... ... .....
000C0EA4  db 0xAA, 0xE9, 0x29, 0xF9, 0x8A, 0xD8, 0xE8, 0xAD, 0xF5, 0xE8, 0x38, 0xF4, 0xB8, 0x08, 0x01, 0xBA ; ..).......8.....
000C0EB4  db 0xCE, 0x03, 0xD2, 0xE4, 0xE8, 0x3F, 0xF2, 0x08, 0xDB, 0x79, 0x08, 0xB8, 0x03, 0x18, 0xE8, 0x35 ; .....?...y.....5
000C0EC4  db 0xF2, 0xEB, 0x0F, 0xB2, 0xC4, 0xB8, 0x02, 0x0F, 0xE8, 0x2B, 0xF2, 0x26, 0x8A, 0x2D, 0x26, 0xC6 ; .........+.&.-&.
000C0ED4  db 0x05, 0x00, 0xB2, 0xC4, 0xB8, 0x02, 0x0F, 0x20, 0xDC, 0xE8, 0x1A, 0xF2, 0x26, 0x8A, 0x2D, 0x26 ; ....... ....&.-&
000C0EE4  db 0xC6, 0x05, 0xFF, 0xB4, 0x0F, 0xE8, 0x0E, 0xF2, 0xB2, 0xCE, 0xB8, 0x08, 0xFF, 0xE8, 0x06, 0xF2 ; ................
000C0EF4  db 0xB8, 0x03, 0x00, 0xE8, 0x00, 0xF2, 0xE9, 0xD4, 0xF8, 0xF6, 0xC4, 0x60, 0x74, 0x0E, 0xE8, 0x2A ; ...........`t..*
000C0F04  db 0xF4, 0x26, 0x8A, 0x05, 0x8A, 0xCB, 0xD2, 0xE8, 0x20, 0xF8, 0xEB, 0x35, 0xE8, 0xD5, 0xF3, 0xBA ; .&...... ..5....
000C0F14  db 0xCE, 0x03, 0xBB, 0x00, 0x03, 0x30, 0xED, 0xF6, 0xC4, 0x04, 0x74, 0x03, 0xBB, 0x01, 0x02, 0x8A ; .....0....t.....
000C0F24  db 0xE7, 0xB0, 0x04, 0xE8, 0xD0, 0xF1, 0x26, 0x8A, 0x05, 0xD2, 0xE8, 0x24, 0x01, 0xD0, 0xE5, 0x08 ; ......&....$....
000C0F34  db 0xDB, 0x74, 0x06, 0x08, 0xC5, 0xD0, 0xE5, 0xFE, 0xCF, 0x08, 0xC5, 0xFE, 0xCF, 0x79, 0xE0, 0x8A ; .t...........y..
000C0F44  db 0xC5, 0xE9, 0x93, 0xF8, 0x8A, 0x3E, 0x62, 0x04, 0x53, 0xE8, 0x7E, 0xF3, 0x8B, 0x17, 0x5B, 0x3C ; .....>b.S.~...[<
000C0F54  db 0x0D, 0x75, 0x05, 0x30, 0xD2, 0xE9, 0x0F, 0xFB, 0x3C, 0x08, 0x75, 0x0C, 0x08, 0xD2, 0x75, 0x03 ; .u.0....<.u...u.
000C0F64  db 0xE9, 0x6A, 0xF8, 0xFE, 0xCA, 0xE9, 0xFF, 0xFA, 0x3C, 0x07, 0x75, 0x06, 0xE8, 0xF8, 0xF4, 0xE9 ; .j......<.u.....
000C0F74  db 0x5B, 0xF8, 0x3C, 0x0A, 0x74, 0x1D, 0x50, 0x53, 0x52, 0x55, 0x1E, 0xB9, 0x01, 0x00, 0xE8, 0xEC ; [.<.t.PSRU......
000C0F84  db 0xF7, 0x1F, 0x5D, 0x5A, 0x5B, 0x58, 0xFE, 0xC2, 0x3A, 0x16, 0x4A, 0x04, 0x74, 0x03, 0xE9, 0xD6 ; ..]Z[X..:.J.t...
000C0F94  db 0xFA, 0x30, 0xD2, 0x3A, 0x36, 0x84, 0x04, 0x74, 0x05, 0xFE, 0xC6, 0xE9, 0xC9, 0xFA, 0x50, 0xF6 ; .0.:6..t......P.
000C0FA4  db 0xC4, 0x80, 0x75, 0x04, 0x30, 0xE4, 0xEB, 0x04, 0xB4, 0x08, 0xCD, 0x10, 0x50, 0xB4, 0x02, 0xCD ; ..u.0.......P...
000C0FB4  db 0x10, 0x5B, 0x58, 0xB0, 0x01, 0x31, 0xC9, 0x8A, 0x16, 0x4A, 0x04, 0xFE, 0xCA, 0xE9, 0xDD, 0xFB ; .[X..1...J......
000C0FC4  db 0x8B, 0xCE, 0x8A, 0x2E, 0x4A, 0x04, 0x8A, 0x3E, 0x62, 0x04, 0xF6, 0x06, 0x87, 0x04, 0x08, 0x75 ; ....J..>b......u
000C0FD4  db 0x0A, 0xF6, 0x06, 0x87, 0x04, 0x80, 0x74, 0x03, 0x80, 0xC9, 0x80, 0x8B, 0xC1, 0x5A, 0x59, 0x5D ; ......t......ZY]
000C0FE4  db 0xE9, 0xFA, 0xF7, 0xB3, 0x11, 0xE8, 0xF7, 0xF3, 0xE8, 0xEC, 0xF3, 0xE9, 0xDF, 0xF7, 0xF6, 0x06 ; ................
000C0FF4  db 0x87, 0x04, 0x08, 0x75, 0xF6, 0x8A, 0xE8, 0xE8, 0x1F, 0xF4, 0x08, 0xED, 0x74, 0xE7, 0xFE, 0xCD ; ...u........t...
000C1004  db 0x74, 0xE1, 0xFE, 0xCD, 0x75, 0x25, 0x1E, 0x8E, 0x5E, 0x0E, 0x8B, 0x6E, 0x00, 0x30, 0xDB, 0x3E ; t...u%..^..n.0.>
000C1014  db 0x8A, 0x7E, 0x00, 0x8C, 0xD9, 0x1F, 0x1E, 0xE8, 0xC5, 0xF3, 0x8E, 0xD9, 0x45, 0xFE, 0xC3, 0x82 ; .~..........E...
000C1024  db 0xFB, 0x10, 0x75, 0xEB, 0x3E, 0x8A, 0x7E, 0x00, 0x1F, 0xEB, 0xB8, 0xFE, 0xCD, 0x75, 0xBC, 0x52 ; ..u.>.~......u.R
000C1034  db 0xA0, 0x49, 0x04, 0xE8, 0x2C, 0xF2, 0x5A, 0xB0, 0x10, 0xEE, 0x26, 0x8A, 0x45, 0x33, 0x08, 0xDB ; .I..,.Z...&.E3..
000C1044  db 0x75, 0x07, 0x80, 0x26, 0x65, 0x04, 0xDF, 0x24, 0xF7, 0xFE, 0xCB, 0x75, 0x07, 0x80, 0x0E, 0x65 ; u..&e..$...u...e
000C1054  db 0x04, 0x20, 0x0C, 0x08, 0xEE, 0xEB, 0x91, 0xFB, 0xE9, 0x72, 0xF7, 0x3C, 0x30, 0x77, 0xF8, 0x75 ; . .......r.<0w.u
000C1064  db 0x35, 0x8B, 0x0E, 0x85, 0x04, 0x8A, 0x16, 0x84, 0x04, 0x08, 0xFF, 0x75, 0x07, 0xC4, 0x2E, 0x7C ; 5..........u...|
000C1074  db 0x00, 0xE9, 0x6C, 0xF7, 0xFE, 0xCF, 0x75, 0x07, 0xC4, 0x2E, 0x0C, 0x01, 0xE9, 0x61, 0xF7, 0xFE ; ..l...u......a..
000C1084  db 0xCF, 0x82, 0xFF, 0x03, 0x7F, 0x0D, 0x8A, 0xDF, 0x30, 0xFF, 0xD1, 0xE3, 0xD1, 0xE3, 0x2E, 0xC4 ; ........0.......
000C1094  db 0xAF, 0xE0, 0x3F, 0xE9, 0x4A, 0xF7, 0xA8, 0x0C, 0x75, 0xBD, 0x3C, 0x13, 0x74, 0xB9, 0x7E, 0x61 ; ..?.J...u.<.t.~a
000C10A4  db 0xC4, 0x6E, 0x0C, 0x3C, 0x21, 0x7D, 0x0B, 0xFA, 0x89, 0x2E, 0x7C, 0x00, 0x8C, 0x06, 0x7E, 0x00 ; .n.<!}....|...~.
000C10B4  db 0xEB, 0xA5, 0x74, 0x24, 0xB9, 0x08, 0x00, 0x2E, 0xC4, 0x2E, 0xE4, 0x3F, 0x3C, 0x22, 0x75, 0x18 ; ..t$.......?<"u.
000C10C4  db 0xB1, 0x0E, 0x2E, 0xC4, 0x2E, 0xE0, 0x3F, 0x52, 0xE8, 0x3E, 0xF2, 0x74, 0x0A, 0x83, 0xC2, 0x02 ; ......?R.>.t....
000C10D4  db 0x56, 0x8B, 0xF2, 0x2E, 0x8B, 0x2C, 0x5E, 0x5A, 0xFA, 0x89, 0x0E, 0x85, 0x04, 0x89, 0x2E, 0x0C ; V....,^Z........
000C10E4  db 0x01, 0x8C, 0x06, 0x0E, 0x01, 0x08, 0xDB, 0x75, 0x04, 0xFE, 0xCA, 0xEB, 0x0D, 0xB2, 0x18, 0x82 ; .......u........
000C10F4  db 0xFB, 0x02, 0x74, 0x06, 0xB2, 0x2A, 0x7D, 0x02, 0xB2, 0x0D, 0x88, 0x16, 0x84, 0x04, 0xE9, 0x56 ; ..t..*}........V
000C1104  db 0xFF, 0x3C, 0x03, 0x75, 0x1A, 0xBA, 0xC4, 0x03, 0xFA, 0xB8, 0x00, 0x01, 0xE8, 0xE7, 0xEF, 0x8A ; .<.u............
000C1114  db 0xE3, 0xB0, 0x03, 0xE8, 0xE0, 0xEF, 0xB8, 0x00, 0x03, 0xE8, 0xDA, 0xEF, 0xE9, 0x38, 0xFF, 0x50 ; .............8.P
000C1124  db 0x53, 0x24, 0x0F, 0xE8, 0x48, 0xF4, 0xA0, 0x49, 0x04, 0xE8, 0x64, 0xF3, 0x5B, 0x58, 0x3C, 0x03 ; S$..H..I..d.[X<.
000C1134  db 0x7D, 0x0B, 0x8B, 0x0E, 0x60, 0x04, 0xB4, 0x01, 0xCD, 0x10, 0xE9, 0xAB, 0xFE, 0x3C, 0x11, 0x7C ; }...`........<.|
000C1144  db 0x06, 0xB7, 0x08, 0x75, 0x02, 0xB7, 0x0E, 0x8A, 0xDF, 0x30, 0xFF, 0x89, 0x1E, 0x85, 0x04, 0x50 ; ...u.....0.....P
000C1154  db 0x8B, 0x16, 0x63, 0x04, 0xF6, 0xC4, 0x20, 0x75, 0x07, 0x8A, 0xE3, 0xB0, 0x14, 0xE8, 0x96, 0xEF ; ..c... u........
000C1164  db 0xFE, 0xCB, 0x8A, 0xE3, 0xB0, 0x09, 0xE8, 0x8D, 0xEF, 0x8A, 0xCB, 0xFE, 0xCB, 0x8A, 0xEB, 0xB4 ; ................
000C1174  db 0x01, 0xCD, 0x10, 0x58, 0xB9, 0x5E, 0x01, 0xF6, 0xC4, 0x21, 0x75, 0x03, 0xB9, 0xC8, 0x00, 0x8B ; ...X.^...!u.....
000C1184  db 0xC1, 0x99, 0xF7, 0x36, 0x85, 0x04, 0x30, 0xE4, 0x8B, 0xC8, 0xF7, 0x26, 0x85, 0x04, 0x8B, 0x16 ; ...6..0....&....
000C1194  db 0x63, 0x04, 0x8A, 0xE0, 0xFE, 0xCC, 0xB0, 0x12, 0xE8, 0x5B, 0xEF, 0x8B, 0xC1, 0xF7, 0x26, 0x4A ; c........[....&J
000C11A4  db 0x04, 0xD1, 0xE0, 0xFE, 0xC4, 0xA3, 0x4C, 0x04, 0xFE, 0xC9, 0x88, 0x0E, 0x84, 0x04, 0xE9, 0x37 ; ......L........7
000C11B4  db 0xFE, 0xFE, 0x46, 0x06, 0x82, 0xFB, 0x10, 0x75, 0x24, 0xB1, 0x04, 0x8A, 0x1E, 0x87, 0x04, 0x8A ; ..F....u$.......
000C11C4  db 0xFB, 0xD2, 0xEB, 0xD1, 0xEB, 0x81, 0xE3, 0x03, 0x01, 0x8A, 0x2E, 0x88, 0x04, 0xD2, 0xED, 0x8A ; ................
000C11D4  db 0x0E, 0x88, 0x04, 0x81, 0xE1, 0x0F, 0x0F, 0x5A, 0x5D, 0x5D, 0xE9, 0xF3, 0xF5, 0x82, 0xFB, 0x20 ; .......Z]]..... 
000C11E4  db 0x75, 0x0C, 0xFA, 0xC7, 0x06, 0x14, 0x00, 0xCD, 0x01, 0x8C, 0x0E, 0x16, 0x00, 0xFB, 0xE9, 0xDC ; u...............
000C11F4  db 0xF5, 0x8B, 0xF0, 0x3C, 0x04, 0x73, 0x73, 0x53, 0xE8, 0xCF, 0xF0, 0x8B, 0x3F, 0x5B, 0xB4, 0x02 ; ...<.ssS....?[..
000C1204  db 0xCD, 0x10, 0x09, 0xC9, 0x74, 0x58, 0xC4, 0x6E, 0x0C, 0x26, 0x8A, 0x46, 0x00, 0x45, 0x3C, 0x0D ; ....tX.n.&.F.E<.
000C1214  db 0x74, 0x0A, 0x3C, 0x0A, 0x74, 0x06, 0x3C, 0x08, 0x74, 0x02, 0x3C, 0x07, 0x75, 0x0D, 0xB4, 0x0E ; t.<.t.<.t.<.u...
000C1224  db 0xCD, 0x10, 0x53, 0xE8, 0xA4, 0xF0, 0x8B, 0x17, 0x5B, 0xEB, 0x2D, 0xF7, 0xC6, 0x02, 0x00, 0x74 ; ..S.....[.-....t
000C1234  db 0x05, 0x26, 0x8A, 0x5E, 0x00, 0x45, 0x51, 0xB9, 0x01, 0x00, 0xB4, 0x09, 0xCD, 0x10, 0x59, 0xFE ; .&.^.EQ.......Y.
000C1244  db 0xC2, 0x3A, 0x16, 0x4A, 0x04, 0x75, 0x11, 0x30, 0xD2, 0x3A, 0x36, 0x84, 0x04, 0x75, 0x07, 0xB8 ; .:.J.u.0.:6..u..
000C1254  db 0x0A, 0x0E, 0xCD, 0x10, 0xEB, 0x02, 0xFE, 0xC6, 0xB4, 0x02, 0xCD, 0x10, 0xE2, 0xAB, 0x8B, 0xD7 ; ................
000C1264  db 0xF7, 0xC6, 0x01, 0x00, 0x75, 0x04, 0xB4, 0x02, 0xCD, 0x10, 0xE9, 0x60, 0xF5, 0x9C, 0x08, 0x0F ; ....u......`....
000C1274  db 0x0A, 0x6B, 0x0A, 0x98, 0x0A, 0xA7, 0x0A, 0x73, 0x0B, 0xA1, 0x0B, 0xA1, 0x0C, 0xC7, 0x0C, 0xAE ; .k.....s........
000C1284  db 0x0D, 0xCD, 0x0D, 0xD7, 0x0D, 0x81, 0x0E, 0xFD, 0x0E, 0x48, 0x0F, 0xC4, 0x0F, 0xF2, 0x0F, 0x5F ; .........H....._
000C1294  db 0x10, 0xB5, 0x11, 0xF5, 0x11, 0xFC, 0xFB, 0x82, 0xFC, 0x13, 0x76, 0x03, 0xCD, 0x42, 0xCF, 0x1E ; ..........v..B..
000C12A4  db 0x06, 0x55, 0x56, 0x57, 0x50, 0x53, 0x51, 0x52, 0x8B, 0xEC, 0x86, 0xC4, 0x50, 0x31, 0xFF, 0x8E ; .UVWPSQR....P1..
000C12B4  db 0xDF, 0x8B, 0x36, 0x49, 0x04, 0xE8, 0x65, 0xEF, 0xF6, 0xC4, 0x20, 0x74, 0x06, 0xC7, 0x06, 0x4C ; ..6I..e... t...L
000C12C4  db 0x04, 0x00, 0x10, 0x5F, 0x81, 0xE7, 0xFF, 0x00, 0xD1, 0xE7, 0x2E, 0xFF, 0xA5, 0x71, 0x12 ; ..._.........q.
000C12D3  BA DA 03             mov    dx, 0x3da            ; dx = 0x3da
000C12D6  E8 1D EE             call   0xc00f6              ; call 0xf6
000C12D9  B2 BA                mov    dl, 0xba ; dl = 0xba
000C12DB  E8 18 EE             call   0xc00f6 ; call 0xf6
000C12DE  B2 C2                mov    dl, 0xc2 ; dl = 0xc2
000C12E0  EC                   in     al, dx ; al = IO[dx]
000C12E1  24 60                and    al, 0x60 ; al &= 0x60; flags
000C12E3  C3                   ret ; return
000C12E4  80 26 88 04 0F       and    byte ptr [0x488], 0xf ; mem8(ds/ss:0x488) &= 0xf; flags
000C12E9  B0 01                mov    al, 1                ; al = 0x1
000C12EB  E8 E5 FF             call   0xc12d3              ; call 0x12d3
000C12EE  D0 E8                shr    al, 1 ; al >>= 0x1; flags
000C12F0  08 06 88 04          or     byte ptr [0x488], al ; mem8(ds/ss:0x488) |= al; flags
000C12F4  B0 02                mov    al, 2 ; al = 0x2
000C12F6  E8 DA FF             call   0xc12d3 ; call 0x12d3
000C12F9  D0 E0                shl    al, 1 ; al <<= 0x1; flags
000C12FB  08 06 88 04          or     byte ptr [0x488], al ; mem8(ds/ss:0x488) |= al; flags
000C12FF  C3                   ret ; return
000C1300  BA C2 03             mov    dx, 0x3c2            ; dx = 0x3c2
000C1303  B0 A7                mov    al, 0xa7             ; al = 0xa7
000C1305  E8 EE ED             call   0xc00f6              ; call 0xf6
000C1308  BA DF 03             mov    dx, 0x3df ; dx = 0x3df
000C130B  E8 EA ED             call   0xc00f8 ; call 0xf8
000C130E  8A E0                mov    ah, al ; ah = al
000C1310  F6 06 87 04 02       test   byte ptr [0x487], 2 ; flags = mem8(ds/ss:0x487) & 0x2
000C1315  74 08                je     0xc131f ; if ZF=1 then jump 0x131f
000C1317  BA C2 03             mov    dx, 0x3c2 ; dx = 0x3c2
000C131A  B0 A6                mov    al, 0xa6 ; al = 0xa6
000C131C  E8 D7 ED             call   0xc00f6 ; call 0xf6
000C131F  F6 C4 80             test   ah, 0x80 ; flags = ah & 0x80
000C1322  75 34                jne    0xc1358 ; if ZF=0 then jump 0x1358
000C1324  A0 88 04             mov    al, byte ptr [0x488] ; al = mem8(ds/ss:0x488)
000C1327  50                   push   ax ; push ax
000C1328  24 0F                and    al, 0xf ; al &= 0xf; flags
000C132A  3C 03                cmp    al, 3 ; flags = al - 0x3
000C132C  74 02                je     0xc1330 ; if ZF=1 then jump 0x1330
000C132E  3C 09                cmp    al, 9 ; flags = al - 0x9
000C1330  75 04                jne    0xc1336 ; if ZF=0 then jump 0x1336
000C1332  FE 0E 88 04          dec    byte ptr [0x488] ; mem8(ds/ss:0x488)-- ; flags (CF unchanged)
000C1336  B0 07                mov    al, 7 ; al = 0x7
000C1338  F6 06 87 04 02       test   byte ptr [0x487], 2 ; flags = mem8(ds/ss:0x487) & 0x2
000C133D  75 02                jne    0xc1341 ; if ZF=0 then jump 0x1341
000C133F  B0 03                mov    al, 3 ; al = 0x3
000C1341  B4 00                mov    ah, 0 ; ah = 0x0
000C1343  CD 10                int    0x10 ; BIOS interrupt 0x10 (Video Services)
000C1345  58                   pop    ax ; pop -> ax
000C1346  A2 88 04             mov    byte ptr [0x488], al ; mem8(ds/ss:0x488) = al
000C1349  C7 06 40 00 65 F0    mov    word ptr [0x40], 0xf065 ; mem16(ds/ss:0x40) = 0xf065
000C134F  C7 06 42 00 00 F0    mov    word ptr [0x42], 0xf000 ; mem16(ds/ss:0x42) = 0xf000
000C1355  E8 0B EE             call   0xc0163 ; call 0x163
000C1358  C3                   ret ; return
000C1359  80 26 88 04 F0       and    byte ptr [0x488], 0xf0 ; mem8(ds/ss:0x488) &= 0xf0; flags
000C135E  BA C2 03             mov    dx, 0x3c2            ; dx = 0x3c2
000C1361  B9 0D 01             mov    cx, 0x10d            ; cx = 0x10d
000C1364  8A C1                mov    al, cl ; al = cl
000C1366  E8 8D ED             call   0xc00f6 ; call 0xf6
000C1369  EC                   in     al, dx ; al = IO[dx]
000C136A  A8 10                test   al, 0x10 ; flags = al & 0x10
000C136C  74 04                je     0xc1372 ; if ZF=1 then jump 0x1372
000C136E  08 2E 88 04          or     byte ptr [0x488], ch ; mem8(ds/ss:0x488) |= ch; flags
000C1372  82 E9 04             sub    cl, 4 ; cl -= 0x4; flags
000C1375  D0 E5                shl    ch, 1 ; ch <<= 0x1; flags
000C1377  F6 C5 10             test   ch, 0x10 ; flags = ch & 0x10
000C137A  74 E8                je     0xc1364 ; if ZF=1 then jump 0x1364
000C137C  8A 26 88 04          mov    ah, byte ptr [0x488] ; ah = mem8(ds/ss:0x488)
000C1380  80 E4 0F             and    ah, 0xf ; ah &= 0xf; flags
000C1383  82 FC 05             cmp    ah, 5 ; flags = ah - 0x5
000C1386  7E 05                jle    0xc138d ; if ZF=1 or SF!=OF then jump 0x138d
000C1388  82 EC 08             sub    ah, 8 ; ah -= 0x8; flags
000C138B  EB 03                jmp    0xc1390 ; jump 0x1390
000C138D  82 EC 02             sub    ah, 2 ; ah -= 0x2; flags
000C1390  80 E4 FE             and    ah, 0xfe ; ah &= 0xfe; flags
000C1393  74 02                je     0xc1397 ; if ZF=1 then jump 0x1397
000C1395  B4 10                mov    ah, 0x10 ; ah = 0x10
000C1397  E8 A6 ED             call   0xc0140 ; call 0x140
000C139A  BA DF 03             mov    dx, 0x3df ; dx = 0x3df
000C139D  8A C4                mov    al, ah ; al = ah
000C139F  EE                   out    dx, al ; IO[0x3df] = al
000C13A0  E8 95 ED             call   0xc0138 ; call 0x138
000C13A3  BA DF 03             mov    dx, 0x3df ; dx = 0x3df
000C13A6  8A C4                mov    al, ah ; al = ah
000C13A8  EE                   out    dx, al ; IO[0x3df] = al
000C13A9  C3                   ret ; return
000C13AA  BA C4 03             mov    dx, 0x3c4 ; dx = 0x3c4
000C13AD  B8 02 0F             mov    ax, 0xf02 ; ax = 0xf02
000C13B0  E8 47 ED             call   0xc00fa ; call 0xfa
000C13B3  31 C0                xor    ax, ax ; ax ^= ax; flags
000C13B5  30 F6                xor    dh, dh ; dh ^= dh; flags
000C13B7  51                   push   cx ; push cx
000C13B8  1E                   push   ds ; push ds
000C13B9  06                   push   es ; push es
000C13BA  1F                   pop    ds ; pop -> ds
000C13BB  8B FB                mov    di, bx ; di = bx
000C13BD  B9 00 20             mov    cx, 0x2000 ; cx = 0x2000
000C13C0  F2 AB                repne stosw word ptr es:[di], ax ; repeat STOSW CX times (REPNE behaves like REP for STOSW)
000C13C2  8B FB                mov    di, bx ; di = bx
000C13C4  B9 00 20             mov    cx, 0x2000 ; cx = 0x2000
000C13C7  F3 AF                repe scasw ax, word ptr es:[di] ; repeat SCASW while ZF=1 and CX>0
000C13C9  74 02                je     0xc13cd ; if ZF=1 then jump 0x13cd
000C13CB  FE C6                inc    dh ; dh++ ; flags (CF unchanged)
000C13CD  1F                   pop    ds ; pop -> ds
000C13CE  59                   pop    cx ; pop -> cx
000C13CF  C3                   ret ; return
000C13D0  81 3E 72 04 34 12    cmp    word ptr [0x472], 0x1234 ; flags = mem16(ds/ss:0x472) - 0x1234
000C13D6  74 D2                je     0xc13aa              ; if ZF=1 then jump 0x13aa
000C13D8  30 F6                xor    dh, dh ; dh ^= dh; flags
000C13DA  B8 55 AA             mov    ax, 0xaa55 ; ax = 0xaa55
000C13DD  E8 D7 FF             call   0xc13b7 ; call 0x13b7
000C13E0  86 E0                xchg   al, ah ; swap al <-> ah
000C13E2  E8 D2 FF             call   0xc13b7 ; call 0x13b7
000C13E5  31 C0                xor    ax, ax ; ax ^= ax; flags
000C13E7  E8 CD FF             call   0xc13b7 ; call 0x13b7
000C13EA  08 F6                or     dh, dh ; dh |= dh; flags
000C13EC  74 03                je     0xc13f1 ; if ZF=1 then jump 0x13f1
000C13EE  E8 7A F0             call   0xc046b ; call 0x46b
000C13F1  08 F6                or     dh, dh ; dh |= dh; flags
000C13F3  C3                   ret ; return
000C13F4  8A E5                mov    ah, ch ; ah = ch
000C13F6  80 E4 30             and    ah, 0x30 ; ah &= 0x30; flags
000C13F9  80 26 10 04 CF       and    byte ptr [0x410], 0xcf ; mem8(ds/ss:0x410) &= 0xcf; flags
000C13FE  08 26 10 04          or     byte ptr [0x410], ah ; mem8(ds/ss:0x410) |= ah; flags
000C1402  B0 01                mov    al, 1 ; al = 0x1
000C1404  F6 C4 20             test   ah, 0x20 ; flags = ah & 0x20
000C1407  74 09                je     0xc1412 ; if ZF=1 then jump 0x1412
000C1409  B0 03                mov    al, 3 ; al = 0x3
000C140B  82 FC 30             cmp    ah, 0x30 ; flags = ah - 0x30
000C140E  75 02                jne    0xc1412 ; if ZF=0 then jump 0x1412
000C1410  B0 07                mov    al, 7 ; al = 0x7
000C1412  B4 00                mov    ah, 0 ; ah = 0x0
000C1414  CD 10                int    0x10 ; BIOS interrupt 0x10 (Video Services)
000C1416  C3                   ret ; return
000C1417  BA C2 03             mov    dx, 0x3c2            ; dx = 0x3c2
000C141A  8A 1E 88 04          mov    bl, byte ptr [0x488] ; bl = mem8(ds/ss:0x488)
000C141E  81 E3 0F 00          and    bx, 0xf              ; bx &= 0xf; flags
000C1422  2E 8A AF B9 00       mov    ch, byte ptr cs:[bx + 0xb9] ; ch = mem8(cs:bx + 0xb9)
000C1427  B0 23                mov    al, 0x23             ; al = 0x23
000C1429  F6 C5 01             test   ch, 1                ; flags = ch & 0x1
000C142C  74 07                je     0xc1435              ; if ZF=1 then jump 0x1435
000C142E  80 0E 87 04 02       or     byte ptr [0x487], 2 ; mem8(ds/ss:0x487) |= 0x2; flags
000C1433  B0 A6                mov    al, 0xa6 ; al = 0xa6
000C1435  EE                   out    dx, al ; IO[dx] = al
000C1436  E8 BB FF             call   0xc13f4 ; call 0x13f4
000C1439  D0 ED                shr    ch, 1 ; ch >>= 0x1; flags
000C143B  D0 ED                shr    ch, 1 ; ch >>= 0x1; flags
000C143D  EB B5                jmp    0xc13f4 ; jump 0x13f4
; ---- Video ROM entry (header jump) ----
000C143F  BA C2 03             mov    dx, 0x3c2 ; dx = 0x3c2
000C1442  B0 23                mov    al, 0x23 ; al = 0x23
000C1444  EE                   out    dx, al ; IO[VGA_MISC_OUTPUT] = al
000C1445  E8 F0 EC             call   0xc0138 ; call 0x138
000C1448  30 C0                xor    al, al ; al ^= al; flags
000C144A  B2 DB                mov    dl, 0xdb ; dl = 0xdb
000C144C  E8 A7 EC             call   0xc00f6 ; call 0xf6
000C144F  E8 EE EC             call   0xc0140 ; call 0x140
000C1452  30 C0                xor    al, al ; al ^= al; flags
000C1454  B2 BB                mov    dl, 0xbb ; dl = 0xbb
000C1456  E8 9D EC             call   0xc00f6 ; call 0xf6
000C1459  E8 DC EC             call   0xc0138 ; call 0x138
000C145C  30 C0                xor    al, al ; al ^= al; flags
000C145E  B2 DF                mov    dl, 0xdf ; dl = 0xdf
000C1460  E8 93 EC             call   0xc00f6 ; call 0xf6
000C1463  E8 DA EC             call   0xc0140 ; call 0x140
000C1466  30 C0                xor    al, al ; al ^= al; flags
000C1468  B2 DF                mov    dl, 0xdf ; dl = 0xdf
000C146A  E8 89 EC             call   0xc00f6 ; call 0xf6
000C146D  BA DA 03             mov    dx, 0x3da ; dx = 0x3da
000C1470  E8 85 EC             call   0xc00f8 ; call 0xf8
000C1473  B2 BA                mov    dl, 0xba ; dl = 0xba
000C1475  E8 80 EC             call   0xc00f8 ; call 0xf8
000C1478  31 C0                xor    ax, ax ; ax ^= ax; flags
000C147A  8E D8                mov    ds, ax ; ds = ax
000C147C  B2 C0                mov    dl, 0xc0 ; dl = 0xc0
000C147E  E8 75 EC             call   0xc00f6 ; call 0xf6
000C1481  C7 06 08 01 65 F0    mov    word ptr [0x108], 0xf065 ; mem16(ds/ss:0x108) = 0xf065
000C1487  C7 06 0A 01 00 F0    mov    word ptr [0x10a], 0xf000 ; mem16(ds/ss:0x10a) = 0xf000
000C148D  C7 06 40 00 99 12    mov    word ptr [0x40], 0x1299 ; mem16(ds/ss:0x40) = 0x1299
000C1493  8C 0E 42 00          mov    word ptr [0x42], cs ; mem16(ds/ss:0x42) = cs
000C1497  2E C4 06 E4 3F       les    ax, ptr cs:[0x3fe4] ; load far ptr: ax=mem16, ES=mem16+2
000C149C  A3 0C 01             mov    word ptr [0x10c], ax ; mem16(ds/ss:0x10c) = ax
000C149F  8C 06 0E 01          mov    word ptr [0x10e], es ; mem16(ds/ss:0x10e) = es
000C14A3  C7 06 A8 04 9D 00    mov    word ptr [0x4a8], 0x9d ; mem16(ds/ss:0x4a8) = 0x9d
000C14A9  8C 0E AA 04          mov    word ptr [0x4aa], cs ; mem16(ds/ss:0x4aa) = cs
000C14AD  E8 34 FE             call   0xc12e4 ; call 0x12e4
000C14B0  E8 A6 FE             call   0xc1359 ; call 0x1359
000C14B3  C6 06 87 04 64       mov    byte ptr [0x487], 0x64 ; mem8(ds/ss:0x487) = 0x64
000C14B8  E8 5C FF             call   0xc1417 ; call 0x1417
000C14BB  80 0E 10 04 30       or     byte ptr [0x410], 0x30 ; mem8(ds/ss:0x410) |= 0x30; flags
000C14C0  B0 0F                mov    al, 0xf ; al = 0xf
000C14C2  F6 06 87 04 02       test   byte ptr [0x487], 2 ; flags = mem8(ds/ss:0x487) & 0x2
000C14C7  75 07                jne    0xc14d0 ; if ZF=0 then jump 0x14d0
000C14C9  80 26 10 04 EF       and    byte ptr [0x410], 0xef ; mem8(ds/ss:0x410) &= 0xef; flags
000C14CE  B0 0E                mov    al, 0xe ; al = 0xe
000C14D0  B4 00                mov    ah, 0 ; ah = 0x0
000C14D2  CD 10                int    0x10 ; BIOS interrupt 0x10 (Video Services)
000C14D4  80 26 87 04 9F       and    byte ptr [0x487], 0x9f ; mem8(ds/ss:0x487) &= 0x9f; flags
000C14D9  B8 00 A0             mov    ax, 0xa000 ; ax = 0xa000
000C14DC  8E C0                mov    es, ax ; es = ax
000C14DE  B9 01 00             mov    cx, 1 ; cx = 0x1
000C14E1  31 DB                xor    bx, bx ; bx ^= bx; flags
000C14E3  BA C4 03             mov    dx, 0x3c4 ; dx = 0x3c4
000C14E6  8A E1                mov    ah, cl ; ah = cl
000C14E8  B0 02                mov    al, 2 ; al = 0x2
000C14EA  E8 0D EC             call   0xc00fa ; call 0xfa
000C14ED  B2 CE                mov    dl, 0xce ; dl = 0xce
000C14EF  8A E5                mov    ah, ch ; ah = ch
000C14F1  B0 04                mov    al, 4 ; al = 0x4
000C14F3  E8 04 EC             call   0xc00fa ; call 0xfa
000C14F6  E8 DB EE             call   0xc03d4 ; call 0x3d4
000C14F9  B0 32                mov    al, 0x32 ; al = 0x32
000C14FB  E8 F8 EB             call   0xc00f6 ; call 0xf6
000C14FE  30 C0                xor    al, al ; al ^= al; flags
000C1500  E8 F3 EB             call   0xc00f6 ; call 0xf6
000C1503  E8 CA FE             call   0xc13d0 ; call 0x13d0
000C1506  74 0F                je     0xc1517 ; if ZF=1 then jump 0x1517
000C1508  B1 05                mov    cl, 5 ; cl = 0x5
000C150A  D2 E5                shl    ch, cl ; ch <<= cl; flags
000C150C  08 2E 87 04          or     byte ptr [0x487], ch ; mem8(ds/ss:0x487) |= ch; flags
000C1510  E8 ED FD             call   0xc1300 ; call 0x1300
000C1513  E8 01 FF             call   0xc1417 ; call 0x1417
000C1516  CB                   retf ; return
000C1517  82 FD 03             cmp    ch, 3 ; flags = ch - 0x3
000C151A  74 EC                je     0xc1508 ; if ZF=1 then jump 0x1508
000C151C  81 C3 00 40          add    bx, 0x4000 ; bx += 0x4000; flags
000C1520  B8 A5 5A             mov    ax, 0x5aa5 ; ax = 0x5aa5
000C1523  26 89 07             mov    word ptr es:[bx], ax ; mem16(es:bx) = ax
000C1526  26 33 07             xor    ax, word ptr es:[bx] ; ax ^= mem16(es:bx); flags
000C1529  75 DD                jne    0xc1508 ; if ZF=0 then jump 0x1508
000C152B  00 C9                add    cl, cl ; cl += cl; flags
000C152D  FE C5                inc    ch ; ch++ ; flags (CF unchanged)
000C152F  EB B2                jmp    0xc14e3 ; jump 0x14e3
000C1531  db 0xFF, 0xFF, 0xFF, 0xFF, 0xFF, 0xFF, 0xFF, 0xFF, 0xFF, 0xFF, 0xFF, 0xFF, 0xFF, 0xFF, 0xFF, 0xFF ; ................
000C1541  db 0xFF, 0xFF, 0xFF, 0xFF, 0xFF, 0xFF, 0xFF, 0xFF, 0xFF, 0xFF, 0xFF, 0xFF, 0xFF, 0xFF, 0xFF, 0xFF ; ................
000C1551  db 0xFF, 0xFF, 0xFF, 0xFF, 0xFF, 0xFF, 0xFF, 0xFF, 0xFF, 0xFF, 0xFF, 0xFF, 0xFF, 0xFF, 0xFF, 0xFF ; ................
000C1561  db 0xFF, 0xFF, 0xFF, 0xFF, 0xFF, 0xFF, 0xFF, 0xFF, 0xFF, 0xFF, 0xFF, 0xFF, 0xFF, 0xFF, 0xFF, 0xFF ; ................
000C1571  db 0xFF, 0xFF, 0xFF, 0xFF, 0xFF, 0xFF, 0xFF, 0xFF, 0xFF, 0xFF, 0xFF, 0xFF, 0xFF, 0xFF, 0xFF, 0xFF ; ................
000C1581  db 0xFF, 0xFF, 0xFF, 0xFF, 0xFF, 0xFF, 0xFF, 0xFF, 0xFF, 0xFF, 0xFF, 0xFF, 0xFF, 0xFF, 0xFF, 0xFF ; ................
000C1591  db 0xFF, 0xFF, 0xFF, 0xFF, 0xFF, 0xFF, 0xFF, 0xFF, 0xFF, 0xFF, 0xFF, 0xFF, 0xFF, 0xFF, 0xFF, 0xFF ; ................
000C15A1  db 0xFF, 0xFF, 0xFF, 0xFF, 0xFF, 0xFF, 0xFF, 0xFF, 0xFF, 0xFF, 0xFF, 0xFF, 0xFF, 0xFF, 0xFF, 0xFF ; ................
000C15B1  db 0xFF, 0xFF, 0xFF, 0xFF, 0xFF, 0xFF, 0xFF, 0xFF, 0xFF, 0xFF, 0xFF, 0xFF, 0xFF, 0xFF, 0xFF, 0xFF ; ................
000C15C1  db 0xFF, 0xFF, 0xFF, 0xFF, 0xFF, 0xFF, 0xFF, 0xFF, 0xFF, 0xFF, 0xFF, 0xFF, 0xFF, 0xFF, 0xFF, 0xFF ; ................
000C15D1  db 0xFF, 0xFF, 0xFF, 0xFF, 0xFF, 0xFF, 0xFF, 0xFF, 0xFF, 0xFF, 0xFF, 0xFF, 0xFF, 0xFF, 0xFF, 0xFF ; ................
000C15E1  db 0xFF, 0xFF, 0xFF, 0xFF, 0xFF, 0xFF, 0xFF, 0xFF, 0xFF, 0xFF, 0xFF, 0xFF, 0xFF, 0xFF, 0xFF, 0xFF ; ................
000C15F1  db 0xFF, 0xFF, 0xFF, 0xFF, 0xFF, 0xFF, 0xFF, 0xFF, 0xFF, 0xFF, 0xFF, 0xFF, 0xFF, 0xFF, 0xFF, 0xFF ; ................
000C1601  db 0xFF, 0xFF, 0xFF, 0xFF, 0xFF, 0xFF, 0xFF, 0xFF, 0xFF, 0xFF, 0xFF, 0xFF, 0xFF, 0xFF, 0xFF, 0xFF ; ................
000C1611  db 0xFF, 0xFF, 0xFF, 0xFF, 0xFF, 0xFF, 0xFF, 0xFF, 0xFF, 0xFF, 0xFF, 0xFF, 0xFF, 0xFF, 0xFF, 0xFF ; ................
000C1621  db 0xFF, 0xFF, 0xFF, 0xFF, 0xFF, 0xFF, 0xFF, 0xFF, 0xFF, 0xFF, 0xFF, 0xFF, 0xFF, 0xFF, 0xFF, 0xFF ; ................
000C1631  db 0xFF, 0xFF, 0xFF, 0xFF, 0xFF, 0xFF, 0xFF, 0xFF, 0xFF, 0xFF, 0xFF, 0xFF, 0xFF, 0xFF, 0xFF, 0xFF ; ................
000C1641  db 0xFF, 0xFF, 0xFF, 0xFF, 0xFF, 0xFF, 0xFF, 0xFF, 0xFF, 0xFF, 0xFF, 0xFF, 0xFF, 0xFF, 0xFF, 0xFF ; ................
000C1651  db 0xFF, 0xFF, 0xFF, 0xFF, 0xFF, 0xFF, 0xFF, 0xFF, 0xFF, 0xFF, 0xFF, 0xFF, 0xFF, 0xFF, 0xFF, 0xFF ; ................
000C1661  db 0xFF, 0xFF, 0xFF, 0xFF, 0xFF, 0xFF, 0xFF, 0xFF, 0xFF, 0xFF, 0xFF, 0xFF, 0xFF, 0xFF, 0xFF, 0xFF ; ................
000C1671  db 0xFF, 0xFF, 0xFF, 0xFF, 0xFF, 0xFF, 0xFF, 0xFF, 0xFF, 0xFF, 0xFF, 0xFF, 0xFF, 0xFF, 0xFF, 0xFF ; ................
000C1681  db 0xFF, 0xFF, 0xFF, 0xFF, 0xFF, 0xFF, 0xFF, 0xFF, 0xFF, 0xFF, 0xFF, 0xFF, 0xFF, 0xFF, 0xFF, 0xFF ; ................
000C1691  db 0xFF, 0xFF, 0xFF, 0xFF, 0xFF, 0xFF, 0xFF, 0xFF, 0xFF, 0xFF, 0xFF, 0xFF, 0xFF, 0xFF, 0xFF, 0xFF ; ................
000C16A1  db 0xFF, 0xFF, 0xFF, 0xFF, 0xFF, 0xFF, 0xFF, 0xFF, 0xFF, 0xFF, 0xFF, 0xFF, 0xFF, 0xFF, 0xFF, 0xFF ; ................
000C16B1  db 0xFF, 0xFF, 0xFF, 0xFF, 0xFF, 0xFF, 0xFF, 0xFF, 0xFF, 0xFF, 0xFF, 0xFF, 0xFF, 0xFF, 0xFF, 0xFF ; ................
000C16C1  db 0xFF, 0xFF, 0xFF, 0xFF, 0xFF, 0xFF, 0xFF, 0xFF, 0xFF, 0xFF, 0xFF, 0xFF, 0xFF, 0xFF, 0xFF, 0xFF ; ................
000C16D1  db 0xFF, 0xFF, 0xFF, 0xFF, 0xFF, 0xFF, 0xFF, 0xFF, 0xFF, 0xFF, 0xFF, 0xFF, 0xFF, 0xFF, 0xFF, 0xFF ; ................
000C16E1  db 0xFF, 0xFF, 0xFF, 0xFF, 0xFF, 0xFF, 0xFF, 0xFF, 0xFF, 0xFF, 0xFF, 0xFF, 0xFF, 0xFF, 0xFF, 0xFF ; ................
000C16F1  db 0xFF, 0xFF, 0xFF, 0xFF, 0xFF, 0xFF, 0xFF, 0xFF, 0xFF, 0xFF, 0xFF, 0xFF, 0xFF, 0xFF, 0xFF, 0xFF ; ................
000C1701  db 0xFF, 0xFF, 0xFF, 0xFF, 0xFF, 0xFF, 0xFF, 0xFF, 0xFF, 0xFF, 0xFF, 0xFF, 0xFF, 0xFF, 0xFF, 0xFF ; ................
000C1711  db 0xFF, 0xFF, 0xFF, 0xFF, 0xFF, 0xFF, 0xFF, 0xFF, 0xFF, 0xFF, 0xFF, 0xFF, 0xFF, 0xFF, 0xFF, 0xFF ; ................
000C1721  db 0xFF, 0xFF, 0xFF, 0xFF, 0xFF, 0xFF, 0xFF, 0xFF, 0xFF, 0xFF, 0xFF, 0xFF, 0xFF, 0xFF, 0xFF, 0xFF ; ................
000C1731  db 0xFF, 0xFF, 0xFF, 0xFF, 0xFF, 0xFF, 0xFF, 0xFF, 0xFF, 0xFF, 0xFF, 0xFF, 0xFF, 0xFF, 0xFF, 0xFF ; ................
000C1741  db 0xFF, 0xFF, 0xFF, 0xFF, 0xFF, 0xFF, 0xFF, 0xFF, 0xFF, 0xFF, 0xFF, 0xFF, 0xFF, 0xFF, 0xFF, 0xFF ; ................
000C1751  db 0xFF, 0xFF, 0xFF, 0xFF, 0xFF, 0xFF, 0xFF, 0xFF, 0xFF, 0xFF, 0xFF, 0xFF, 0xFF, 0xFF, 0xFF, 0xFF ; ................
000C1761  db 0xFF, 0xFF, 0xFF, 0xFF, 0xFF, 0xFF, 0xFF, 0xFF, 0xFF, 0xFF, 0xFF, 0xFF, 0xFF, 0xFF, 0xFF, 0xFF ; ................
000C1771  db 0xFF, 0xFF, 0xFF, 0xFF, 0xFF, 0xFF, 0xFF, 0xFF, 0xFF, 0xFF, 0xFF, 0xFF, 0xFF, 0xFF, 0xFF, 0xFF ; ................
000C1781  db 0xFF, 0xFF, 0xFF, 0xFF, 0xFF, 0xFF, 0xFF, 0xFF, 0xFF, 0xFF, 0xFF, 0xFF, 0xFF, 0xFF, 0xFF, 0xFF ; ................
000C1791  db 0xFF, 0xFF, 0xFF, 0xFF, 0xFF, 0xFF, 0xFF, 0xFF, 0xFF, 0xFF, 0xFF, 0xFF, 0xFF, 0xFF, 0xFF, 0xFF ; ................
000C17A1  db 0xFF, 0xFF, 0xFF, 0xFF, 0xFF, 0xFF, 0xFF, 0xFF, 0xFF, 0xFF, 0xFF, 0xFF, 0xFF, 0xFF, 0xFF, 0xFF ; ................
000C17B1  db 0xFF, 0xFF, 0xFF, 0xFF, 0xFF, 0xFF, 0xFF, 0xFF, 0xFF, 0xFF, 0xFF, 0xFF, 0xFF, 0xFF, 0xFF, 0xFF ; ................
000C17C1  db 0xFF, 0xFF, 0xFF, 0xFF, 0xFF, 0xFF, 0xFF, 0xFF, 0xFF, 0xFF, 0xFF, 0xFF, 0xFF, 0xFF, 0xFF, 0xFF ; ................
000C17D1  db 0xFF, 0xFF, 0xFF, 0xFF, 0xFF, 0xFF, 0xFF, 0xFF, 0xFF, 0xFF, 0xFF, 0xFF, 0xFF, 0xFF, 0xFF, 0xFF ; ................
000C17E1  db 0xFF, 0xFF, 0xFF, 0xFF, 0xFF, 0xFF, 0xFF, 0xFF, 0xFF, 0xFF, 0xFF, 0xFF, 0xFF, 0xFF, 0xFF, 0xFF ; ................
000C17F1  db 0xFF, 0xFF, 0xFF, 0xFF, 0xFF, 0xFF, 0xFF, 0xFF, 0xFF, 0xFF, 0xFF, 0xFF, 0xFF, 0xFF, 0xFF, 0xFF ; ................
000C1801  db 0xFF, 0xFF, 0xFF, 0xFF, 0xFF, 0xFF, 0xFF, 0xFF, 0xFF, 0xFF, 0xFF, 0xFF, 0xFF, 0xFF, 0xFF, 0xFF ; ................
000C1811  db 0xFF, 0xFF, 0xFF, 0xFF, 0xFF, 0xFF, 0xFF, 0xFF, 0xFF, 0xFF, 0xFF, 0xFF, 0xFF, 0xFF, 0xFF, 0xFF ; ................
000C1821  db 0xFF, 0xFF, 0xFF, 0xFF, 0xFF, 0xFF, 0xFF, 0xFF, 0xFF, 0xFF, 0xFF, 0xFF, 0xFF, 0xFF, 0xFF, 0xFF ; ................
000C1831  db 0xFF, 0xFF, 0xFF, 0xFF, 0xFF, 0xFF, 0xFF, 0xFF, 0xFF, 0xFF, 0xFF, 0xFF, 0xFF, 0xFF, 0xFF, 0xFF ; ................
000C1841  db 0xFF, 0xFF, 0xFF, 0xFF, 0xFF, 0xFF, 0xFF, 0xFF, 0xFF, 0xFF, 0xFF, 0xFF, 0xFF, 0xFF, 0xFF, 0xFF ; ................
000C1851  db 0xFF, 0xFF, 0xFF, 0xFF, 0xFF, 0xFF, 0xFF, 0xFF, 0xFF, 0xFF, 0xFF, 0xFF, 0xFF, 0xFF, 0xFF, 0xFF ; ................
000C1861  db 0xFF, 0xFF, 0xFF, 0xFF, 0xFF, 0xFF, 0xFF, 0xFF, 0xFF, 0xFF, 0xFF, 0xFF, 0xFF, 0xFF, 0xFF, 0xFF ; ................
000C1871  db 0xFF, 0xFF, 0xFF, 0xFF, 0xFF, 0xFF, 0xFF, 0xFF, 0xFF, 0xFF, 0xFF, 0xFF, 0xFF, 0xFF, 0xFF, 0xFF ; ................
000C1881  db 0xFF, 0xFF, 0xFF, 0xFF, 0xFF, 0xFF, 0xFF, 0xFF, 0xFF, 0xFF, 0xFF, 0xFF, 0xFF, 0xFF, 0xFF, 0xFF ; ................
000C1891  db 0xFF, 0xFF, 0xFF, 0xFF, 0xFF, 0xFF, 0xFF, 0xFF, 0xFF, 0xFF, 0xFF, 0xFF, 0xFF, 0xFF, 0xFF, 0xFF ; ................
000C18A1  db 0xFF, 0xFF, 0xFF, 0xFF, 0xFF, 0xFF, 0xFF, 0xFF, 0xFF, 0xFF, 0xFF, 0xFF, 0xFF, 0xFF, 0xFF, 0xFF ; ................
000C18B1  db 0xFF, 0xFF, 0xFF, 0xFF, 0xFF, 0xFF, 0xFF, 0xFF, 0xFF, 0xFF, 0xFF, 0xFF, 0xFF, 0xFF, 0xFF, 0xFF ; ................
000C18C1  db 0xFF, 0xFF, 0xFF, 0xFF, 0xFF, 0xFF, 0xFF, 0xFF, 0xFF, 0xFF, 0xFF, 0xFF, 0xFF, 0xFF, 0xFF, 0xFF ; ................
000C18D1  db 0xFF, 0xFF, 0xFF, 0xFF, 0xFF, 0xFF, 0xFF, 0xFF, 0xFF, 0xFF, 0xFF, 0xFF, 0xFF, 0xFF, 0xFF, 0xFF ; ................
000C18E1  db 0xFF, 0xFF, 0xFF, 0xFF, 0xFF, 0xFF, 0xFF, 0xFF, 0xFF, 0xFF, 0xFF, 0xFF, 0xFF, 0xFF, 0xFF, 0xFF ; ................
000C18F1  db 0xFF, 0xFF, 0xFF, 0xFF, 0xFF, 0xFF, 0xFF, 0xFF, 0xFF, 0xFF, 0xFF, 0xFF, 0xFF, 0xFF, 0xFF, 0xFF ; ................
000C1901  db 0xFF, 0xFF, 0xFF, 0xFF, 0xFF, 0xFF, 0xFF, 0xFF, 0xFF, 0xFF, 0xFF, 0xFF, 0xFF, 0xFF, 0xFF, 0xFF ; ................
000C1911  db 0xFF, 0xFF, 0xFF, 0xFF, 0xFF, 0xFF, 0xFF, 0xFF, 0xFF, 0xFF, 0xFF, 0xFF, 0xFF, 0xFF, 0xFF, 0xFF ; ................
000C1921  db 0xFF, 0xFF, 0xFF, 0xFF, 0xFF, 0xFF, 0xFF, 0xFF, 0xFF, 0xFF, 0xFF, 0xFF, 0xFF, 0xFF, 0xFF, 0xFF ; ................
000C1931  db 0xFF, 0xFF, 0xFF, 0xFF, 0xFF, 0xFF, 0xFF, 0xFF, 0xFF, 0xFF, 0xFF, 0xFF, 0xFF, 0xFF, 0xFF, 0xFF ; ................
000C1941  db 0xFF, 0xFF, 0xFF, 0xFF, 0xFF, 0xFF, 0xFF, 0xFF, 0xFF, 0xFF, 0xFF, 0xFF, 0xFF, 0xFF, 0xFF, 0xFF ; ................
000C1951  db 0xFF, 0xFF, 0xFF, 0xFF, 0xFF, 0xFF, 0xFF, 0xFF, 0xFF, 0xFF, 0xFF, 0xFF, 0xFF, 0xFF, 0xFF, 0xFF ; ................
000C1961  db 0xFF, 0xFF, 0xFF, 0xFF, 0xFF, 0xFF, 0xFF, 0xFF, 0xFF, 0xFF, 0xFF, 0xFF, 0xFF, 0xFF, 0xFF, 0xFF ; ................
000C1971  db 0xFF, 0xFF, 0xFF, 0xFF, 0xFF, 0xFF, 0xFF, 0xFF, 0xFF, 0xFF, 0xFF, 0xFF, 0xFF, 0xFF, 0xFF, 0xFF ; ................
000C1981  db 0xFF, 0xFF, 0xFF, 0xFF, 0xFF, 0xFF, 0xFF, 0xFF, 0xFF, 0xFF, 0xFF, 0xFF, 0xFF, 0xFF, 0xFF, 0xFF ; ................
000C1991  db 0xFF, 0xFF, 0xFF, 0xFF, 0xFF, 0xFF, 0xFF, 0xFF, 0xFF, 0xFF, 0xFF, 0xFF, 0xFF, 0xFF, 0xFF, 0xFF ; ................
000C19A1  db 0xFF, 0xFF, 0xFF, 0xFF, 0xFF, 0xFF, 0xFF, 0xFF, 0xFF, 0xFF, 0xFF, 0xFF, 0xFF, 0xFF, 0xFF, 0xFF ; ................
000C19B1  db 0xFF, 0xFF, 0xFF, 0xFF, 0xFF, 0xFF, 0xFF, 0xFF, 0xFF, 0xFF, 0xFF, 0xFF, 0xFF, 0xFF, 0xFF, 0xFF ; ................
000C19C1  db 0xFF, 0xFF, 0xFF, 0xFF, 0xFF, 0xFF, 0xFF, 0xFF, 0xFF, 0xFF, 0xFF, 0xFF, 0xFF, 0xFF, 0xFF, 0xFF ; ................
000C19D1  db 0xFF, 0xFF, 0xFF, 0xFF, 0xFF, 0xFF, 0xFF, 0xFF, 0xFF, 0xFF, 0xFF, 0xFF, 0xFF, 0xFF, 0xFF, 0xFF ; ................
000C19E1  db 0xFF, 0xFF, 0xFF, 0xFF, 0xFF, 0xFF, 0xFF, 0xFF, 0xFF, 0xFF, 0xFF, 0xFF, 0xFF, 0xFF, 0xFF, 0xFF ; ................
000C19F1  db 0xFF, 0xFF, 0xFF, 0xFF, 0xFF, 0xFF, 0xFF, 0xFF, 0xFF, 0xFF, 0xFF, 0xFF, 0xFF, 0xFF, 0xFF, 0xFF ; ................
000C1A01  db 0xFF, 0xFF, 0xFF, 0xFF, 0xFF, 0xFF, 0xFF, 0xFF, 0xFF, 0xFF, 0xFF, 0xFF, 0xFF, 0xFF, 0xFF, 0xFF ; ................
000C1A11  db 0xFF, 0xFF, 0xFF, 0xFF, 0xFF, 0xFF, 0xFF, 0xFF, 0xFF, 0xFF, 0xFF, 0xFF, 0xFF, 0xFF, 0xFF, 0xFF ; ................
000C1A21  db 0xFF, 0xFF, 0xFF, 0xFF, 0xFF, 0xFF, 0xFF, 0xFF, 0xFF, 0xFF, 0xFF, 0xFF, 0xFF, 0xFF, 0xFF, 0xFF ; ................
000C1A31  db 0xFF, 0xFF, 0xFF, 0xFF, 0xFF, 0xFF, 0xFF, 0xFF, 0xFF, 0xFF, 0xFF, 0xFF, 0xFF, 0xFF, 0xFF, 0xFF ; ................
000C1A41  db 0xFF, 0xFF, 0xFF, 0xFF, 0xFF, 0xFF, 0xFF, 0xFF, 0xFF, 0xFF, 0xFF, 0xFF, 0xFF, 0xFF, 0xFF, 0xFF ; ................
000C1A51  db 0xFF, 0xFF, 0xFF, 0xFF, 0xFF, 0xFF, 0xFF, 0xFF, 0xFF, 0xFF, 0xFF, 0xFF, 0xFF, 0xFF, 0xFF, 0xFF ; ................
000C1A61  db 0xFF, 0xFF, 0xFF, 0xFF, 0xFF, 0xFF, 0xFF, 0xFF, 0xFF, 0xFF, 0xFF, 0xFF, 0xFF, 0xFF, 0xFF, 0xFF ; ................
000C1A71  db 0xFF, 0xFF, 0xFF, 0xFF, 0xFF, 0xFF, 0xFF, 0xFF, 0xFF, 0xFF, 0xFF, 0xFF, 0xFF, 0xFF, 0xFF, 0xFF ; ................
000C1A81  db 0xFF, 0xFF, 0xFF, 0xFF, 0xFF, 0xFF, 0xFF, 0xFF, 0xFF, 0xFF, 0xFF, 0xFF, 0xFF, 0xFF, 0xFF, 0xFF ; ................
000C1A91  db 0xFF, 0xFF, 0xFF, 0xFF, 0xFF, 0xFF, 0xFF, 0xFF, 0xFF, 0xFF, 0xFF, 0xFF, 0xFF, 0xFF, 0xFF, 0xFF ; ................
000C1AA1  db 0xFF, 0xFF, 0xFF, 0xFF, 0xFF, 0xFF, 0xFF, 0xFF, 0xFF, 0xFF, 0xFF, 0xFF, 0xFF, 0xFF, 0xFF, 0xFF ; ................
000C1AB1  db 0xFF, 0xFF, 0xFF, 0xFF, 0xFF, 0xFF, 0xFF, 0xFF, 0xFF, 0xFF, 0xFF, 0xFF, 0xFF, 0xFF, 0xFF, 0xFF ; ................
000C1AC1  db 0xFF, 0xFF, 0xFF, 0xFF, 0xFF, 0xFF, 0xFF, 0xFF, 0xFF, 0xFF, 0xFF, 0xFF, 0xFF, 0xFF, 0xFF, 0xFF ; ................
000C1AD1  db 0xFF, 0xFF, 0xFF, 0xFF, 0xFF, 0xFF, 0xFF, 0xFF, 0xFF, 0xFF, 0xFF, 0xFF, 0xFF, 0xFF, 0xFF, 0xFF ; ................
000C1AE1  db 0xFF, 0xFF, 0xFF, 0xFF, 0xFF, 0xFF, 0xFF, 0xFF, 0xFF, 0xFF, 0xFF, 0xFF, 0xFF, 0xFF, 0xFF, 0xFF ; ................
000C1AF1  db 0xFF, 0xFF, 0xFF, 0xFF, 0xFF, 0xFF, 0xFF, 0xFF, 0xFF, 0xFF, 0xFF, 0xFF, 0xFF, 0xFF, 0xFF, 0xFF ; ................
000C1B01  db 0xFF, 0xFF, 0xFF, 0xFF, 0xFF, 0xFF, 0xFF, 0xFF, 0xFF, 0xFF, 0xFF, 0xFF, 0xFF, 0xFF, 0xFF, 0xFF ; ................
000C1B11  db 0xFF, 0xFF, 0xFF, 0xFF, 0xFF, 0xFF, 0xFF, 0xFF, 0xFF, 0xFF, 0xFF, 0xFF, 0xFF, 0xFF, 0xFF, 0xFF ; ................
000C1B21  db 0xFF, 0xFF, 0xFF, 0xFF, 0xFF, 0xFF, 0xFF, 0xFF, 0xFF, 0xFF, 0xFF, 0xFF, 0xFF, 0xFF, 0xFF, 0xFF ; ................
000C1B31  db 0xFF, 0xFF, 0xFF, 0xFF, 0xFF, 0xFF, 0xFF, 0xFF, 0xFF, 0xFF, 0xFF, 0xFF, 0xFF, 0xFF, 0xFF, 0xFF ; ................
000C1B41  db 0xFF, 0xFF, 0xFF, 0xFF, 0xFF, 0xFF, 0xFF, 0xFF, 0xFF, 0xFF, 0xFF, 0xFF, 0xFF, 0xFF, 0xFF, 0xFF ; ................
000C1B51  db 0xFF, 0xFF, 0xFF, 0xFF, 0xFF, 0xFF, 0xFF, 0xFF, 0xFF, 0xFF, 0xFF, 0xFF, 0xFF, 0xFF, 0xFF, 0xFF ; ................
000C1B61  db 0xFF, 0xFF, 0xFF, 0xFF, 0xFF, 0xFF, 0xFF, 0xFF, 0xFF, 0xFF, 0xFF, 0xFF, 0xFF, 0xFF, 0xFF, 0xFF ; ................
000C1B71  db 0xFF, 0xFF, 0xFF, 0xFF, 0xFF, 0xFF, 0xFF, 0xFF, 0xFF, 0xFF, 0xFF, 0xFF, 0xFF, 0xFF, 0xFF, 0xFF ; ................
000C1B81  db 0xFF, 0xFF, 0xFF, 0xFF, 0xFF, 0xFF, 0xFF, 0xFF, 0xFF, 0xFF, 0xFF, 0xFF, 0xFF, 0xFF, 0xFF, 0xFF ; ................
000C1B91  db 0xFF, 0xFF, 0xFF, 0xFF, 0xFF, 0xFF, 0xFF, 0xFF, 0xFF, 0xFF, 0xFF, 0xFF, 0xFF, 0xFF, 0xFF, 0xFF ; ................
000C1BA1  db 0xFF, 0xFF, 0xFF, 0xFF, 0xFF, 0xFF, 0xFF, 0xFF, 0xFF, 0xFF, 0xFF, 0xFF, 0xFF, 0xFF, 0xFF, 0xFF ; ................
000C1BB1  db 0xFF, 0xFF, 0xFF, 0xFF, 0xFF, 0xFF, 0xFF, 0xFF, 0xFF, 0xFF, 0xFF, 0xFF, 0xFF, 0xFF, 0xFF, 0xFF ; ................
000C1BC1  db 0xFF, 0xFF, 0xFF, 0xFF, 0xFF, 0xFF, 0xFF, 0xFF, 0xFF, 0xFF, 0xFF, 0xFF, 0xFF, 0xFF, 0xFF, 0xFF ; ................
000C1BD1  db 0xFF, 0xFF, 0xFF, 0xFF, 0xFF, 0xFF, 0xFF, 0xFF, 0xFF, 0xFF, 0xFF, 0xFF, 0xFF, 0xFF, 0xFF, 0xFF ; ................
000C1BE1  db 0xFF, 0xFF, 0xFF, 0xFF, 0xFF, 0xFF, 0xFF, 0xFF, 0xFF, 0xFF, 0xFF, 0xFF, 0xFF, 0xFF, 0xFF, 0xFF ; ................
000C1BF1  db 0xFF, 0xFF, 0xFF, 0xFF, 0xFF, 0xFF, 0xFF, 0xFF, 0xFF, 0xFF, 0xFF, 0xFF, 0xFF, 0xFF, 0xFF, 0xFF ; ................
000C1C01  db 0xFF, 0xFF, 0xFF, 0xFF, 0xFF, 0xFF, 0xFF, 0xFF, 0xFF, 0xFF, 0xFF, 0xFF, 0xFF, 0xFF, 0xFF, 0xFF ; ................
000C1C11  db 0xFF, 0xFF, 0xFF, 0xFF, 0xFF, 0xFF, 0xFF, 0xFF, 0xFF, 0xFF, 0xFF, 0xFF, 0xFF, 0xFF, 0xFF, 0xFF ; ................
000C1C21  db 0xFF, 0xFF, 0xFF, 0xFF, 0xFF, 0xFF, 0xFF, 0xFF, 0xFF, 0xFF, 0xFF, 0xFF, 0xFF, 0xFF, 0xFF, 0xFF ; ................
000C1C31  db 0xFF, 0xFF, 0xFF, 0xFF, 0xFF, 0xFF, 0xFF, 0xFF, 0xFF, 0xFF, 0xFF, 0xFF, 0xFF, 0xFF, 0xFF, 0xFF ; ................
000C1C41  db 0xFF, 0xFF, 0xFF, 0xFF, 0xFF, 0xFF, 0xFF, 0xFF, 0xFF, 0xFF, 0xFF, 0xFF, 0xFF, 0xFF, 0xFF, 0xFF ; ................
000C1C51  db 0xFF, 0xFF, 0xFF, 0xFF, 0xFF, 0xFF, 0xFF, 0xFF, 0xFF, 0xFF, 0xFF, 0xFF, 0xFF, 0xFF, 0xFF, 0xFF ; ................
000C1C61  db 0xFF, 0xFF, 0xFF, 0xFF, 0xFF, 0xFF, 0xFF, 0xFF, 0xFF, 0xFF, 0xFF, 0xFF, 0xFF, 0xFF, 0xFF, 0xFF ; ................
000C1C71  db 0xFF, 0xFF, 0xFF, 0xFF, 0xFF, 0xFF, 0xFF, 0xFF, 0xFF, 0xFF, 0xFF, 0xFF, 0xFF, 0xFF, 0xFF, 0xFF ; ................
000C1C81  db 0xFF, 0xFF, 0xFF, 0xFF, 0xFF, 0xFF, 0xFF, 0xFF, 0xFF, 0xFF, 0xFF, 0xFF, 0xFF, 0xFF, 0xFF, 0xFF ; ................
000C1C91  db 0xFF, 0xFF, 0xFF, 0xFF, 0xFF, 0xFF, 0xFF, 0xFF, 0xFF, 0xFF, 0xFF, 0xFF, 0xFF, 0xFF, 0xFF, 0xFF ; ................
000C1CA1  db 0xFF, 0xFF, 0xFF, 0xFF, 0xFF, 0xFF, 0xFF, 0xFF, 0xFF, 0xFF, 0xFF, 0xFF, 0xFF, 0xFF, 0xFF, 0xFF ; ................
000C1CB1  db 0xFF, 0xFF, 0xFF, 0xFF, 0xFF, 0xFF, 0xFF, 0xFF, 0xFF, 0xFF, 0xFF, 0xFF, 0xFF, 0xFF, 0xFF, 0xFF ; ................
000C1CC1  db 0xFF, 0xFF, 0xFF, 0xFF, 0xFF, 0xFF, 0xFF, 0xFF, 0xFF, 0xFF, 0xFF, 0xFF, 0xFF, 0xFF, 0xFF, 0xFF ; ................
000C1CD1  db 0xFF, 0xFF, 0xFF, 0xFF, 0xFF, 0xFF, 0xFF, 0xFF, 0xFF, 0xFF, 0xFF, 0xFF, 0xFF, 0xFF, 0xFF, 0xFF ; ................
000C1CE1  db 0xFF, 0xFF, 0xFF, 0xFF, 0xFF, 0xFF, 0xFF, 0xFF, 0xFF, 0xFF, 0xFF, 0xFF, 0xFF, 0xFF, 0xFF, 0xFF ; ................
000C1CF1  db 0xFF, 0xFF, 0xFF, 0xFF, 0xFF, 0xFF, 0xFF, 0xFF, 0xFF, 0xFF, 0xFF, 0xFF, 0xFF, 0xFF, 0xFF, 0xFF ; ................
000C1D01  db 0xFF, 0xFF, 0xFF, 0xFF, 0xFF, 0xFF, 0xFF, 0xFF, 0xFF, 0xFF, 0xFF, 0xFF, 0xFF, 0xFF, 0xFF, 0xFF ; ................
000C1D11  db 0xFF, 0xFF, 0xFF, 0xFF, 0xFF, 0xFF, 0xFF, 0xFF, 0xFF, 0xFF, 0xFF, 0xFF, 0xFF, 0xFF, 0xFF, 0xFF ; ................
000C1D21  db 0xFF, 0xFF, 0xFF, 0xFF, 0xFF, 0xFF, 0xFF, 0xFF, 0xFF, 0xFF, 0xFF, 0xFF, 0xFF, 0xFF, 0xFF, 0xFF ; ................
000C1D31  db 0xFF, 0xFF, 0xFF, 0xFF, 0xFF, 0xFF, 0xFF, 0xFF, 0xFF, 0xFF, 0xFF, 0xFF, 0xFF, 0xFF, 0xFF, 0xFF ; ................
000C1D41  db 0xFF, 0xFF, 0xFF, 0xFF, 0xFF, 0xFF, 0xFF, 0xFF, 0xFF, 0xFF, 0xFF, 0xFF, 0xFF, 0xFF, 0xFF, 0xFF ; ................
000C1D51  db 0xFF, 0xFF, 0xFF, 0xFF, 0xFF, 0xFF, 0xFF, 0xFF, 0xFF, 0xFF, 0xFF, 0xFF, 0xFF, 0xFF, 0xFF, 0xFF ; ................
000C1D61  db 0xFF, 0xFF, 0xFF, 0xFF, 0xFF, 0xFF, 0xFF, 0xFF, 0xFF, 0xFF, 0xFF, 0xFF, 0xFF, 0xFF, 0xFF, 0xFF ; ................
000C1D71  db 0xFF, 0xFF, 0xFF, 0xFF, 0xFF, 0xFF, 0xFF, 0xFF, 0xFF, 0xFF, 0xFF, 0xFF, 0xFF, 0xFF, 0xFF, 0xFF ; ................
000C1D81  db 0xFF, 0xFF, 0xFF, 0xFF, 0xFF, 0xFF, 0xFF, 0xFF, 0xFF, 0xFF, 0xFF, 0xFF, 0xFF, 0xFF, 0xFF, 0xFF ; ................
000C1D91  db 0xFF, 0xFF, 0xFF, 0xFF, 0xFF, 0xFF, 0xFF, 0xFF, 0xFF, 0xFF, 0xFF, 0xFF, 0xFF, 0xFF, 0xFF, 0xFF ; ................
000C1DA1  db 0xFF, 0xFF, 0xFF, 0xFF, 0xFF, 0xFF, 0xFF, 0xFF, 0xFF, 0xFF, 0xFF, 0xFF, 0xFF, 0xFF, 0xFF, 0xFF ; ................
000C1DB1  db 0xFF, 0xFF, 0xFF, 0xFF, 0xFF, 0xFF, 0xFF, 0xFF, 0xFF, 0xFF, 0xFF, 0xFF, 0xFF, 0xFF, 0xFF, 0xFF ; ................
000C1DC1  db 0xFF, 0xFF, 0xFF, 0xFF, 0xFF, 0xFF, 0xFF, 0xFF, 0xFF, 0xFF, 0xFF, 0xFF, 0xFF, 0xFF, 0xFF, 0xFF ; ................
000C1DD1  db 0xFF, 0xFF, 0xFF, 0xFF, 0xFF, 0xFF, 0xFF, 0xFF, 0xFF, 0xFF, 0xFF, 0xFF, 0xFF, 0xFF, 0xFF, 0xFF ; ................
000C1DE1  db 0xFF, 0xFF, 0xFF, 0xFF, 0xFF, 0xFF, 0xFF, 0xFF, 0xFF, 0xFF, 0xFF, 0xFF, 0xFF, 0xFF, 0xFF, 0xFF ; ................
000C1DF1  db 0xFF, 0xFF, 0xFF, 0xFF, 0xFF, 0xFF, 0xFF, 0xFF, 0xFF, 0xFF, 0xFF, 0xFF, 0xFF, 0xFF, 0xFF, 0xFF ; ................
000C1E01  db 0xFF, 0xFF, 0xFF, 0xFF, 0xFF, 0xFF, 0xFF, 0xFF, 0xFF, 0xFF, 0xFF, 0xFF, 0xFF, 0xFF, 0xFF, 0xFF ; ................
000C1E11  db 0xFF, 0xFF, 0xFF, 0xFF, 0xFF, 0xFF, 0xFF, 0xFF, 0xFF, 0xFF, 0xFF, 0xFF, 0xFF, 0xFF, 0xFF, 0xFF ; ................
000C1E21  db 0xFF, 0xFF, 0xFF, 0xFF, 0xFF, 0xFF, 0xFF, 0xFF, 0xFF, 0xFF, 0xFF, 0xFF, 0xFF, 0xFF, 0xFF, 0xFF ; ................
000C1E31  db 0xFF, 0xFF, 0xFF, 0xFF, 0xFF, 0xFF, 0xFF, 0xFF, 0xFF, 0xFF, 0xFF, 0xFF, 0xFF, 0xFF, 0xFF, 0xFF ; ................
000C1E41  db 0xFF, 0xFF, 0xFF, 0xFF, 0xFF, 0xFF, 0xFF, 0xFF, 0xFF, 0xFF, 0xFF, 0xFF, 0xFF, 0xFF, 0xFF, 0xFF ; ................
000C1E51  db 0xFF, 0xFF, 0xFF, 0xFF, 0xFF, 0xFF, 0xFF, 0xFF, 0xFF, 0xFF, 0xFF, 0xFF, 0xFF, 0xFF, 0xFF, 0xFF ; ................
000C1E61  db 0xFF, 0xFF, 0xFF, 0xFF, 0xFF, 0xFF, 0xFF, 0xFF, 0xFF, 0xFF, 0xFF, 0xFF, 0xFF, 0xFF, 0xFF, 0xFF ; ................
000C1E71  db 0xFF, 0xFF, 0xFF, 0xFF, 0xFF, 0xFF, 0xFF, 0xFF, 0xFF, 0xFF, 0xFF, 0xFF, 0xFF, 0xFF, 0xFF, 0xFF ; ................
000C1E81  db 0xFF, 0xFF, 0xFF, 0xFF, 0xFF, 0xFF, 0xFF, 0xFF, 0xFF, 0xFF, 0xFF, 0xFF, 0xFF, 0xFF, 0xFF, 0xFF ; ................
000C1E91  db 0xFF, 0xFF, 0xFF, 0xFF, 0xFF, 0xFF, 0xFF, 0xFF, 0xFF, 0xFF, 0xFF, 0xFF, 0xFF, 0xFF, 0xFF, 0xFF ; ................
000C1EA1  db 0xFF, 0xFF, 0xFF, 0xFF, 0xFF, 0xFF, 0xFF, 0xFF, 0xFF, 0xFF, 0xFF, 0xFF, 0xFF, 0xFF, 0xFF, 0xFF ; ................
000C1EB1  db 0xFF, 0xFF, 0xFF, 0xFF, 0xFF, 0xFF, 0xFF, 0xFF, 0xFF, 0xFF, 0xFF, 0xFF, 0xFF, 0xFF, 0xFF, 0xFF ; ................
000C1EC1  db 0xFF, 0xFF, 0xFF, 0xFF, 0xFF, 0xFF, 0xFF, 0xFF, 0xFF, 0xFF, 0xFF, 0xFF, 0xFF, 0xFF, 0xFF, 0xFF ; ................
000C1ED1  db 0xFF, 0xFF, 0xFF, 0xFF, 0xFF, 0xFF, 0xFF, 0xFF, 0xFF, 0xFF, 0xFF, 0xFF, 0xFF, 0xFF, 0xFF, 0xFF ; ................
000C1EE1  db 0xFF, 0xFF, 0xFF, 0xFF, 0xFF, 0xFF, 0xFF, 0xFF, 0xFF, 0xFF, 0xFF, 0xFF, 0xFF, 0xFF, 0xFF, 0xFF ; ................
000C1EF1  db 0xFF, 0xFF, 0xFF, 0xFF, 0xFF, 0xFF, 0xFF, 0xFF, 0xFF, 0xFF, 0xFF, 0xFF, 0xFF, 0xFF, 0xFF, 0xFF ; ................
000C1F01  db 0xFF, 0xFF, 0xFF, 0xFF, 0xFF, 0xFF, 0xFF, 0xFF, 0xFF, 0xFF, 0xFF, 0xFF, 0xFF, 0xFF, 0xFF, 0xFF ; ................
000C1F11  db 0xFF, 0xFF, 0xFF, 0xFF, 0xFF, 0xFF, 0xFF, 0xFF, 0xFF, 0xFF, 0xFF, 0xFF, 0xFF, 0xFF, 0xFF, 0xFF ; ................
000C1F21  db 0xFF, 0xFF, 0xFF, 0xFF, 0xFF, 0xFF, 0xFF, 0xFF, 0xFF, 0xFF, 0xFF, 0xFF, 0xFF, 0xFF, 0xFF, 0xFF ; ................
000C1F31  db 0xFF, 0xFF, 0xFF, 0xFF, 0xFF, 0xFF, 0xFF, 0xFF, 0xFF, 0xFF, 0xFF, 0xFF, 0xFF, 0xFF, 0xFF, 0xFF ; ................
000C1F41  db 0xFF, 0xFF, 0xFF, 0xFF, 0xFF, 0xFF, 0xFF, 0xFF, 0xFF, 0xFF, 0xFF, 0xFF, 0xFF, 0xFF, 0xFF, 0xFF ; ................
000C1F51  db 0xFF, 0xFF, 0xFF, 0xFF, 0xFF, 0xFF, 0xFF, 0xFF, 0xFF, 0xFF, 0xFF, 0xFF, 0xFF, 0xFF, 0xFF, 0xFF ; ................
000C1F61  db 0xFF, 0xFF, 0xFF, 0xFF, 0xFF, 0xFF, 0xFF, 0xFF, 0xFF, 0xFF, 0xFF, 0xFF, 0xFF, 0xFF, 0xFF, 0xFF ; ................
000C1F71  db 0xFF, 0xFF, 0xFF, 0xFF, 0xFF, 0xFF, 0xFF, 0xFF, 0xFF, 0xFF, 0xFF, 0xFF, 0xFF, 0xFF, 0xFF, 0xFF ; ................
000C1F81  db 0xFF, 0xFF, 0xFF, 0xFF, 0xFF, 0xFF, 0xFF, 0xFF, 0xFF, 0xFF, 0xFF, 0xFF, 0xFF, 0xFF, 0xFF, 0xFF ; ................
000C1F91  db 0xFF, 0xFF, 0xFF, 0xFF, 0xFF, 0xFF, 0xFF, 0xFF, 0xFF, 0xFF, 0xFF, 0xFF, 0xFF, 0xFF, 0xFF, 0xFF ; ................
000C1FA1  db 0xFF, 0xFF, 0xFF, 0xFF, 0xFF, 0xFF, 0xFF, 0xFF, 0xFF, 0xFF, 0xFF, 0xFF, 0xFF, 0xFF, 0xFF, 0xFF ; ................
000C1FB1  db 0xFF, 0xFF, 0xFF, 0xFF, 0xFF, 0xFF, 0xFF, 0xFF, 0xFF, 0xFF, 0xFF, 0xFF, 0xFF, 0xFF, 0xFF, 0x99 ; ................
000C1FC1  db 0x12, 0x00, 0x00, 0x00, 0x00, 0x00, 0x00, 0x00, 0x00, 0x71, 0x12, 0x00, 0x00, 0x00, 0x00, 0x99 ; .........q......
000C1FD1  db 0x12, 0x00, 0xC0, 0xFF, 0xFF, 0xFF, 0xFF, 0xFF, 0xFF, 0xFF, 0xFF, 0xFF, 0xFF, 0xFF, 0xFF, 0xFF ; ................
000C1FE1  db 0xFF, 0xFF, 0xFF, 0xFF, 0xFF, 0xFF, 0xFF, 0xFF, 0xFF, 0xFF, 0xFF, 0xFF, 0xFF, 0xFF, 0xFF, 0xFF ; ................
000C1FF1  db 0xFF, 0xFF, 0xFF, 0xFF, 0xFF, 0xFF, 0xFF, 0xFF, 0xFF, 0xFF, 0xFF, 0xFF, 0xFF, 0xFF, 0x72, 0x26 ; ..............r&
000C2001  db 0x43, 0x4F, 0x50, 0x59, 0x52, 0x49, 0x47, 0x48, 0x54, 0x20, 0x50, 0x41, 0x52, 0x41, 0x44, 0x49 ; COPYRIGHT PARADI
000C2011  db 0x53, 0x45, 0x20, 0x53, 0x59, 0x53, 0x54, 0x45, 0x4D, 0x53, 0x2C, 0x20, 0x49, 0x4E, 0x43, 0x2E ; SE SYSTEMS, INC.
000C2021  db 0x20, 0x31, 0x39, 0x38, 0x36, 0x20, 0x1F, 0x45, 0x47, 0x43, 0x20, 0x54, 0x41, 0x42, 0x4C, 0x45 ;  1986 .EGC TABLE
000C2031  db 0x53, 0x26, 0x46, 0x4F, 0x4E, 0x54, 0x53, 0x20, 0x56, 0x45, 0x52, 0x2E, 0x20, 0x31, 0x2E, 0x28 ; S&FONTS VER. 1.(
000C2041  db 0x18, 0x08, 0x00, 0x08, 0x0B, 0x03, 0x00, 0x03, 0x23, 0x37, 0x27, 0x2D, 0x37, 0x31, 0x15, 0x04 ; ........#7'-71..
000C2051  db 0x11, 0x00, 0x07, 0x06, 0x07, 0x00, 0x00, 0x00, 0x00, 0xE1, 0x24, 0xC7, 0x14, 0x08, 0xE0, 0xF0 ; ..........$.....
000C2061  db 0xA3, 0xFF, 0x00, 0x01, 0x02, 0x03, 0x04, 0x05, 0x06, 0x07, 0x10, 0x11, 0x12, 0x13, 0x14, 0x15 ; ................
000C2071  db 0x16, 0x17, 0x08, 0x00, 0x0F, 0x00, 0x00, 0x00, 0x00, 0x00, 0x00, 0x10, 0x0E, 0x00, 0xFF, 0x28 ; ...............(
000C2081  db 0x18, 0x08, 0x00, 0x08, 0x0B, 0x03, 0x00, 0x03, 0x23, 0x37, 0x27, 0x2D, 0x37, 0x31, 0x15, 0x04 ; ........#7'-71..
000C2091  db 0x11, 0x00, 0x07, 0x06, 0x07, 0x00, 0x00, 0x00, 0x00, 0xE1, 0x24, 0xC7, 0x14, 0x08, 0xE0, 0xF0 ; ..........$.....
000C20A1  db 0xA3, 0xFF, 0x00, 0x01, 0x02, 0x03, 0x04, 0x05, 0x06, 0x07, 0x10, 0x11, 0x12, 0x13, 0x14, 0x15 ; ................
000C20B1  db 0x16, 0x17, 0x08, 0x00, 0x0F, 0x00, 0x00, 0x00, 0x00, 0x00, 0x00, 0x10, 0x0E, 0x00, 0xFF, 0x50 ; ...............P
000C20C1  db 0x18, 0x08, 0x00, 0x10, 0x01, 0x03, 0x00, 0x03, 0x23, 0x70, 0x4F, 0x5C, 0x2F, 0x5F, 0x07, 0x04 ; ........#pO\/_..
000C20D1  db 0x11, 0x00, 0x07, 0x06, 0x07, 0x00, 0x00, 0x00, 0x00, 0xE1, 0x24, 0xC7, 0x28, 0x08, 0xE0, 0xF0 ; ..........$.(...
000C20E1  db 0xA3, 0xFF, 0x00, 0x01, 0x02, 0x03, 0x04, 0x05, 0x06, 0x07, 0x10, 0x11, 0x12, 0x13, 0x14, 0x15 ; ................
000C20F1  db 0x16, 0x17, 0x08, 0x00, 0x0F, 0x00, 0x00, 0x00, 0x00, 0x00, 0x00, 0x10, 0x0E, 0x00, 0xFF, 0x50 ; ...............P
000C2101  db 0x18, 0x08, 0x00, 0x10, 0x01, 0x03, 0x00, 0x03, 0x23, 0x70, 0x4F, 0x5C, 0x2F, 0x5F, 0x07, 0x04 ; ........#pO\/_..
000C2111  db 0x11, 0x00, 0x07, 0x06, 0x07, 0x00, 0x00, 0x00, 0x00, 0xE1, 0x24, 0xC7, 0x28, 0x08, 0xE0, 0xF0 ; ..........$.(...
000C2121  db 0xA3, 0xFF, 0x00, 0x01, 0x02, 0x03, 0x04, 0x05, 0x06, 0x07, 0x10, 0x11, 0x12, 0x13, 0x14, 0x15 ; ................
000C2131  db 0x16, 0x17, 0x08, 0x00, 0x0F, 0x00, 0x00, 0x00, 0x00, 0x00, 0x00, 0x10, 0x0E, 0x00, 0xFF, 0x28 ; ...............(
000C2141  db 0x18, 0x08, 0x00, 0x40, 0x0B, 0x03, 0x00, 0x02, 0x23, 0x37, 0x27, 0x2D, 0x37, 0x30, 0x14, 0x04 ; ...@....#7'-70..
000C2151  db 0x11, 0x00, 0x01, 0x00, 0x00, 0x00, 0x00, 0x00, 0x00, 0xE1, 0x24, 0xC7, 0x14, 0x00, 0xE0, 0xF0 ; ..........$.....
000C2161  db 0xA2, 0xFF, 0x00, 0x13, 0x15, 0x17, 0x02, 0x04, 0x06, 0x07, 0x10, 0x11, 0x12, 0x13, 0x14, 0x15 ; ................
000C2171  db 0x16, 0x17, 0x01, 0x00, 0x03, 0x00, 0x00, 0x00, 0x00, 0x00, 0x00, 0x30, 0x0F, 0x00, 0xFF, 0x28 ; ...........0...(
000C2181  db 0x18, 0x08, 0x00, 0x40, 0x0B, 0x03, 0x00, 0x02, 0x23, 0x37, 0x27, 0x2D, 0x37, 0x30, 0x14, 0x04 ; ...@....#7'-70..
000C2191  db 0x11, 0x00, 0x01, 0x00, 0x00, 0x00, 0x00, 0x00, 0x00, 0xE1, 0x24, 0xC7, 0x14, 0x00, 0xE0, 0xF0 ; ..........$.....
000C21A1  db 0xA2, 0xFF, 0x00, 0x13, 0x15, 0x17, 0x02, 0x04, 0x06, 0x07, 0x10, 0x11, 0x12, 0x13, 0x14, 0x15 ; ................
000C21B1  db 0x16, 0x17, 0x01, 0x00, 0x03, 0x00, 0x00, 0x00, 0x00, 0x00, 0x00, 0x30, 0x0F, 0x00, 0xFF, 0x50 ; ...........0...P
000C21C1  db 0x18, 0x08, 0x00, 0x40, 0x01, 0x01, 0x00, 0x06, 0x23, 0x70, 0x4F, 0x59, 0x2D, 0x5E, 0x06, 0x04 ; ...@....#pOY-^..
000C21D1  db 0x11, 0x00, 0x01, 0x00, 0x00, 0x00, 0x00, 0x00, 0x00, 0xE0, 0x23, 0xC7, 0x28, 0x00, 0xDF, 0xEF ; ..........#.(...
000C21E1  db 0xC2, 0xFF, 0x00, 0x17, 0x17, 0x17, 0x17, 0x17, 0x17, 0x17, 0x17, 0x17, 0x17, 0x17, 0x17, 0x17 ; ................
000C21F1  db 0x17, 0x17, 0x01, 0x00, 0x01, 0x00, 0x00, 0x00, 0x00, 0x00, 0x00, 0x00, 0x0D, 0x00, 0xFF, 0x50 ; ...............P
000C2201  db 0x18, 0x0E, 0x00, 0x10, 0x00, 0x03, 0x00, 0x03, 0xA6, 0x60, 0x4F, 0x56, 0x3A, 0x51, 0x60, 0x70 ; .........`OV:Q`p
000C2211  db 0x1F, 0x00, 0x0D, 0x0B, 0x0C, 0x00, 0x00, 0x00, 0x00, 0x5E, 0x2E, 0x5D, 0x28, 0x0D, 0x5E, 0x6E ; .........^.](.^n
000C2221  db 0xA3, 0xFF, 0x00, 0x08, 0x08, 0x08, 0x08, 0x08, 0x08, 0x08, 0x10, 0x18, 0x18, 0x18, 0x18, 0x18 ; ................
000C2231  db 0x18, 0x18, 0x0E, 0x00, 0x0F, 0x08, 0x00, 0x00, 0x00, 0x00, 0x00, 0x10, 0x0A, 0x00, 0xFF, 0x28 ; ...............(
000C2241  db 0x18, 0x08, 0x00, 0x40, 0x00, 0x00, 0x00, 0x03, 0x23, 0x37, 0x27, 0x2D, 0x37, 0x31, 0x15, 0x04 ; ...@....#7'-71..
000C2251  db 0x11, 0x00, 0x07, 0x06, 0x07, 0x00, 0x00, 0x00, 0x00, 0xE1, 0x24, 0xC7, 0x14, 0x08, 0xE0, 0xF0 ; ..........$.....
000C2261  db 0xA3, 0xFF, 0x00, 0x01, 0x02, 0x03, 0x04, 0x05, 0x06, 0x07, 0x10, 0x11, 0x12, 0x13, 0x14, 0x15 ; ................
000C2271  db 0x16, 0x17, 0x08, 0x00, 0x0F, 0x00, 0x00, 0x00, 0x00, 0x00, 0x00, 0x10, 0x0E, 0x00, 0xFF, 0x28 ; ...............(
000C2281  db 0x18, 0x08, 0x00, 0x40, 0x00, 0x00, 0x00, 0x03, 0x23, 0x37, 0x27, 0x2D, 0x37, 0x31, 0x15, 0x04 ; ...@....#7'-71..
000C2291  db 0x11, 0x00, 0x07, 0x06, 0x07, 0x00, 0x00, 0x00, 0x00, 0xE1, 0x24, 0xC7, 0x14, 0x08, 0xE0, 0xF0 ; ..........$.....
000C22A1  db 0xA3, 0xFF, 0x00, 0x01, 0x02, 0x03, 0x04, 0x05, 0x06, 0x07, 0x10, 0x11, 0x12, 0x13, 0x14, 0x15 ; ................
000C22B1  db 0x16, 0x17, 0x08, 0x00, 0x0F, 0x00, 0x00, 0x00, 0x00, 0x00, 0x00, 0x10, 0x0E, 0x00, 0xFF, 0x28 ; ...............(
000C22C1  db 0x18, 0x08, 0x00, 0x40, 0x00, 0x00, 0x00, 0x03, 0x23, 0x37, 0x27, 0x2D, 0x37, 0x31, 0x15, 0x04 ; ...@....#7'-71..
000C22D1  db 0x11, 0x00, 0x07, 0x06, 0x07, 0x00, 0x00, 0x00, 0x00, 0xE1, 0x24, 0xC7, 0x14, 0x08, 0xE0, 0xF0 ; ..........$.....
000C22E1  db 0xA3, 0xFF, 0x00, 0x01, 0x02, 0x03, 0x04, 0x05, 0x06, 0x07, 0x10, 0x11, 0x12, 0x13, 0x14, 0x15 ; ................
000C22F1  db 0x16, 0x17, 0x08, 0x00, 0x0F, 0x00, 0x00, 0x00, 0x00, 0x00, 0x00, 0x10, 0x0E, 0x00, 0xFF, 0x50 ; ...............P
000C2301  db 0x18, 0x08, 0x00, 0x10, 0x01, 0x04, 0x00, 0x07, 0x23, 0x70, 0x4F, 0x5C, 0x2F, 0x5F, 0x07, 0x04 ; ........#pO\/_..
000C2311  db 0x11, 0x00, 0x07, 0x06, 0x07, 0x00, 0x00, 0x00, 0x00, 0xE1, 0x24, 0xC7, 0x28, 0x08, 0xE0, 0xF0 ; ..........$.(...
000C2321  db 0xA3, 0xFF, 0x00, 0x00, 0x00, 0x00, 0x00, 0x00, 0x00, 0x00, 0x00, 0x00, 0x00, 0x00, 0x00, 0x00 ; ................
000C2331  db 0x00, 0x00, 0x00, 0x00, 0x0F, 0x00, 0x00, 0x00, 0x00, 0x00, 0x00, 0x00, 0x04, 0x00, 0xFF, 0x50 ; ...............P
000C2341  db 0x18, 0x0E, 0x00, 0x10, 0x00, 0x04, 0x00, 0x07, 0xA6, 0x60, 0x4F, 0x56, 0x3A, 0x51, 0x60, 0x70 ; .........`OV:Q`p
000C2351  db 0x1F, 0x00, 0x0D, 0x0B, 0x0C, 0x00, 0x00, 0x00, 0x00, 0x5E, 0x2E, 0x5D, 0x28, 0x0D, 0x5E, 0x6E ; .........^.](.^n
000C2361  db 0xA3, 0xFF, 0x00, 0x00, 0x00, 0x00, 0x00, 0x00, 0x00, 0x00, 0x00, 0x00, 0x00, 0x00, 0x00, 0x00 ; ................
000C2371  db 0x00, 0x00, 0x0E, 0x00, 0x0F, 0x08, 0x00, 0x00, 0x00, 0x00, 0x00, 0x00, 0x04, 0x00, 0xFF, 0x28 ; ...............(
000C2381  db 0x18, 0x08, 0x00, 0x20, 0x0B, 0x0F, 0x00, 0x06, 0x23, 0x37, 0x27, 0x2D, 0x37, 0x30, 0x14, 0x04 ; ... ....#7'-70..
000C2391  db 0x11, 0x00, 0x00, 0x00, 0x00, 0x00, 0x00, 0x00, 0x00, 0xE1, 0x24, 0xC7, 0x14, 0x00, 0xE0, 0xF0 ; ..........$.....
000C23A1  db 0xE3, 0xFF, 0x00, 0x01, 0x02, 0x03, 0x04, 0x05, 0x06, 0x07, 0x10, 0x11, 0x12, 0x13, 0x14, 0x15 ; ................
000C23B1  db 0x16, 0x17, 0x01, 0x00, 0x0F, 0x00, 0x00, 0x00, 0x00, 0x00, 0x00, 0x00, 0x05, 0x0F, 0xFF, 0x50 ; ...............P
000C23C1  db 0x18, 0x08, 0x00, 0x40, 0x01, 0x0F, 0x00, 0x06, 0x23, 0x70, 0x4F, 0x59, 0x2D, 0x5E, 0x06, 0x04 ; ...@....#pOY-^..
000C23D1  db 0x11, 0x00, 0x00, 0x00, 0x00, 0x00, 0x00, 0x00, 0x00, 0xE0, 0x23, 0xC7, 0x28, 0x00, 0xDF, 0xEF ; ..........#.(...
000C23E1  db 0xE3, 0xFF, 0x00, 0x01, 0x02, 0x03, 0x04, 0x05, 0x06, 0x07, 0x10, 0x11, 0x12, 0x13, 0x14, 0x15 ; ................
000C23F1  db 0x16, 0x17, 0x01, 0x00, 0x0F, 0x00, 0x00, 0x00, 0x00, 0x00, 0x00, 0x00, 0x05, 0x0F, 0xFF, 0x50 ; ...............P
000C2401  db 0x18, 0x0E, 0x00, 0x80, 0x05, 0x0F, 0x00, 0x00, 0xA2, 0x60, 0x4F, 0x56, 0x1A, 0x50, 0xE0, 0x70 ; .........`OV.P.p
000C2411  db 0x1F, 0x00, 0x00, 0x00, 0x00, 0x00, 0x00, 0x00, 0x00, 0x5E, 0x2E, 0x5D, 0x14, 0x0D, 0x5E, 0x6E ; .........^.]..^n
000C2421  db 0x8B, 0xFF, 0x00, 0x08, 0x00, 0x00, 0x18, 0x18, 0x00, 0x00, 0x00, 0x08, 0x00, 0x00, 0x00, 0x18 ; ................
000C2431  db 0x00, 0x00, 0x0B, 0x00, 0x05, 0x00, 0x00, 0x00, 0x00, 0x00, 0x00, 0x10, 0x07, 0x0F, 0xFF, 0x50 ; ...............P
000C2441  db 0x18, 0x0E, 0x00, 0x80, 0x05, 0x0F, 0x00, 0x00, 0xA7, 0x5B, 0x4F, 0x53, 0x17, 0x50, 0xBA, 0x6C ; .........[OS.P.l
000C2451  db 0x1F, 0x00, 0x00, 0x00, 0x00, 0x00, 0x00, 0x00, 0x00, 0x5E, 0x2B, 0x5D, 0x14, 0x0F, 0x5F, 0x0A ; .........^+].._.
000C2461  db 0x8B, 0xFF, 0x00, 0x01, 0x00, 0x00, 0x04, 0x07, 0x00, 0x00, 0x00, 0x01, 0x00, 0x00, 0x04, 0x07 ; ................
000C2471  db 0x00, 0x00, 0x01, 0x00, 0x05, 0x00, 0x00, 0x00, 0x00, 0x00, 0x00, 0x10, 0x07, 0x0F, 0xFF, 0x50 ; ...............P
000C2481  db 0x18, 0x0E, 0x00, 0x80, 0x01, 0x0F, 0x00, 0x06, 0xA2, 0x60, 0x4F, 0x56, 0x3A, 0x50, 0x60, 0x70 ; .........`OV:P`p
000C2491  db 0x1F, 0x00, 0x00, 0x00, 0x00, 0x00, 0x00, 0x00, 0x00, 0x5E, 0x2E, 0x5D, 0x28, 0x0D, 0x5E, 0x6E ; .........^.](.^n
000C24A1  db 0xE3, 0xFF, 0x00, 0x08, 0x00, 0x00, 0x18, 0x18, 0x00, 0x00, 0x00, 0x08, 0x00, 0x00, 0x00, 0x18 ; ................
000C24B1  db 0x00, 0x00, 0x0B, 0x00, 0x05, 0x00, 0x00, 0x00, 0x00, 0x00, 0x00, 0x00, 0x05, 0x0F, 0xFF, 0x50 ; ...............P
000C24C1  db 0x18, 0x0E, 0x00, 0x80, 0x01, 0x0F, 0x00, 0x06, 0xA7, 0x5B, 0x4F, 0x53, 0x37, 0x52, 0x00, 0x6C ; .........[OS7R.l
000C24D1  db 0x1F, 0x00, 0x00, 0x00, 0x00, 0x00, 0x00, 0x00, 0x00, 0x5E, 0x2B, 0x5D, 0x28, 0x0F, 0x5F, 0x0A ; .........^+](._.
000C24E1  db 0xE3, 0xFF, 0x00, 0x01, 0x02, 0x03, 0x04, 0x05, 0x14, 0x07, 0x38, 0x39, 0x3A, 0x3B, 0x3C, 0x3D ; ..........89:;<=
000C24F1  db 0x3E, 0x3F, 0x01, 0x00, 0x0F, 0x00, 0x00, 0x00, 0x00, 0x00, 0x00, 0x00, 0x05, 0x0F, 0xFF, 0x28 ; >?.............(
000C2501  db 0x18, 0x0E, 0x00, 0x08, 0x0B, 0x03, 0x00, 0x03, 0xA7, 0x2D, 0x27, 0x2B, 0x2D, 0x28, 0x6D, 0x6C ; .........-'+-(ml
000C2511  db 0x1F, 0x00, 0x0D, 0x06, 0x07, 0x00, 0x00, 0x00, 0x00, 0x5E, 0x2B, 0x5D, 0x14, 0x0F, 0x5E, 0x0A ; .........^+]..^.
000C2521  db 0xA3, 0xFF, 0x00, 0x01, 0x02, 0x03, 0x04, 0x05, 0x14, 0x07, 0x38, 0x39, 0x3A, 0x3B, 0x3C, 0x3D ; ..........89:;<=
000C2531  db 0x3E, 0x3F, 0x08, 0x00, 0x0F, 0x00, 0x00, 0x00, 0x00, 0x00, 0x00, 0x10, 0x0E, 0x00, 0xFF, 0x28 ; >?.............(
000C2541  db 0x18, 0x0E, 0x00, 0x08, 0x0B, 0x03, 0x00, 0x03, 0xA7, 0x2D, 0x27, 0x2B, 0x2D, 0x28, 0x6D, 0x6C ; .........-'+-(ml
000C2551  db 0x1F, 0x00, 0x0D, 0x06, 0x07, 0x00, 0x00, 0x00, 0x00, 0x5E, 0x2B, 0x5D, 0x14, 0x0F, 0x5E, 0x0A ; .........^+]..^.
000C2561  db 0xA3, 0xFF, 0x00, 0x01, 0x02, 0x03, 0x04, 0x05, 0x14, 0x07, 0x38, 0x39, 0x3A, 0x3B, 0x3C, 0x3D ; ..........89:;<=
000C2571  db 0x3E, 0x3F, 0x08, 0x00, 0x0F, 0x00, 0x00, 0x00, 0x00, 0x00, 0x00, 0x10, 0x0E, 0x00, 0xFF, 0x50 ; >?.............P
000C2581  db 0x18, 0x0E, 0x00, 0x10, 0x01, 0x03, 0x00, 0x03, 0xA7, 0x5B, 0x4F, 0x53, 0x37, 0x51, 0x5B, 0x6C ; .........[OS7Q[l
000C2591  db 0x1F, 0x00, 0x0D, 0x06, 0x07, 0x00, 0x00, 0x00, 0x00, 0x5E, 0x2B, 0x5D, 0x28, 0x0F, 0x5E, 0x0A ; .........^+](.^.
000C25A1  db 0xA3, 0xFF, 0x00, 0x01, 0x02, 0x03, 0x04, 0x05, 0x14, 0x07, 0x38, 0x39, 0x3A, 0x3B, 0x3C, 0x3D ; ..........89:;<=
000C25B1  db 0x3E, 0x3F, 0x08, 0x00, 0x0F, 0x00, 0x00, 0x00, 0x00, 0x00, 0x00, 0x10, 0x0E, 0x00, 0xFF, 0x50 ; >?.............P
000C25C1  db 0x18, 0x0E, 0x00, 0x10, 0x01, 0x03, 0x00, 0x03, 0xA7, 0x5B, 0x4F, 0x53, 0x37, 0x51, 0x5B, 0x6C ; .........[OS7Q[l
000C25D1  db 0x1F, 0x00, 0x0D, 0x06, 0x07, 0x00, 0x00, 0x00, 0x00, 0x5E, 0x2B, 0x5D, 0x28, 0x0F, 0x5E, 0x0A ; .........^+](.^.
000C25E1  db 0xA3, 0xFF, 0x00, 0x01, 0x02, 0x03, 0x04, 0x05, 0x14, 0x07, 0x38, 0x39, 0x3A, 0x3B, 0x3C, 0x3D ; ..........89:;<=
000C25F1  db 0x3E, 0x3F, 0x08, 0x00, 0x0F, 0x00, 0x00, 0x00, 0x00, 0x00, 0x00, 0x10, 0x0E, 0x00, 0xFF, 0x00 ; >?..............
000C2601  db 0x00, 0x00, 0x00, 0x00, 0x00, 0x00, 0x00, 0x7E, 0xC3, 0xA5, 0x81, 0xA5, 0x99, 0xC3, 0x7E, 0x7E ; .......~......~~
000C2611  db 0xFF, 0xDB, 0xFF, 0xDB, 0xE7, 0xFF, 0x7E, 0x00, 0x6C, 0xFE, 0xFE, 0x7C, 0x38, 0x10, 0x00, 0x00 ; ......~.l..|8...
000C2621  db 0x10, 0x38, 0x7C, 0xFE, 0x7C, 0x38, 0x10, 0x00, 0x38, 0x38, 0xD6, 0xFE, 0xD6, 0x10, 0x38, 0x00 ; .8|.|8..88....8.
000C2631  db 0x10, 0x38, 0x7C, 0xFE, 0xD6, 0x10, 0x38, 0x00, 0x00, 0x18, 0x3C, 0x3C, 0x18, 0x00, 0x00, 0xFF ; .8|...8...<<....
000C2641  db 0xFF, 0xE7, 0xC3, 0xC3, 0xE7, 0xFF, 0xFF, 0x00, 0x3C, 0x66, 0x42, 0x42, 0x66, 0x3C, 0x00, 0xFF ; ........<fBBf<..
000C2651  db 0xC3, 0x99, 0xBD, 0xBD, 0x99, 0xC3, 0xFF, 0x0F, 0x07, 0x0F, 0x7D, 0xCC, 0xCC, 0xCC, 0x78, 0x3C ; ..........}...x<
000C2661  db 0x66, 0x66, 0x66, 0x3C, 0x18, 0x7E, 0x18, 0x30, 0x38, 0x3C, 0x34, 0x30, 0xD0, 0xF0, 0x60, 0x3F ; fff<.~.08<40..`?
000C2671  db 0x33, 0x3F, 0x33, 0x33, 0xDD, 0xFF, 0x66, 0x99, 0x5A, 0x24, 0xC3, 0xC3, 0x24, 0x5A, 0x99, 0x40 ; 3?33..f.Z$..$Z.@
000C2681  db 0x70, 0x7C, 0x7E, 0x7C, 0x70, 0x40, 0x00, 0x02, 0x0E, 0x3E, 0x7E, 0x3E, 0x0E, 0x02, 0x00, 0x18 ; p|~|p@...>~>....
000C2691  db 0x3C, 0x7E, 0x18, 0x18, 0x7E, 0x3C, 0x18, 0x6C, 0x6C, 0x6C, 0x6C, 0x6C, 0x00, 0x6C, 0x00, 0x7E ; <~..~<.lllll.l.~
000C26A1  db 0xF4, 0xF4, 0x74, 0x34, 0x34, 0x34, 0x00, 0x3C, 0x60, 0x38, 0x6C, 0x6C, 0x38, 0x0C, 0x78, 0x00 ; ..t444.<`8ll8.x.
000C26B1  db 0x00, 0x00, 0x00, 0x7E, 0x7E, 0x7E, 0x00, 0x18, 0x3C, 0x7E, 0x18, 0x7E, 0x3C, 0x18, 0x7E, 0x18 ; ...~~~..<~.~<.~.
000C26C1  db 0x3C, 0x7E, 0x18, 0x18, 0x18, 0x18, 0x18, 0x18, 0x18, 0x18, 0x18, 0x18, 0x7E, 0x3C, 0x18, 0x00 ; <~..........~<..
000C26D1  db 0x04, 0x06, 0xFF, 0xFF, 0x06, 0x04, 0x00, 0x00, 0x20, 0x60, 0xFF, 0xFF, 0x60, 0x20, 0x00, 0x00 ; ........ `..` ..
; string: "````~"
000C26E1  db 0x60, 0x60, 0x60, 0x60, 0x7E, 0x00, 0x00, 0x00, 0x24, 0x66, 0xFF, 0xFF, 0x66, 0x24, 0x00, 0x00 ; ````~...$f..f$..
000C26F1  db 0x08, 0x1C, 0x3E, 0x7F, 0x7F, 0x7F, 0x00, 0x00, 0x7F, 0x7F, 0x7F, 0x3E, 0x1C, 0x08, 0x00, 0x00 ; ..>........>....
000C2701  db 0x00, 0x00, 0x00, 0x00, 0x00, 0x00, 0x00, 0x18, 0x18, 0x18, 0x18, 0x18, 0x00, 0x18, 0x00, 0x6C ; ...............l
000C2711  db 0x6C, 0x6C, 0x00, 0x00, 0x00, 0x00, 0x00, 0x6C, 0x6C, 0xFE, 0x6C, 0xFE, 0x6C, 0x6C, 0x00, 0x18 ; ll.....ll.l.ll..
000C2721  db 0x3E, 0x58, 0x3C, 0x1A, 0x7C, 0x18, 0x00, 0x00, 0x63, 0x66, 0x0C, 0x18, 0x33, 0x63, 0x00, 0x1C ; >X<.|...cf..3c..
000C2731  db 0x36, 0x1C, 0x3B, 0x6E, 0x66, 0x3B, 0x00, 0x18, 0x18, 0x30, 0x00, 0x00, 0x00, 0x00, 0x00, 0x0C ; 6.;nf;...0......
000C2741  db 0x18, 0x30, 0x30, 0x30, 0x18, 0x0C, 0x00, 0x30, 0x18, 0x0C, 0x0C, 0x0C, 0x18, 0x30, 0x00, 0x00 ; .000...0.....0..
000C2751  db 0x66, 0x3C, 0xFF, 0x3C, 0x66, 0x00, 0x00, 0x00, 0x18, 0x18, 0x7E, 0x18, 0x18, 0x00, 0x00, 0x00 ; f<.<f.....~.....
000C2761  db 0x00, 0x00, 0x00, 0x00, 0x18, 0x18, 0x30, 0x00, 0x00, 0x00, 0x7E, 0x00, 0x00, 0x00, 0x00, 0x00 ; ......0...~.....
000C2771  db 0x00, 0x00, 0x00, 0x00, 0x18, 0x18, 0x00, 0x06, 0x0C, 0x18, 0x30, 0x60, 0xC0, 0x80, 0x00, 0x7C ; ..........0`...|
000C2781  db 0xC6, 0xCE, 0xD6, 0xE6, 0xC6, 0x7C, 0x00, 0x18, 0x38, 0x18, 0x18, 0x18, 0x18, 0x18, 0x00, 0x3C ; .....|..8......<
000C2791  db 0x66, 0x06, 0x0C, 0x18, 0x30, 0x7E, 0x00, 0x3C, 0x66, 0x06, 0x1C, 0x06, 0x66, 0x3C, 0x00, 0x1C ; f...0~.<f...f<..
000C27A1  db 0x3C, 0x6C, 0xCC, 0xFE, 0x0C, 0x0C, 0x00, 0x7E, 0x60, 0x7C, 0x06, 0x06, 0x66, 0x3C, 0x00, 0x3C ; <l.....~`|..f<.<
000C27B1  db 0x66, 0x60, 0x7C, 0x66, 0x66, 0x3C, 0x00, 0x7E, 0x06, 0x06, 0x0C, 0x18, 0x18, 0x18, 0x00, 0x3C ; f`|ff<.~.......<
000C27C1  db 0x66, 0x66, 0x3C, 0x66, 0x66, 0x3C, 0x00, 0x3C, 0x66, 0x66, 0x3E, 0x0C, 0x18, 0x30, 0x00, 0x00 ; ff<ff<.<ff>..0..
000C27D1  db 0x00, 0x18, 0x18, 0x00, 0x18, 0x18, 0x00, 0x00, 0x00, 0x18, 0x18, 0x00, 0x18, 0x18, 0x30, 0x0C ; ..............0.
000C27E1  db 0x18, 0x30, 0x60, 0x30, 0x18, 0x0C, 0x00, 0x00, 0x00, 0x7E, 0x00, 0x00, 0x7E, 0x00, 0x00, 0x60 ; .0`0.....~..~..`
000C27F1  db 0x30, 0x18, 0x0C, 0x18, 0x30, 0x60, 0x00, 0x3C, 0x66, 0x06, 0x0C, 0x18, 0x00, 0x18, 0x00, 0x7C ; 0...0`.<f......|
000C2801  db 0xC6, 0xDE, 0xDE, 0xDE, 0xC0, 0x7C, 0x00, 0x38, 0x6C, 0xC6, 0xC6, 0xFE, 0xC6, 0xC6, 0x00, 0xFC ; .....|.8l.......
000C2811  db 0xC6, 0xC6, 0xFC, 0xC6, 0xC6, 0xFC, 0x00, 0x3C, 0x66, 0xC0, 0xC0, 0xC0, 0x66, 0x3C, 0x00, 0xF8 ; .......<f...f<..
000C2821  db 0xCC, 0xC6, 0xC6, 0xC6, 0xCC, 0xF8, 0x00, 0xFE, 0xC0, 0xC0, 0xF8, 0xC0, 0xC0, 0xFE, 0x00, 0xFE ; ................
000C2831  db 0xC0, 0xC0, 0xF8, 0xC0, 0xC0, 0xC0, 0x00, 0x3C, 0x66, 0xC0, 0xC0, 0xCE, 0x66, 0x3E, 0x00, 0xC6 ; .......<f...f>..
000C2841  db 0xC6, 0xC6, 0xFE, 0xC6, 0xC6, 0xC6, 0x00, 0x78, 0x30, 0x30, 0x30, 0x30, 0x30, 0x78, 0x00, 0x06 ; .......x00000x..
000C2851  db 0x06, 0x06, 0x06, 0xC6, 0xC6, 0x7C, 0x00, 0xC6, 0xCC, 0xD8, 0xF0, 0xD8, 0xCC, 0xC6, 0x00, 0xC0 ; .....|..........
000C2861  db 0xC0, 0xC0, 0xC0, 0xC0, 0xC0, 0xFE, 0x00, 0xC6, 0xEE, 0xFE, 0xD6, 0xC6, 0xC6, 0xC6, 0x00, 0xC6 ; ................
000C2871  db 0xE6, 0xF6, 0xDE, 0xCE, 0xC6, 0xC6, 0x00, 0x38, 0x6C, 0xC6, 0xC6, 0xC6, 0x6C, 0x38, 0x00, 0xFC ; .......8l...l8..
000C2881  db 0xC6, 0xC6, 0xFC, 0xC0, 0xC0, 0xC0, 0x00, 0x38, 0x6C, 0xC6, 0xC6, 0xDA, 0x6C, 0x36, 0x00, 0xFC ; .......8l...l6..
000C2891  db 0xC6, 0xC6, 0xFC, 0xCC, 0xC6, 0xC6, 0x00, 0x7C, 0xC6, 0xC0, 0x7C, 0x06, 0xC6, 0x7C, 0x00, 0xFC ; .......|..|..|..
; string: "000000"
000C28A1  db 0x30, 0x30, 0x30, 0x30, 0x30, 0x30, 0x00, 0xC6, 0xC6, 0xC6, 0xC6, 0xC6, 0xC6, 0x7C, 0x00, 0xC6 ; 000000.......|..
000C28B1  db 0xC6, 0xC6, 0xC6, 0xC6, 0x6C, 0x38, 0x00, 0xC6, 0xC6, 0xC6, 0xD6, 0xFE, 0xEE, 0xC6, 0x00, 0xC6 ; ....l8..........
000C28C1  db 0xC6, 0x6C, 0x38, 0x6C, 0xC6, 0xC6, 0x00, 0x66, 0x66, 0x66, 0x3C, 0x18, 0x18, 0x18, 0x00, 0xFE ; .l8l...fff<.....
000C28D1  db 0x06, 0x0C, 0x18, 0x30, 0x60, 0xFE, 0x00, 0x3C, 0x30, 0x30, 0x30, 0x30, 0x30, 0x3C, 0x00, 0xC0 ; ...0`..<00000<..
000C28E1  db 0x60, 0x30, 0x18, 0x0C, 0x06, 0x02, 0x00, 0x3C, 0x0C, 0x0C, 0x0C, 0x0C, 0x0C, 0x3C, 0x00, 0x08 ; `0.....<.....<..
000C28F1  db 0x1C, 0x36, 0x63, 0x00, 0x00, 0x00, 0x00, 0x00, 0x00, 0x00, 0x00, 0x00, 0x00, 0x00, 0xFF, 0x30 ; .6c............0
000C2901  db 0x18, 0x0C, 0x00, 0x00, 0x00, 0x00, 0x00, 0x00, 0x00, 0x7C, 0x06, 0x7E, 0xC6, 0x7E, 0x00, 0xC0 ; .........|.~.~..
000C2911  db 0xC0, 0xFC, 0xC6, 0xC6, 0xC6, 0xFC, 0x00, 0x00, 0x00, 0x7C, 0xC6, 0xC0, 0xC6, 0x7C, 0x00, 0x06 ; .........|...|..
000C2921  db 0x06, 0x7E, 0xC6, 0xC6, 0xC6, 0x7E, 0x00, 0x00, 0x00, 0x7C, 0xC6, 0xFE, 0xC0, 0x7C, 0x00, 0x3C ; .~...~...|...|.<
000C2931  db 0x66, 0x60, 0xF8, 0x60, 0x60, 0x60, 0x00, 0x00, 0x00, 0x7E, 0xC6, 0xC6, 0x7E, 0x06, 0xFC, 0xC0 ; f`.```...~..~...
000C2941  db 0xC0, 0xFC, 0xC6, 0xC6, 0xC6, 0xC6, 0x00, 0x18, 0x00, 0x18, 0x18, 0x18, 0x18, 0x18, 0x00, 0x0C ; ................
000C2951  db 0x00, 0x0C, 0x0C, 0x0C, 0x0C, 0xCC, 0x78, 0xC0, 0xC0, 0xC6, 0xCC, 0xF8, 0xCC, 0xC6, 0x00, 0x18 ; ......x.........
000C2961  db 0x18, 0x18, 0x18, 0x18, 0x18, 0x18, 0x00, 0x00, 0x00, 0x6C, 0xFE, 0xD6, 0xC6, 0xC6, 0x00, 0x00 ; .........l......
000C2971  db 0x00, 0xFC, 0xC6, 0xC6, 0xC6, 0xC6, 0x00, 0x00, 0x00, 0x7C, 0xC6, 0xC6, 0xC6, 0x7C, 0x00, 0x00 ; .........|...|..
000C2981  db 0x00, 0xFC, 0xC6, 0xC6, 0xFC, 0xC0, 0xC0, 0x00, 0x00, 0x7E, 0xC6, 0xC6, 0x7E, 0x06, 0x06, 0x00 ; .........~..~...
000C2991  db 0x00, 0xFC, 0xC6, 0xC0, 0xC0, 0xC0, 0x00, 0x00, 0x00, 0x7C, 0xC0, 0x7C, 0x06, 0xFC, 0x00, 0x60 ; .........|.|...`
000C29A1  db 0x60, 0xFC, 0x60, 0x60, 0x66, 0x3C, 0x00, 0x00, 0x00, 0xC6, 0xC6, 0xC6, 0xC6, 0x7E, 0x00, 0x00 ; `.``f<.......~..
000C29B1  db 0x00, 0xC6, 0xC6, 0xC6, 0x6C, 0x38, 0x00, 0x00, 0x00, 0xC6, 0xC6, 0xD6, 0xFE, 0x6C, 0x00, 0x00 ; ....l8.......l..
000C29C1  db 0x00, 0xC6, 0x6C, 0x38, 0x6C, 0xC6, 0x00, 0x00, 0x00, 0xC6, 0xC6, 0xC6, 0x7E, 0x06, 0xFC, 0x00 ; ..l8l.......~...
000C29D1  db 0x00, 0x7E, 0x0C, 0x18, 0x30, 0x7E, 0x00, 0x0E, 0x18, 0x18, 0x70, 0x18, 0x18, 0x0E, 0x00, 0x18 ; .~..0~....p.....
000C29E1  db 0x18, 0x18, 0x00, 0x18, 0x18, 0x18, 0x00, 0x70, 0x18, 0x18, 0x0E, 0x18, 0x18, 0x70, 0x00, 0x32 ; .......p.....p.2
000C29F1  db 0x4C, 0x00, 0x00, 0x00, 0x00, 0x00, 0x00, 0x00, 0x18, 0x3C, 0x66, 0xC3, 0xC3, 0xFF, 0x00, 0x3C ; L........<f....<
000C2A01  db 0x66, 0xC0, 0xC0, 0x66, 0x3C, 0x0C, 0x38, 0x66, 0x00, 0x00, 0xC6, 0xC6, 0xC6, 0x7E, 0x00, 0x0C ; f..f<.8f.....~..
000C2A11  db 0x18, 0x7C, 0xC6, 0xFE, 0xC0, 0x7C, 0x00, 0x18, 0x66, 0x7C, 0x06, 0x7E, 0xC6, 0x7E, 0x00, 0x66 ; .|...|..f|.~.~.f
000C2A21  db 0x00, 0x7C, 0x06, 0x7E, 0xC6, 0x7E, 0x00, 0x60, 0x30, 0x7C, 0x06, 0x7E, 0xC6, 0x7E, 0x00, 0x18 ; .|.~.~.`0|.~.~..
000C2A31  db 0x00, 0x7C, 0x06, 0x7E, 0xC6, 0x7E, 0x00, 0x00, 0x7C, 0xC6, 0xC0, 0xC6, 0x7C, 0x0C, 0x38, 0x18 ; .|.~.~..|...|.8.
000C2A41  db 0x66, 0x7C, 0xC6, 0xFE, 0xC0, 0x7C, 0x00, 0x66, 0x00, 0x7C, 0xC6, 0xFE, 0xC0, 0x7C, 0x00, 0x60 ; f|...|.f.|...|.`
000C2A51  db 0x30, 0x7C, 0xC6, 0xFE, 0xC0, 0x7C, 0x00, 0x66, 0x00, 0x00, 0x18, 0x18, 0x18, 0x18, 0x00, 0x18 ; 0|...|.f........
000C2A61  db 0x66, 0x00, 0x18, 0x18, 0x18, 0x18, 0x00, 0x18, 0x0C, 0x00, 0x18, 0x18, 0x18, 0x18, 0x00, 0xC6 ; f...............
000C2A71  db 0x38, 0x6C, 0xC6, 0xFE, 0xC6, 0xC6, 0x00, 0x18, 0x00, 0x7C, 0xC6, 0xFE, 0xC6, 0xC6, 0x00, 0x0C ; 8l.......|......
000C2A81  db 0x18, 0x7E, 0x60, 0x78, 0x60, 0x7E, 0x00, 0x00, 0x00, 0x76, 0x1B, 0x7E, 0xD8, 0x77, 0x00, 0x3E ; .~`x`~...v.~.w.>
000C2A91  db 0x78, 0xD8, 0xFE, 0xD8, 0xD8, 0xDE, 0x00, 0x18, 0x66, 0x00, 0x7C, 0xC6, 0xC6, 0x7C, 0x00, 0x66 ; x.......f.|..|.f
000C2AA1  db 0x00, 0x00, 0x7C, 0xC6, 0xC6, 0x7C, 0x00, 0x60, 0x30, 0x00, 0x7C, 0xC6, 0xC6, 0x7C, 0x00, 0x18 ; ..|..|.`0.|..|..
000C2AB1  db 0x66, 0x00, 0xC6, 0xC6, 0xC6, 0x7E, 0x00, 0x30, 0x18, 0x00, 0xC6, 0xC6, 0xC6, 0x7E, 0x00, 0x66 ; f....~.0.....~.f
000C2AC1  db 0x00, 0xC6, 0xC6, 0xC6, 0x7E, 0x06, 0xFC, 0xC6, 0x38, 0x6C, 0xC6, 0xC6, 0x6C, 0x38, 0x00, 0x66 ; ....~...8l..l8.f
000C2AD1  db 0x00, 0xC6, 0xC6, 0xC6, 0xC6, 0x7C, 0x00, 0x18, 0x7C, 0xC6, 0xC0, 0xC6, 0x7C, 0x18, 0x00, 0x3C ; .....|..|...|..<
000C2AE1  db 0x66, 0x60, 0xF8, 0x60, 0x60, 0xFE, 0x00, 0x66, 0x66, 0x3C, 0x18, 0x7E, 0x18, 0x7E, 0x18, 0xF0 ; f`.``..ff<.~.~..
000C2AF1  db 0xD8, 0xD8, 0xF4, 0xCC, 0xCE, 0x0C, 0x07, 0x0E, 0x1B, 0x18, 0x3C, 0x18, 0x18, 0xD8, 0x70, 0x0C ; ..........<...p.
000C2B01  db 0x18, 0x7C, 0x06, 0x7E, 0xC6, 0x7E, 0x00, 0x0C, 0x18, 0x00, 0x18, 0x18, 0x18, 0x18, 0x00, 0x0C ; .|.~.~..........
000C2B11  db 0x18, 0x00, 0x7C, 0xC6, 0xC6, 0x7C, 0x00, 0x18, 0x30, 0x00, 0xC6, 0xC6, 0xC6, 0x7E, 0x00, 0x32 ; ..|..|..0....~.2
000C2B21  db 0x4C, 0x00, 0xFC, 0xC6, 0xC6, 0xC6, 0x00, 0x32, 0x4C, 0xE6, 0xF6, 0xDE, 0xCE, 0xC6, 0x00, 0x7C ; L......2L......|
000C2B31  db 0x06, 0x7E, 0xC6, 0x7E, 0x00, 0x7E, 0x00, 0x7C, 0xC6, 0xC6, 0xC6, 0x7C, 0x00, 0x7E, 0x00, 0x18 ; .~.~.~.|...|.~..
000C2B41  db 0x00, 0x18, 0x30, 0x60, 0x66, 0x3C, 0x00, 0x00, 0x00, 0x00, 0x7E, 0x60, 0x60, 0x00, 0x00, 0x00 ; ..0`f<....~``...
000C2B51  db 0x00, 0x00, 0x7E, 0x06, 0x06, 0x00, 0x00, 0x40, 0xC0, 0x4C, 0x52, 0x44, 0x08, 0x1E, 0x00, 0x40 ; ..~....@.LRD...@
000C2B61  db 0xC0, 0x44, 0x4C, 0x54, 0x1E, 0x04, 0x00, 0x18, 0x00, 0x18, 0x18, 0x18, 0x18, 0x18, 0x00, 0x00 ; .DLT............
000C2B71  db 0x36, 0x6C, 0xD8, 0x6C, 0x36, 0x00, 0x00, 0x00, 0xD8, 0x6C, 0x36, 0x6C, 0xD8, 0x00, 0x00, 0x22 ; 6l.l6....l6l..."
000C2B81  db 0x88, 0x22, 0x88, 0x22, 0x88, 0x22, 0x88, 0x55, 0xAA, 0x55, 0xAA, 0x55, 0xAA, 0x55, 0xAA, 0xDD ; .".".".U.U.U.U..
000C2B91  db 0x77, 0xDD, 0x77, 0xDD, 0x77, 0xDD, 0x77, 0x18, 0x18, 0x18, 0x18, 0x18, 0x18, 0x18, 0x18, 0x18 ; w.w.w.w.........
000C2BA1  db 0x18, 0x18, 0x18, 0xF8, 0x18, 0x18, 0x18, 0x18, 0x18, 0xF8, 0x18, 0xF8, 0x18, 0x18, 0x18, 0x66 ; ...............f
000C2BB1  db 0x66, 0x66, 0x66, 0xE6, 0x66, 0x66, 0x66, 0x00, 0x00, 0x00, 0x00, 0xFE, 0x66, 0x66, 0x66, 0x00 ; fff.fff.....fff.
000C2BC1  db 0x00, 0xF8, 0x18, 0xF8, 0x18, 0x18, 0x18, 0x66, 0x66, 0xE6, 0x06, 0xE6, 0x66, 0x66, 0x66, 0x66 ; .......ff...ffff
000C2BD1  db 0x66, 0x66, 0x66, 0x66, 0x66, 0x66, 0x66, 0x00, 0x00, 0xFE, 0x06, 0xE6, 0x66, 0x66, 0x66, 0x66 ; fffffff.....ffff
000C2BE1  db 0x66, 0xE6, 0x06, 0xFE, 0x00, 0x00, 0x00, 0x66, 0x66, 0x66, 0x66, 0xFE, 0x00, 0x00, 0x00, 0x18 ; f......ffff.....
000C2BF1  db 0x18, 0xF8, 0x18, 0xF8, 0x00, 0x00, 0x00, 0x00, 0x00, 0x00, 0x00, 0xF8, 0x18, 0x18, 0x18, 0x18 ; ................
000C2C01  db 0x18, 0x18, 0x18, 0x1F, 0x00, 0x00, 0x00, 0x18, 0x18, 0x18, 0x18, 0xFF, 0x00, 0x00, 0x00, 0x00 ; ................
000C2C11  db 0x00, 0x00, 0x00, 0xFF, 0x18, 0x18, 0x18, 0x18, 0x18, 0x18, 0x18, 0x1F, 0x18, 0x18, 0x18, 0x00 ; ................
000C2C21  db 0x00, 0x00, 0x00, 0xFF, 0x00, 0x00, 0x00, 0x18, 0x18, 0x18, 0x18, 0xFF, 0x18, 0x18, 0x18, 0x18 ; ................
000C2C31  db 0x18, 0x1F, 0x18, 0x1F, 0x18, 0x18, 0x18, 0x66, 0x66, 0x66, 0x66, 0x67, 0x66, 0x66, 0x66, 0x66 ; .......ffffgffff
000C2C41  db 0x66, 0x67, 0x60, 0x7F, 0x00, 0x00, 0x00, 0x00, 0x00, 0x7F, 0x60, 0x67, 0x66, 0x66, 0x66, 0x66 ; fg`.......`gffff
000C2C51  db 0x66, 0xE7, 0x00, 0xFF, 0x00, 0x00, 0x00, 0x00, 0x00, 0xFF, 0x00, 0xE7, 0x66, 0x66, 0x66, 0x66 ; f...........ffff
000C2C61  db 0x66, 0x67, 0x60, 0x67, 0x66, 0x66, 0x66, 0x00, 0x00, 0xFF, 0x00, 0xFF, 0x00, 0x00, 0x00, 0x66 ; fg`gfff........f
000C2C71  db 0x66, 0xE7, 0x00, 0xE7, 0x66, 0x66, 0x66, 0x18, 0x18, 0xFF, 0x00, 0xFF, 0x00, 0x00, 0x00, 0x66 ; f...fff........f
000C2C81  db 0x66, 0x66, 0x66, 0xFF, 0x00, 0x00, 0x00, 0x00, 0x00, 0xFF, 0x00, 0xFF, 0x18, 0x18, 0x18, 0x00 ; fff.............
000C2C91  db 0x00, 0x00, 0x00, 0xFF, 0x66, 0x66, 0x66, 0x66, 0x66, 0x66, 0x66, 0x7F, 0x00, 0x00, 0x00, 0x18 ; ....fffffff.....
000C2CA1  db 0x18, 0x1F, 0x18, 0x1F, 0x00, 0x00, 0x00, 0x00, 0x00, 0x1F, 0x18, 0x1F, 0x18, 0x18, 0x18, 0x00 ; ................
000C2CB1  db 0x00, 0x00, 0x00, 0x7F, 0x66, 0x66, 0x66, 0x66, 0x66, 0x66, 0x66, 0xFF, 0x66, 0x66, 0x66, 0x18 ; ....fffffff.fff.
000C2CC1  db 0x18, 0xFF, 0x18, 0xFF, 0x18, 0x18, 0x18, 0x18, 0x18, 0x18, 0x18, 0xF8, 0x00, 0x00, 0x00, 0x00 ; ................
000C2CD1  db 0x00, 0x00, 0x00, 0x1F, 0x18, 0x18, 0x18, 0xFF, 0xFF, 0xFF, 0xFF, 0xFF, 0xFF, 0xFF, 0xFF, 0x00 ; ................
000C2CE1  db 0x00, 0x00, 0x00, 0xFF, 0xFF, 0xFF, 0xFF, 0xF0, 0xF0, 0xF0, 0xF0, 0xF0, 0xF0, 0xF0, 0xF0, 0x0F ; ................
000C2CF1  db 0x0F, 0x0F, 0x0F, 0x0F, 0x0F, 0x0F, 0x0F, 0xFF, 0xFF, 0xFF, 0xFF, 0x00, 0x00, 0x00, 0x00, 0x00 ; ................
000C2D01  db 0x00, 0x76, 0xDC, 0xCC, 0xDC, 0x76, 0x00, 0x3C, 0x66, 0x7C, 0x66, 0x66, 0x7C, 0x60, 0x60, 0x7E ; .v...v.<f|ff|``~
000C2D11  db 0x66, 0x60, 0x60, 0x60, 0x60, 0x60, 0x00, 0x00, 0x00, 0xFE, 0x6C, 0x6C, 0x6C, 0x66, 0x00, 0xFE ; f`````....lllf..
000C2D21  db 0xC6, 0x60, 0x30, 0x60, 0xC6, 0xFE, 0x00, 0x00, 0x00, 0x00, 0x7E, 0xD8, 0xD8, 0x70, 0x00, 0x00 ; .`0`......~..p..
000C2D31  db 0x00, 0x66, 0x66, 0x66, 0x7C, 0x60, 0xC0, 0x00, 0x00, 0x7E, 0x18, 0x18, 0x18, 0x0C, 0x00, 0x7E ; .fff|`...~.....~
000C2D41  db 0x18, 0x3C, 0x66, 0x66, 0x3C, 0x18, 0x7E, 0x38, 0x6C, 0xC6, 0xFE, 0xC6, 0x6C, 0x38, 0x00, 0x7C ; .<ff<.~8l...l8.|
000C2D51  db 0xC6, 0xC6, 0xC6, 0xC6, 0x6C, 0xEE, 0x00, 0x3C, 0x66, 0x30, 0x7C, 0xC6, 0xC6, 0x7C, 0x00, 0x00 ; ....l..<f0|..|..
000C2D61  db 0x00, 0x66, 0xDB, 0xDB, 0xDB, 0x66, 0x00, 0x03, 0x06, 0x3C, 0x66, 0x66, 0x3C, 0x60, 0xC0, 0x1E ; .f...f...<ff<`..
000C2D71  db 0x30, 0x60, 0x7E, 0x60, 0x30, 0x1E, 0x00, 0x3C, 0x66, 0x66, 0x66, 0x66, 0x66, 0x66, 0x00, 0x00 ; 0`~`0..<ffffff..
000C2D81  db 0x7E, 0x00, 0x7E, 0x00, 0x7E, 0x00, 0x00, 0x18, 0x18, 0x7E, 0x18, 0x18, 0x00, 0x7E, 0x00, 0x30 ; ~.~.~....~...~.0
000C2D91  db 0x18, 0x0C, 0x18, 0x30, 0x00, 0x7E, 0x00, 0x0C, 0x18, 0x30, 0x18, 0x0C, 0x00, 0x7E, 0x00, 0x0E ; ...0.~...0...~..
000C2DA1  db 0x1B, 0x18, 0x18, 0x18, 0x18, 0x18, 0x18, 0x18, 0x18, 0x18, 0x18, 0x18, 0x18, 0xD8, 0x70, 0x00 ; ..............p.
000C2DB1  db 0x18, 0x00, 0x7E, 0x00, 0x18, 0x00, 0x00, 0x00, 0x72, 0x9C, 0x00, 0x72, 0x9C, 0x00, 0x00, 0x00 ; ..~.....r..r....
; string: "<ff<"
000C2DC1  db 0x3C, 0x66, 0x66, 0x3C, 0x00, 0x00, 0x00, 0x00, 0x00, 0x00, 0x18, 0x18, 0x00, 0x00, 0x00, 0x00 ; <ff<............
000C2DD1  db 0x00, 0x00, 0x00, 0x18, 0x00, 0x00, 0x00, 0x07, 0x07, 0x0C, 0x0C, 0x98, 0xD8, 0x70, 0x30, 0x78 ; .............p0x
000C2DE1  db 0x6C, 0x6C, 0x6C, 0x6C, 0x00, 0x00, 0x00, 0x38, 0x6C, 0x18, 0x30, 0x7C, 0x00, 0x00, 0x00, 0x00 ; llll...8l.0|....
000C2DF1  db 0x00, 0x78, 0x78, 0x78, 0x78, 0x00, 0x00, 0x00, 0x00, 0x00, 0x00, 0x00, 0x00, 0x00, 0x00, 0x00 ; .xxxx...........
000C2E01  db 0x00, 0x00, 0x00, 0x00, 0x00, 0x00, 0x00, 0x00, 0x00, 0x00, 0x00, 0x00, 0x00, 0x00, 0x00, 0x7E ; ...............~
000C2E11  db 0x81, 0xA5, 0x81, 0x81, 0xBD, 0x99, 0x81, 0x7E, 0x00, 0x00, 0x00, 0x00, 0x00, 0x7E, 0xFF, 0xDB ; .......~.....~..
000C2E21  db 0xFF, 0xFF, 0xC3, 0xE7, 0xFF, 0x7E, 0x00, 0x00, 0x00, 0x00, 0x00, 0x00, 0x6C, 0xFE, 0xFE, 0xFE ; .....~......l...
000C2E31  db 0xFE, 0x7C, 0x38, 0x10, 0x00, 0x00, 0x00, 0x00, 0x00, 0x00, 0x10, 0x38, 0x7C, 0xFE, 0x7C, 0x38 ; .|8........8|.|8
000C2E41  db 0x10, 0x00, 0x00, 0x00, 0x00, 0x00, 0x00, 0x18, 0x3C, 0x3C, 0xE7, 0xE7, 0xE7, 0x18, 0x18, 0x3C ; ........<<.....<
000C2E51  db 0x00, 0x00, 0x00, 0x00, 0x00, 0x18, 0x3C, 0x7E, 0xFF, 0xFF, 0x7E, 0x18, 0x18, 0x3C, 0x00, 0x00 ; ......<~..~..<..
000C2E61  db 0x00, 0x00, 0x00, 0x00, 0x00, 0x00, 0x18, 0x3C, 0x3C, 0x18, 0x00, 0x00, 0x00, 0x00, 0x00, 0xFF ; .......<<.......
000C2E71  db 0xFF, 0xFF, 0xFF, 0xFF, 0xE7, 0xC3, 0xC3, 0xE7, 0xFF, 0xFF, 0xFF, 0xFF, 0xFF, 0x00, 0x00, 0x00 ; ................
000C2E81  db 0x00, 0x3C, 0x66, 0x42, 0x42, 0x66, 0x3C, 0x00, 0x00, 0x00, 0x00, 0xFF, 0xFF, 0xFF, 0xFF, 0xC3 ; .<fBBf<.........
000C2E91  db 0x99, 0xBD, 0xBD, 0x99, 0xC3, 0xFF, 0xFF, 0xFF, 0xFF, 0x00, 0x00, 0x1E, 0x0E, 0x1A, 0x32, 0x78 ; ..............2x
000C2EA1  db 0xCC, 0xCC, 0xCC, 0x78, 0x00, 0x00, 0x00, 0x00, 0x00, 0x3C, 0x66, 0x66, 0x66, 0x3C, 0x18, 0x7E ; ...x.....<fff<.~
000C2EB1  db 0x18, 0x18, 0x00, 0x00, 0x00, 0x00, 0x00, 0x3F, 0x33, 0x3F, 0x30, 0x30, 0x30, 0x70, 0xF0, 0xE0 ; .......?3?000p..
000C2EC1  db 0x00, 0x00, 0x00, 0x00, 0x00, 0x7F, 0x63, 0x7F, 0x63, 0x63, 0x63, 0x67, 0xE7, 0xE6, 0xC0, 0x00 ; ......c.cccg....
000C2ED1  db 0x00, 0x00, 0x00, 0x18, 0x18, 0xDB, 0x3C, 0xE7, 0x3C, 0xDB, 0x18, 0x18, 0x00, 0x00, 0x00, 0x00 ; ......<.<.......
000C2EE1  db 0x00, 0x80, 0xC0, 0xE0, 0xF8, 0xFE, 0xF8, 0xE0, 0xC0, 0x80, 0x00, 0x00, 0x00, 0x00, 0x00, 0x02 ; ................
000C2EF1  db 0x06, 0x0E, 0x3E, 0xFE, 0x3E, 0x0E, 0x06, 0x02, 0x00, 0x00, 0x00, 0x00, 0x00, 0x18, 0x3C, 0x7E ; ..>.>.........<~
000C2F01  db 0x18, 0x18, 0x18, 0x7E, 0x3C, 0x18, 0x00, 0x00, 0x00, 0x00, 0x00, 0x66, 0x66, 0x66, 0x66, 0x66 ; ...~<......fffff
000C2F11  db 0x66, 0x00, 0x66, 0x66, 0x00, 0x00, 0x00, 0x00, 0x00, 0x7F, 0xDB, 0xDB, 0xDB, 0x7B, 0x1B, 0x1B ; f.ff.........{..
000C2F21  db 0x1B, 0x1B, 0x00, 0x00, 0x00, 0x00, 0x7C, 0xC6, 0x60, 0x38, 0x6C, 0xC6, 0xC6, 0x6C, 0x38, 0x0C ; ......|.`8l..l8.
000C2F31  db 0xC6, 0x7C, 0x00, 0x00, 0x00, 0x00, 0x00, 0x00, 0x00, 0x00, 0x00, 0xFE, 0xFE, 0xFE, 0x00, 0x00 ; .|..............
000C2F41  db 0x00, 0x00, 0x00, 0x18, 0x3C, 0x7E, 0x18, 0x18, 0x18, 0x7E, 0x3C, 0x18, 0x7E, 0x00, 0x00, 0x00 ; ....<~...~<.~...
000C2F51  db 0x00, 0x18, 0x3C, 0x7E, 0x18, 0x18, 0x18, 0x18, 0x18, 0x18, 0x00, 0x00, 0x00, 0x00, 0x00, 0x18 ; ..<~............
000C2F61  db 0x18, 0x18, 0x18, 0x18, 0x18, 0x7E, 0x3C, 0x18, 0x00, 0x00, 0x00, 0x00, 0x00, 0x00, 0x00, 0x18 ; .....~<.........
000C2F71  db 0x0C, 0xFE, 0x0C, 0x18, 0x00, 0x00, 0x00, 0x00, 0x00, 0x00, 0x00, 0x00, 0x00, 0x30, 0x60, 0xFE ; .............0`.
000C2F81  db 0x60, 0x30, 0x00, 0x00, 0x00, 0x00, 0x00, 0x00, 0x00, 0x00, 0x00, 0x00, 0xC0, 0xC0, 0xC0, 0xFE ; `0..............
000C2F91  db 0x00, 0x00, 0x00, 0x00, 0x00, 0x00, 0x00, 0x00, 0x00, 0x28, 0x6C, 0xFE, 0x6C, 0x28, 0x00, 0x00 ; .........(l.l(..
000C2FA1  db 0x00, 0x00, 0x00, 0x00, 0x00, 0x00, 0x10, 0x38, 0x38, 0x7C, 0x7C, 0xFE, 0xFE, 0x00, 0x00, 0x00 ; .......88||.....
000C2FB1  db 0x00, 0x00, 0x00, 0x00, 0xFE, 0xFE, 0x7C, 0x7C, 0x38, 0x38, 0x10, 0x00, 0x00, 0x00, 0x00, 0x00 ; ......||88......
000C2FC1  db 0x00, 0x00, 0x00, 0x00, 0x00, 0x00, 0x00, 0x00, 0x00, 0x00, 0x00, 0x00, 0x00, 0x00, 0x00, 0x18 ; ................
000C2FD1  db 0x3C, 0x3C, 0x3C, 0x18, 0x18, 0x00, 0x18, 0x18, 0x00, 0x00, 0x00, 0x00, 0x66, 0x66, 0x66, 0x24 ; <<<.........fff$
000C2FE1  db 0x00, 0x00, 0x00, 0x00, 0x00, 0x00, 0x00, 0x00, 0x00, 0x00, 0x00, 0x6C, 0x6C, 0xFE, 0x6C, 0x6C ; ...........ll.ll
000C2FF1  db 0x6C, 0xFE, 0x6C, 0x6C, 0x00, 0x00, 0x00, 0x18, 0x18, 0x7C, 0xC6, 0xC2, 0xC0, 0x7C, 0x06, 0x86 ; l.ll.....|...|..
000C3001  db 0xC6, 0x7C, 0x18, 0x18, 0x00, 0x00, 0x00, 0x00, 0x00, 0xC2, 0xC6, 0x0C, 0x18, 0x30, 0x66, 0xC6 ; .|...........0f.
000C3011  db 0x00, 0x00, 0x00, 0x00, 0x00, 0x38, 0x6C, 0x6C, 0x38, 0x76, 0xDC, 0xCC, 0xCC, 0x76, 0x00, 0x00 ; .....8ll8v...v..
000C3021  db 0x00, 0x00, 0x30, 0x30, 0x30, 0x60, 0x00, 0x00, 0x00, 0x00, 0x00, 0x00, 0x00, 0x00, 0x00, 0x00 ; ..000`..........
000C3031  db 0x00, 0x0C, 0x18, 0x30, 0x30, 0x30, 0x30, 0x30, 0x18, 0x0C, 0x00, 0x00, 0x00, 0x00, 0x00, 0x30 ; ...00000.......0
000C3041  db 0x18, 0x0C, 0x0C, 0x0C, 0x0C, 0x0C, 0x18, 0x30, 0x00, 0x00, 0x00, 0x00, 0x00, 0x00, 0x00, 0x66 ; .......0.......f
000C3051  db 0x3C, 0xFF, 0x3C, 0x66, 0x00, 0x00, 0x00, 0x00, 0x00, 0x00, 0x00, 0x00, 0x00, 0x18, 0x18, 0x7E ; <.<f...........~
000C3061  db 0x18, 0x18, 0x00, 0x00, 0x00, 0x00, 0x00, 0x00, 0x00, 0x00, 0x00, 0x00, 0x00, 0x00, 0x00, 0x18 ; ................
000C3071  db 0x18, 0x18, 0x30, 0x00, 0x00, 0x00, 0x00, 0x00, 0x00, 0x00, 0x00, 0xFE, 0x00, 0x00, 0x00, 0x00 ; ..0.............
000C3081  db 0x00, 0x00, 0x00, 0x00, 0x00, 0x00, 0x00, 0x00, 0x00, 0x00, 0x00, 0x00, 0x18, 0x18, 0x00, 0x00 ; ................
000C3091  db 0x00, 0x00, 0x00, 0x02, 0x06, 0x0C, 0x18, 0x30, 0x60, 0xC0, 0x80, 0x00, 0x00, 0x00, 0x00, 0x00 ; .......0`.......
000C30A1  db 0x00, 0x7C, 0xC6, 0xCE, 0xDE, 0xF6, 0xE6, 0xC6, 0xC6, 0x7C, 0x00, 0x00, 0x00, 0x00, 0x00, 0x18 ; .|.......|......
000C30B1  db 0x38, 0x78, 0x18, 0x18, 0x18, 0x18, 0x18, 0x7E, 0x00, 0x00, 0x00, 0x00, 0x00, 0x7C, 0xC6, 0x06 ; 8x.....~.....|..
000C30C1  db 0x0C, 0x18, 0x30, 0x60, 0xC6, 0xFE, 0x00, 0x00, 0x00, 0x00, 0x00, 0x7C, 0xC6, 0x06, 0x06, 0x3C ; ..0`.......|...<
000C30D1  db 0x06, 0x06, 0xC6, 0x7C, 0x00, 0x00, 0x00, 0x00, 0x00, 0x0C, 0x1C, 0x3C, 0x6C, 0xCC, 0xFE, 0x0C ; ...|.......<l...
000C30E1  db 0x0C, 0x1E, 0x00, 0x00, 0x00, 0x00, 0x00, 0xFE, 0xC0, 0xC0, 0xC0, 0xFC, 0x06, 0x06, 0xC6, 0x7C ; ...............|
000C30F1  db 0x00, 0x00, 0x00, 0x00, 0x00, 0x38, 0x60, 0xC0, 0xC0, 0xFC, 0xC6, 0xC6, 0xC6, 0x7C, 0x00, 0x00 ; .....8`......|..
000C3101  db 0x00, 0x00, 0x00, 0xFE, 0xC6, 0x06, 0x0C, 0x18, 0x30, 0x30, 0x30, 0x30, 0x00, 0x00, 0x00, 0x00 ; ........0000....
000C3111  db 0x00, 0x7C, 0xC6, 0xC6, 0xC6, 0x7C, 0xC6, 0xC6, 0xC6, 0x7C, 0x00, 0x00, 0x00, 0x00, 0x00, 0x7C ; .|...|...|.....|
000C3121  db 0xC6, 0xC6, 0xC6, 0x7E, 0x06, 0x06, 0x0C, 0x78, 0x00, 0x00, 0x00, 0x00, 0x00, 0x00, 0x18, 0x18 ; ...~...x........
000C3131  db 0x00, 0x00, 0x00, 0x18, 0x18, 0x00, 0x00, 0x00, 0x00, 0x00, 0x00, 0x00, 0x18, 0x18, 0x00, 0x00 ; ................
000C3141  db 0x00, 0x18, 0x18, 0x30, 0x00, 0x00, 0x00, 0x00, 0x00, 0x06, 0x0C, 0x18, 0x30, 0x60, 0x30, 0x18 ; ...0........0`0.
000C3151  db 0x0C, 0x06, 0x00, 0x00, 0x00, 0x00, 0x00, 0x00, 0x00, 0x00, 0x7E, 0x00, 0x00, 0x7E, 0x00, 0x00 ; ..........~..~..
000C3161  db 0x00, 0x00, 0x00, 0x00, 0x00, 0x60, 0x30, 0x18, 0x0C, 0x06, 0x0C, 0x18, 0x30, 0x60, 0x00, 0x00 ; .....`0.....0`..
000C3171  db 0x00, 0x00, 0x00, 0x7C, 0xC6, 0xC6, 0x0C, 0x18, 0x18, 0x00, 0x18, 0x18, 0x00, 0x00, 0x00, 0x00 ; ...|............
000C3181  db 0x00, 0x7C, 0xC6, 0xC6, 0xDE, 0xDE, 0xDE, 0xDC, 0xC0, 0x7C, 0x00, 0x00, 0x00, 0x00, 0x00, 0x10 ; .|.......|......
000C3191  db 0x38, 0x6C, 0xC6, 0xC6, 0xFE, 0xC6, 0xC6, 0xC6, 0x00, 0x00, 0x00, 0x00, 0x00, 0xFC, 0x66, 0x66 ; 8l............ff
000C31A1  db 0x66, 0x7C, 0x66, 0x66, 0x66, 0xFC, 0x00, 0x00, 0x00, 0x00, 0x00, 0x3C, 0x66, 0xC2, 0xC0, 0xC0 ; f|fff......<f...
000C31B1  db 0xC0, 0xC2, 0x66, 0x3C, 0x00, 0x00, 0x00, 0x00, 0x00, 0xF8, 0x6C, 0x66, 0x66, 0x66, 0x66, 0x66 ; ..f<......lfffff
000C31C1  db 0x6C, 0xF8, 0x00, 0x00, 0x00, 0x00, 0x00, 0xFE, 0x66, 0x62, 0x68, 0x78, 0x68, 0x62, 0x66, 0xFE ; l.......fbhxhbf.
000C31D1  db 0x00, 0x00, 0x00, 0x00, 0x00, 0xFE, 0x66, 0x62, 0x68, 0x78, 0x68, 0x60, 0x60, 0xF0, 0x00, 0x00 ; ......fbhxh``...
000C31E1  db 0x00, 0x00, 0x00, 0x3C, 0x66, 0xC2, 0xC0, 0xC0, 0xDE, 0xC6, 0x66, 0x3A, 0x00, 0x00, 0x00, 0x00 ; ...<f.....f:....
000C31F1  db 0x00, 0xC6, 0xC6, 0xC6, 0xC6, 0xFE, 0xC6, 0xC6, 0xC6, 0xC6, 0x00, 0x00, 0x00, 0x00, 0x00, 0x3C ; ...............<
000C3201  db 0x18, 0x18, 0x18, 0x18, 0x18, 0x18, 0x18, 0x3C, 0x00, 0x00, 0x00, 0x00, 0x00, 0x1E, 0x0C, 0x0C ; .......<........
000C3211  db 0x0C, 0x0C, 0x0C, 0xCC, 0xCC, 0x78, 0x00, 0x00, 0x00, 0x00, 0x00, 0xE6, 0x66, 0x6C, 0x6C, 0x78 ; .....x......fllx
000C3221  db 0x6C, 0x6C, 0x66, 0xE6, 0x00, 0x00, 0x00, 0x00, 0x00, 0xF0, 0x60, 0x60, 0x60, 0x60, 0x60, 0x62 ; llf.......`````b
000C3231  db 0x66, 0xFE, 0x00, 0x00, 0x00, 0x00, 0x00, 0xC6, 0xEE, 0xFE, 0xFE, 0xD6, 0xC6, 0xC6, 0xC6, 0xC6 ; f...............
000C3241  db 0x00, 0x00, 0x00, 0x00, 0x00, 0xC6, 0xE6, 0xF6, 0xFE, 0xDE, 0xCE, 0xC6, 0xC6, 0xC6, 0x00, 0x00 ; ................
000C3251  db 0x00, 0x00, 0x00, 0x38, 0x6C, 0xC6, 0xC6, 0xC6, 0xC6, 0xC6, 0x6C, 0x38, 0x00, 0x00, 0x00, 0x00 ; ...8l.....l8....
000C3261  db 0x00, 0xFC, 0x66, 0x66, 0x66, 0x7C, 0x60, 0x60, 0x60, 0xF0, 0x00, 0x00, 0x00, 0x00, 0x00, 0x7C ; ..fff|```......|
000C3271  db 0xC6, 0xC6, 0xC6, 0xC6, 0xD6, 0xDE, 0x7C, 0x0C, 0x0E, 0x00, 0x00, 0x00, 0x00, 0xFC, 0x66, 0x66 ; ......|.......ff
000C3281  db 0x66, 0x7C, 0x6C, 0x66, 0x66, 0xE6, 0x00, 0x00, 0x00, 0x00, 0x00, 0x7C, 0xC6, 0xC6, 0x60, 0x38 ; f|lff......|..`8
000C3291  db 0x0C, 0xC6, 0xC6, 0x7C, 0x00, 0x00, 0x00, 0x00, 0x00, 0x7E, 0x7E, 0x5A, 0x18, 0x18, 0x18, 0x18 ; ...|.....~~Z....
000C32A1  db 0x18, 0x3C, 0x00, 0x00, 0x00, 0x00, 0x00, 0xC6, 0xC6, 0xC6, 0xC6, 0xC6, 0xC6, 0xC6, 0xC6, 0x7C ; .<.............|
000C32B1  db 0x00, 0x00, 0x00, 0x00, 0x00, 0xC6, 0xC6, 0xC6, 0xC6, 0xC6, 0xC6, 0x6C, 0x38, 0x10, 0x00, 0x00 ; ...........l8...
000C32C1  db 0x00, 0x00, 0x00, 0xC6, 0xC6, 0xC6, 0xC6, 0xD6, 0xD6, 0xFE, 0x7C, 0x6C, 0x00, 0x00, 0x00, 0x00 ; ..........|l....
000C32D1  db 0x00, 0xC6, 0xC6, 0x6C, 0x38, 0x38, 0x38, 0x6C, 0xC6, 0xC6, 0x00, 0x00, 0x00, 0x00, 0x00, 0x66 ; ...l888l.......f
000C32E1  db 0x66, 0x66, 0x66, 0x3C, 0x18, 0x18, 0x18, 0x3C, 0x00, 0x00, 0x00, 0x00, 0x00, 0xFE, 0xC6, 0x8C ; fff<...<........
000C32F1  db 0x18, 0x30, 0x60, 0xC2, 0xC6, 0xFE, 0x00, 0x00, 0x00, 0x00, 0x00, 0x3C, 0x30, 0x30, 0x30, 0x30 ; .0`........<0000
000C3301  db 0x30, 0x30, 0x30, 0x3C, 0x00, 0x00, 0x00, 0x00, 0x00, 0x80, 0xC0, 0xE0, 0x70, 0x38, 0x1C, 0x0E ; 000<........p8..
000C3311  db 0x06, 0x02, 0x00, 0x00, 0x00, 0x00, 0x00, 0x3C, 0x0C, 0x0C, 0x0C, 0x0C, 0x0C, 0x0C, 0x0C, 0x3C ; .......<.......<
000C3321  db 0x00, 0x00, 0x00, 0x10, 0x38, 0x6C, 0xC6, 0x00, 0x00, 0x00, 0x00, 0x00, 0x00, 0x00, 0x00, 0x00 ; ....8l..........
000C3331  db 0x00, 0x00, 0x00, 0x00, 0x00, 0x00, 0x00, 0x00, 0x00, 0x00, 0x00, 0x00, 0x00, 0xFF, 0x00, 0x30 ; ...............0
000C3341  db 0x30, 0x18, 0x00, 0x00, 0x00, 0x00, 0x00, 0x00, 0x00, 0x00, 0x00, 0x00, 0x00, 0x00, 0x00, 0x00 ; 0...............
000C3351  db 0x00, 0x00, 0x78, 0x0C, 0x7C, 0xCC, 0xCC, 0x76, 0x00, 0x00, 0x00, 0x00, 0x00, 0xE0, 0x60, 0x60 ; ..x.|..v......``
000C3361  db 0x78, 0x6C, 0x66, 0x66, 0x66, 0x7C, 0x00, 0x00, 0x00, 0x00, 0x00, 0x00, 0x00, 0x00, 0x7C, 0xC6 ; xlfff|........|.
000C3371  db 0xC0, 0xC0, 0xC6, 0x7C, 0x00, 0x00, 0x00, 0x00, 0x00, 0x1C, 0x0C, 0x0C, 0x3C, 0x6C, 0xCC, 0xCC ; ...|........<l..
000C3381  db 0xCC, 0x76, 0x00, 0x00, 0x00, 0x00, 0x00, 0x00, 0x00, 0x00, 0x7C, 0xC6, 0xFE, 0xC0, 0xC6, 0x7C ; .v........|....|
000C3391  db 0x00, 0x00, 0x00, 0x00, 0x00, 0x38, 0x6C, 0x64, 0x60, 0xF0, 0x60, 0x60, 0x60, 0xF0, 0x00, 0x00 ; .....8ld`.```...
000C33A1  db 0x00, 0x00, 0x00, 0x00, 0x00, 0x00, 0x76, 0xCC, 0xCC, 0xCC, 0x7C, 0x0C, 0xCC, 0x78, 0x00, 0x00 ; ......v...|..x..
000C33B1  db 0x00, 0xE0, 0x60, 0x60, 0x6C, 0x76, 0x66, 0x66, 0x66, 0xE6, 0x00, 0x00, 0x00, 0x00, 0x00, 0x18 ; ..``lvfff.......
000C33C1  db 0x18, 0x00, 0x38, 0x18, 0x18, 0x18, 0x18, 0x3C, 0x00, 0x00, 0x00, 0x00, 0x00, 0x06, 0x06, 0x00 ; ..8....<........
000C33D1  db 0x0E, 0x06, 0x06, 0x06, 0x06, 0x66, 0x66, 0x3C, 0x00, 0x00, 0x00, 0xE0, 0x60, 0x60, 0x66, 0x6C ; .....ff<....``fl
000C33E1  db 0x78, 0x6C, 0x66, 0xE6, 0x00, 0x00, 0x00, 0x00, 0x00, 0x38, 0x18, 0x18, 0x18, 0x18, 0x18, 0x18 ; xlf......8......
000C33F1  db 0x18, 0x3C, 0x00, 0x00, 0x00, 0x00, 0x00, 0x00, 0x00, 0x00, 0xEC, 0xFE, 0xD6, 0xD6, 0xD6, 0xC6 ; .<..............
000C3401  db 0x00, 0x00, 0x00, 0x00, 0x00, 0x00, 0x00, 0x00, 0xDC, 0x66, 0x66, 0x66, 0x66, 0x66, 0x00, 0x00 ; .........fffff..
000C3411  db 0x00, 0x00, 0x00, 0x00, 0x00, 0x00, 0x7C, 0xC6, 0xC6, 0xC6, 0xC6, 0x7C, 0x00, 0x00, 0x00, 0x00 ; ......|....|....
000C3421  db 0x00, 0x00, 0x00, 0x00, 0xDC, 0x66, 0x66, 0x66, 0x7C, 0x60, 0x60, 0xF0, 0x00, 0x00, 0x00, 0x00 ; .....fff|``.....
000C3431  db 0x00, 0x00, 0x76, 0xCC, 0xCC, 0xCC, 0x7C, 0x0C, 0x0C, 0x1E, 0x00, 0x00, 0x00, 0x00, 0x00, 0x00 ; ..v...|.........
000C3441  db 0xDC, 0x76, 0x66, 0x60, 0x60, 0xF0, 0x00, 0x00, 0x00, 0x00, 0x00, 0x00, 0x00, 0x00, 0x7C, 0xC6 ; .vf``.........|.
000C3451  db 0x70, 0x1C, 0xC6, 0x7C, 0x00, 0x00, 0x00, 0x00, 0x00, 0x10, 0x30, 0x30, 0xFC, 0x30, 0x30, 0x30 ; p..|......00.000
000C3461  db 0x36, 0x1C, 0x00, 0x00, 0x00, 0x00, 0x00, 0x00, 0x00, 0x00, 0xCC, 0xCC, 0xCC, 0xCC, 0xCC, 0x76 ; 6..............v
000C3471  db 0x00, 0x00, 0x00, 0x00, 0x00, 0x00, 0x00, 0x00, 0x66, 0x66, 0x66, 0x66, 0x3C, 0x18, 0x00, 0x00 ; ........ffff<...
000C3481  db 0x00, 0x00, 0x00, 0x00, 0x00, 0x00, 0xC6, 0xC6, 0xD6, 0xD6, 0xFE, 0x6C, 0x00, 0x00, 0x00, 0x00 ; ...........l....
000C3491  db 0x00, 0x00, 0x00, 0x00, 0xC6, 0x6C, 0x38, 0x38, 0x6C, 0xC6, 0x00, 0x00, 0x00, 0x00, 0x00, 0x00 ; .....l88l.......
000C34A1  db 0x00, 0x00, 0xC6, 0xC6, 0xC6, 0xC6, 0x7E, 0x06, 0x0C, 0xF8, 0x00, 0x00, 0x00, 0x00, 0x00, 0x00 ; ......~.........
000C34B1  db 0xFE, 0xCC, 0x18, 0x30, 0x66, 0xFE, 0x00, 0x00, 0x00, 0x00, 0x00, 0x0E, 0x18, 0x18, 0x18, 0x70 ; ...0f..........p
000C34C1  db 0x18, 0x18, 0x18, 0x0E, 0x00, 0x00, 0x00, 0x00, 0x00, 0x18, 0x18, 0x18, 0x18, 0x00, 0x18, 0x18 ; ................
000C34D1  db 0x18, 0x18, 0x00, 0x00, 0x00, 0x00, 0x00, 0x70, 0x18, 0x18, 0x18, 0x0E, 0x18, 0x18, 0x18, 0x70 ; .......p.......p
000C34E1  db 0x00, 0x00, 0x00, 0x00, 0x00, 0x76, 0xDC, 0x00, 0x00, 0x00, 0x00, 0x00, 0x00, 0x00, 0x00, 0x00 ; .....v..........
000C34F1  db 0x00, 0x00, 0x00, 0x00, 0x00, 0x10, 0x38, 0x6C, 0xC6, 0xC6, 0xFE, 0x00, 0x00, 0x00, 0x00, 0x00 ; ......8l........
000C3501  db 0x00, 0x3C, 0x66, 0xC2, 0xC0, 0xC0, 0xC2, 0x66, 0x3C, 0x0C, 0x06, 0x7C, 0x00, 0x00, 0x00, 0xCC ; .<f....f<..|....
000C3511  db 0xCC, 0x00, 0xCC, 0xCC, 0xCC, 0xCC, 0xCC, 0x76, 0x00, 0x00, 0x00, 0x00, 0x0C, 0x18, 0x30, 0x00 ; .......v......0.
000C3521  db 0x7C, 0xC6, 0xFE, 0xC0, 0xC6, 0x7C, 0x00, 0x00, 0x00, 0x00, 0x10, 0x38, 0x6C, 0x00, 0x78, 0x0C ; |....|.....8l.x.
000C3531  db 0x7C, 0xCC, 0xCC, 0x76, 0x00, 0x00, 0x00, 0x00, 0x00, 0xCC, 0xCC, 0x00, 0x78, 0x0C, 0x7C, 0xCC ; |..v........x.|.
000C3541  db 0xCC, 0x76, 0x00, 0x00, 0x00, 0x00, 0x60, 0x30, 0x18, 0x00, 0x78, 0x0C, 0x7C, 0xCC, 0xCC, 0x76 ; .v....`0..x.|..v
000C3551  db 0x00, 0x00, 0x00, 0x00, 0x38, 0x6C, 0x38, 0x00, 0x78, 0x0C, 0x7C, 0xCC, 0xCC, 0x76, 0x00, 0x00 ; ....8l8.x.|..v..
000C3561  db 0x00, 0x00, 0x00, 0x00, 0x00, 0x3C, 0x66, 0x60, 0x66, 0x3C, 0x0C, 0x06, 0x3C, 0x00, 0x00, 0x00 ; .....<f`f<..<...
000C3571  db 0x10, 0x38, 0x6C, 0x00, 0x7C, 0xC6, 0xFE, 0xC0, 0xC6, 0x7C, 0x00, 0x00, 0x00, 0x00, 0x00, 0xCC ; .8l.|....|......
000C3581  db 0xCC, 0x00, 0x7C, 0xC6, 0xFE, 0xC0, 0xC6, 0x7C, 0x00, 0x00, 0x00, 0x00, 0x60, 0x30, 0x18, 0x00 ; ..|....|....`0..
000C3591  db 0x7C, 0xC6, 0xFE, 0xC0, 0xC6, 0x7C, 0x00, 0x00, 0x00, 0x00, 0x00, 0x66, 0x66, 0x00, 0x38, 0x18 ; |....|.....ff.8.
000C35A1  db 0x18, 0x18, 0x18, 0x3C, 0x00, 0x00, 0x00, 0x00, 0x18, 0x3C, 0x66, 0x00, 0x38, 0x18, 0x18, 0x18 ; ...<.....<f.8...
000C35B1  db 0x18, 0x3C, 0x00, 0x00, 0x00, 0x00, 0x60, 0x30, 0x18, 0x00, 0x38, 0x18, 0x18, 0x18, 0x18, 0x3C ; .<....`0..8....<
000C35C1  db 0x00, 0x00, 0x00, 0x00, 0xC6, 0xC6, 0x10, 0x38, 0x6C, 0xC6, 0xC6, 0xFE, 0xC6, 0xC6, 0x00, 0x00 ; .......8l.......
000C35D1  db 0x00, 0x38, 0x6C, 0x38, 0x00, 0x38, 0x6C, 0xC6, 0xC6, 0xFE, 0xC6, 0xC6, 0x00, 0x00, 0x00, 0x18 ; .8l8.8l.........
000C35E1  db 0x30, 0x60, 0x00, 0xFE, 0x66, 0x60, 0x7C, 0x60, 0x66, 0xFE, 0x00, 0x00, 0x00, 0x00, 0x00, 0x00 ; 0`..f`|`f.......
000C35F1  db 0x00, 0xCC, 0x76, 0x36, 0x7E, 0xD8, 0xD8, 0x6E, 0x00, 0x00, 0x00, 0x00, 0x00, 0x3E, 0x6C, 0xCC ; ..v6~..n.....>l.
000C3601  db 0xCC, 0xFE, 0xCC, 0xCC, 0xCC, 0xCE, 0x00, 0x00, 0x00, 0x00, 0x10, 0x38, 0x6C, 0x00, 0x7C, 0xC6 ; ...........8l.|.
000C3611  db 0xC6, 0xC6, 0xC6, 0x7C, 0x00, 0x00, 0x00, 0x00, 0x00, 0xC6, 0xC6, 0x00, 0x7C, 0xC6, 0xC6, 0xC6 ; ...|........|...
000C3621  db 0xC6, 0x7C, 0x00, 0x00, 0x00, 0x00, 0x60, 0x30, 0x18, 0x00, 0x7C, 0xC6, 0xC6, 0xC6, 0xC6, 0x7C ; .|....`0..|....|
000C3631  db 0x00, 0x00, 0x00, 0x00, 0x30, 0x78, 0xCC, 0x00, 0xCC, 0xCC, 0xCC, 0xCC, 0xCC, 0x76, 0x00, 0x00 ; ....0x.......v..
000C3641  db 0x00, 0x00, 0x60, 0x30, 0x18, 0x00, 0xCC, 0xCC, 0xCC, 0xCC, 0xCC, 0x76, 0x00, 0x00, 0x00, 0x00 ; ..`0.......v....
000C3651  db 0x00, 0xC6, 0xC6, 0x00, 0xC6, 0xC6, 0xC6, 0xC6, 0x7E, 0x06, 0x0C, 0x78, 0x00, 0x00, 0xC6, 0xC6 ; ........~..x....
000C3661  db 0x38, 0x6C, 0xC6, 0xC6, 0xC6, 0xC6, 0x6C, 0x38, 0x00, 0x00, 0x00, 0x00, 0xC6, 0xC6, 0x00, 0xC6 ; 8l....l8........
000C3671  db 0xC6, 0xC6, 0xC6, 0xC6, 0xC6, 0x7C, 0x00, 0x00, 0x00, 0x00, 0x18, 0x18, 0x3C, 0x66, 0x60, 0x60 ; .....|......<f``
000C3681  db 0x66, 0x3C, 0x18, 0x18, 0x00, 0x00, 0x00, 0x00, 0x38, 0x6C, 0x64, 0x60, 0xF0, 0x60, 0x60, 0x60 ; f<......8ld`.```
000C3691  db 0xE6, 0xFC, 0x00, 0x00, 0x00, 0x00, 0x00, 0x66, 0x66, 0x3C, 0x18, 0x7E, 0x18, 0x7E, 0x18, 0x18 ; .......ff<.~.~..
000C36A1  db 0x00, 0x00, 0x00, 0x00, 0xF8, 0xCC, 0xCC, 0xF8, 0xC4, 0xCC, 0xDE, 0xCC, 0xCC, 0xC6, 0x00, 0x00 ; ................
000C36B1  db 0x00, 0x00, 0x0E, 0x1B, 0x18, 0x18, 0x18, 0x7E, 0x18, 0x18, 0x18, 0x18, 0xD8, 0x70, 0x00, 0x00 ; .......~.....p..
000C36C1  db 0x18, 0x30, 0x60, 0x00, 0x78, 0x0C, 0x7C, 0xCC, 0xCC, 0x76, 0x00, 0x00, 0x00, 0x00, 0x0C, 0x18 ; .0`.x.|..v......
000C36D1  db 0x30, 0x00, 0x38, 0x18, 0x18, 0x18, 0x18, 0x3C, 0x00, 0x00, 0x00, 0x00, 0x18, 0x30, 0x60, 0x00 ; 0.8....<.....0`.
000C36E1  db 0x7C, 0xC6, 0xC6, 0xC6, 0xC6, 0x7C, 0x00, 0x00, 0x00, 0x00, 0x18, 0x30, 0x60, 0x00, 0xCC, 0xCC ; |....|.....0`...
000C36F1  db 0xCC, 0xCC, 0xCC, 0x76, 0x00, 0x00, 0x00, 0x00, 0x00, 0x76, 0xDC, 0x00, 0xDC, 0x66, 0x66, 0x66 ; ...v.....v...fff
000C3701  db 0x66, 0x66, 0x00, 0x00, 0x00, 0x76, 0xDC, 0x00, 0xC6, 0xE6, 0xF6, 0xFE, 0xDE, 0xCE, 0xC6, 0xC6 ; ff...v..........
000C3711  db 0x00, 0x00, 0x00, 0x00, 0x3C, 0x6C, 0x6C, 0x3E, 0x00, 0x7E, 0x00, 0x00, 0x00, 0x00, 0x00, 0x00 ; ....<ll>.~......
000C3721  db 0x00, 0x00, 0x38, 0x6C, 0x6C, 0x38, 0x00, 0x7C, 0x00, 0x00, 0x00, 0x00, 0x00, 0x00, 0x00, 0x00 ; ..8ll8.|........
000C3731  db 0x00, 0x30, 0x30, 0x00, 0x30, 0x30, 0x60, 0xC6, 0xC6, 0x7C, 0x00, 0x00, 0x00, 0x00, 0x00, 0x00 ; .00.00`..|......
000C3741  db 0x00, 0x00, 0x00, 0xFE, 0xC0, 0xC0, 0xC0, 0x00, 0x00, 0x00, 0x00, 0x00, 0x00, 0x00, 0x00, 0x00 ; ................
000C3751  db 0x00, 0xFE, 0x06, 0x06, 0x06, 0x00, 0x00, 0x00, 0x00, 0x00, 0xC0, 0xC0, 0xC6, 0xCC, 0xD8, 0x30 ; ...............0
000C3761  db 0x60, 0xDC, 0x86, 0x0C, 0x18, 0x3E, 0x00, 0x00, 0xC0, 0xC0, 0xC6, 0xCC, 0xD8, 0x30, 0x66, 0xCE ; `....>.......0f.
000C3771  db 0x9E, 0x3E, 0x06, 0x06, 0x00, 0x00, 0x00, 0x18, 0x18, 0x00, 0x18, 0x18, 0x3C, 0x3C, 0x3C, 0x18 ; .>..........<<<.
000C3781  db 0x00, 0x00, 0x00, 0x00, 0x00, 0x00, 0x00, 0x36, 0x6C, 0xD8, 0x6C, 0x36, 0x00, 0x00, 0x00, 0x00 ; .......6l.l6....
000C3791  db 0x00, 0x00, 0x00, 0x00, 0x00, 0xD8, 0x6C, 0x36, 0x6C, 0xD8, 0x00, 0x00, 0x00, 0x00, 0x00, 0x11 ; ......l6l.......
000C37A1  db 0x44, 0x11, 0x44, 0x11, 0x44, 0x11, 0x44, 0x11, 0x44, 0x11, 0x44, 0x11, 0x44, 0x55, 0xAA, 0x55 ; D.D.D.D.D.D.DU.U
000C37B1  db 0xAA, 0x55, 0xAA, 0x55, 0xAA, 0x55, 0xAA, 0x55, 0xAA, 0x55, 0xAA, 0xDD, 0x77, 0xDD, 0x77, 0xDD ; .U.U.U.U.U..w.w.
000C37C1  db 0x77, 0xDD, 0x77, 0xDD, 0x77, 0xDD, 0x77, 0xDD, 0x77, 0x18, 0x18, 0x18, 0x18, 0x18, 0x18, 0x18 ; w.w.w.w.w.......
000C37D1  db 0x18, 0x18, 0x18, 0x18, 0x18, 0x18, 0x18, 0x18, 0x18, 0x18, 0x18, 0x18, 0x18, 0x18, 0xF8, 0x18 ; ................
000C37E1  db 0x18, 0x18, 0x18, 0x18, 0x18, 0x18, 0x18, 0x18, 0x18, 0x18, 0xF8, 0x18, 0xF8, 0x18, 0x18, 0x18 ; ................
000C37F1  db 0x18, 0x18, 0x18, 0x36, 0x36, 0x36, 0x36, 0x36, 0x36, 0x36, 0xF6, 0x36, 0x36, 0x36, 0x36, 0x36 ; ...6666666.66666
000C3801  db 0x36, 0x00, 0x00, 0x00, 0x00, 0x00, 0x00, 0x00, 0xFE, 0x36, 0x36, 0x36, 0x36, 0x36, 0x36, 0x00 ; 6........666666.
000C3811  db 0x00, 0x00, 0x00, 0x00, 0xF8, 0x18, 0xF8, 0x18, 0x18, 0x18, 0x18, 0x18, 0x18, 0x36, 0x36, 0x36 ; .............666
000C3821  db 0x36, 0x36, 0xF6, 0x06, 0xF6, 0x36, 0x36, 0x36, 0x36, 0x36, 0x36, 0x36, 0x36, 0x36, 0x36, 0x36 ; 66...66666666666
000C3831  db 0x36, 0x36, 0x36, 0x36, 0x36, 0x36, 0x36, 0x36, 0x36, 0x00, 0x00, 0x00, 0x00, 0x00, 0xFE, 0x06 ; 666666666.......
000C3841  db 0xF6, 0x36, 0x36, 0x36, 0x36, 0x36, 0x36, 0x36, 0x36, 0x36, 0x36, 0x36, 0xF6, 0x06, 0xFE, 0x00 ; .66666666666....
000C3851  db 0x00, 0x00, 0x00, 0x00, 0x00, 0x36, 0x36, 0x36, 0x36, 0x36, 0x36, 0x36, 0xFE, 0x00, 0x00, 0x00 ; .....6666666....
000C3861  db 0x00, 0x00, 0x00, 0x18, 0x18, 0x18, 0x18, 0x18, 0xF8, 0x18, 0xF8, 0x00, 0x00, 0x00, 0x00, 0x00 ; ................
000C3871  db 0x00, 0x00, 0x00, 0x00, 0x00, 0x00, 0x00, 0x00, 0xF8, 0x18, 0x18, 0x18, 0x18, 0x18, 0x18, 0x18 ; ................
000C3881  db 0x18, 0x18, 0x18, 0x18, 0x18, 0x18, 0x1F, 0x00, 0x00, 0x00, 0x00, 0x00, 0x00, 0x18, 0x18, 0x18 ; ................
000C3891  db 0x18, 0x18, 0x18, 0x18, 0xFF, 0x00, 0x00, 0x00, 0x00, 0x00, 0x00, 0x00, 0x00, 0x00, 0x00, 0x00 ; ................
000C38A1  db 0x00, 0x00, 0xFF, 0x18, 0x18, 0x18, 0x18, 0x18, 0x18, 0x18, 0x18, 0x18, 0x18, 0x18, 0x18, 0x18 ; ................
000C38B1  db 0x1F, 0x18, 0x18, 0x18, 0x18, 0x18, 0x18, 0x00, 0x00, 0x00, 0x00, 0x00, 0x00, 0x00, 0xFF, 0x00 ; ................
000C38C1  db 0x00, 0x00, 0x00, 0x00, 0x00, 0x18, 0x18, 0x18, 0x18, 0x18, 0x18, 0x18, 0xFF, 0x18, 0x18, 0x18 ; ................
000C38D1  db 0x18, 0x18, 0x18, 0x18, 0x18, 0x18, 0x18, 0x18, 0x1F, 0x18, 0x1F, 0x18, 0x18, 0x18, 0x18, 0x18 ; ................
000C38E1  db 0x18, 0x36, 0x36, 0x36, 0x36, 0x36, 0x36, 0x36, 0x37, 0x36, 0x36, 0x36, 0x36, 0x36, 0x36, 0x36 ; .666666676666666
000C38F1  db 0x36, 0x36, 0x36, 0x36, 0x37, 0x30, 0x3F, 0x00, 0x00, 0x00, 0x00, 0x00, 0x00, 0x00, 0x00, 0x00 ; 666670?.........
000C3901  db 0x00, 0x00, 0x3F, 0x30, 0x37, 0x36, 0x36, 0x36, 0x36, 0x36, 0x36, 0x36, 0x36, 0x36, 0x36, 0x36 ; ..?0766666666666
000C3911  db 0xF7, 0x00, 0xFF, 0x00, 0x00, 0x00, 0x00, 0x00, 0x00, 0x00, 0x00, 0x00, 0x00, 0x00, 0xFF, 0x00 ; ................
000C3921  db 0xF7, 0x36, 0x36, 0x36, 0x36, 0x36, 0x36, 0x36, 0x36, 0x36, 0x36, 0x36, 0x37, 0x30, 0x37, 0x36 ; .666666666667076
000C3931  db 0x36, 0x36, 0x36, 0x36, 0x36, 0x00, 0x00, 0x00, 0x00, 0x00, 0xFF, 0x00, 0xFF, 0x00, 0x00, 0x00 ; 66666...........
000C3941  db 0x00, 0x00, 0x00, 0x36, 0x36, 0x36, 0x36, 0x36, 0xF7, 0x00, 0xF7, 0x36, 0x36, 0x36, 0x36, 0x36 ; ...66666...66666
000C3951  db 0x36, 0x18, 0x18, 0x18, 0x18, 0x18, 0xFF, 0x00, 0xFF, 0x00, 0x00, 0x00, 0x00, 0x00, 0x00, 0x36 ; 6..............6
000C3961  db 0x36, 0x36, 0x36, 0x36, 0x36, 0x36, 0xFF, 0x00, 0x00, 0x00, 0x00, 0x00, 0x00, 0x00, 0x00, 0x00 ; 666666..........
000C3971  db 0x00, 0x00, 0xFF, 0x00, 0xFF, 0x18, 0x18, 0x18, 0x18, 0x18, 0x18, 0x00, 0x00, 0x00, 0x00, 0x00 ; ................
000C3981  db 0x00, 0x00, 0xFF, 0x36, 0x36, 0x36, 0x36, 0x36, 0x36, 0x36, 0x36, 0x36, 0x36, 0x36, 0x36, 0x36 ; ...6666666666666
000C3991  db 0x3F, 0x00, 0x00, 0x00, 0x00, 0x00, 0x00, 0x18, 0x18, 0x18, 0x18, 0x18, 0x1F, 0x18, 0x1F, 0x00 ; ?...............
000C39A1  db 0x00, 0x00, 0x00, 0x00, 0x00, 0x00, 0x00, 0x00, 0x00, 0x00, 0x1F, 0x18, 0x1F, 0x18, 0x18, 0x18 ; ................
000C39B1  db 0x18, 0x18, 0x18, 0x00, 0x00, 0x00, 0x00, 0x00, 0x00, 0x00, 0x3F, 0x36, 0x36, 0x36, 0x36, 0x36 ; ..........?66666
000C39C1  db 0x36, 0x36, 0x36, 0x36, 0x36, 0x36, 0x36, 0x36, 0xFF, 0x36, 0x36, 0x36, 0x36, 0x36, 0x36, 0x18 ; 66666666.666666.
000C39D1  db 0x18, 0x18, 0x18, 0x18, 0xFF, 0x18, 0xFF, 0x18, 0x18, 0x18, 0x18, 0x18, 0x18, 0x18, 0x18, 0x18 ; ................
000C39E1  db 0x18, 0x18, 0x18, 0x18, 0xF8, 0x00, 0x00, 0x00, 0x00, 0x00, 0x00, 0x00, 0x00, 0x00, 0x00, 0x00 ; ................
000C39F1  db 0x00, 0x00, 0x1F, 0x18, 0x18, 0x18, 0x18, 0x18, 0x18, 0xFF, 0xFF, 0xFF, 0xFF, 0xFF, 0xFF, 0xFF ; ................
000C3A01  db 0xFF, 0xFF, 0xFF, 0xFF, 0xFF, 0xFF, 0xFF, 0x00, 0x00, 0x00, 0x00, 0x00, 0x00, 0x00, 0xFF, 0xFF ; ................
000C3A11  db 0xFF, 0xFF, 0xFF, 0xFF, 0xFF, 0xF0, 0xF0, 0xF0, 0xF0, 0xF0, 0xF0, 0xF0, 0xF0, 0xF0, 0xF0, 0xF0 ; ................
000C3A21  db 0xF0, 0xF0, 0xF0, 0x0F, 0x0F, 0x0F, 0x0F, 0x0F, 0x0F, 0x0F, 0x0F, 0x0F, 0x0F, 0x0F, 0x0F, 0x0F ; ................
000C3A31  db 0x0F, 0xFF, 0xFF, 0xFF, 0xFF, 0xFF, 0xFF, 0xFF, 0x00, 0x00, 0x00, 0x00, 0x00, 0x00, 0x00, 0x00 ; ................
000C3A41  db 0x00, 0x00, 0x00, 0x00, 0x76, 0xDC, 0xD8, 0xD8, 0xDC, 0x76, 0x00, 0x00, 0x00, 0x00, 0x00, 0x00 ; ....v....v......
000C3A51  db 0x00, 0x7C, 0xC6, 0xFC, 0xC6, 0xC6, 0xFC, 0xC0, 0xC0, 0x40, 0x00, 0x00, 0x00, 0xFE, 0xC6, 0xC6 ; .|.......@......
000C3A61  db 0xC0, 0xC0, 0xC0, 0xC0, 0xC0, 0xC0, 0x00, 0x00, 0x00, 0x00, 0x00, 0x00, 0x00, 0xFE, 0x6C, 0x6C ; ..............ll
000C3A71  db 0x6C, 0x6C, 0x6C, 0x6C, 0x00, 0x00, 0x00, 0x00, 0x00, 0xFE, 0xC6, 0x60, 0x30, 0x18, 0x30, 0x60 ; llll.......`0.0`
000C3A81  db 0xC6, 0xFE, 0x00, 0x00, 0x00, 0x00, 0x00, 0x00, 0x00, 0x00, 0x7E, 0xD8, 0xD8, 0xD8, 0xD8, 0x70 ; ..........~....p
000C3A91  db 0x00, 0x00, 0x00, 0x00, 0x00, 0x00, 0x00, 0x66, 0x66, 0x66, 0x66, 0x7C, 0x60, 0x60, 0xC0, 0x00 ; .......ffff|``..
000C3AA1  db 0x00, 0x00, 0x00, 0x00, 0x00, 0x76, 0xDC, 0x18, 0x18, 0x18, 0x18, 0x18, 0x00, 0x00, 0x00, 0x00 ; .....v..........
000C3AB1  db 0x00, 0x7E, 0x18, 0x3C, 0x66, 0x66, 0x66, 0x3C, 0x18, 0x7E, 0x00, 0x00, 0x00, 0x00, 0x00, 0x38 ; .~.<fff<.~.....8
000C3AC1  db 0x6C, 0xC6, 0xC6, 0xFE, 0xC6, 0xC6, 0x6C, 0x38, 0x00, 0x00, 0x00, 0x00, 0x00, 0x38, 0x6C, 0xC6 ; l.....l8.....8l.
000C3AD1  db 0xC6, 0xC6, 0x6C, 0x6C, 0x6C, 0xEE, 0x00, 0x00, 0x00, 0x00, 0x00, 0x1E, 0x30, 0x18, 0x0C, 0x3E ; ..lll.......0..>
000C3AE1  db 0x66, 0x66, 0x66, 0x3C, 0x00, 0x00, 0x00, 0x00, 0x00, 0x00, 0x00, 0x00, 0x7E, 0xDB, 0xDB, 0x7E ; fff<........~..~
000C3AF1  db 0x00, 0x00, 0x00, 0x00, 0x00, 0x00, 0x00, 0x03, 0x06, 0x7E, 0xDB, 0xDB, 0xF3, 0x7E, 0x60, 0xC0 ; .........~...~`.
000C3B01  db 0x00, 0x00, 0x00, 0x00, 0x00, 0x1C, 0x30, 0x60, 0x60, 0x7C, 0x60, 0x60, 0x30, 0x1C, 0x00, 0x00 ; ......0``|``0...
000C3B11  db 0x00, 0x00, 0x00, 0x00, 0x7C, 0xC6, 0xC6, 0xC6, 0xC6, 0xC6, 0xC6, 0xC6, 0x00, 0x00, 0x00, 0x00 ; ....|...........
000C3B21  db 0x00, 0x00, 0xFE, 0x00, 0x00, 0xFE, 0x00, 0x00, 0xFE, 0x00, 0x00, 0x00, 0x00, 0x00, 0x00, 0x00 ; ................
000C3B31  db 0x18, 0x18, 0x7E, 0x18, 0x18, 0x00, 0x00, 0xFF, 0x00, 0x00, 0x00, 0x00, 0x00, 0x30, 0x18, 0x0C ; ..~..........0..
000C3B41  db 0x06, 0x0C, 0x18, 0x30, 0x00, 0x7E, 0x00, 0x00, 0x00, 0x00, 0x00, 0x0C, 0x18, 0x30, 0x60, 0x30 ; ...0.~.......0`0
000C3B51  db 0x18, 0x0C, 0x00, 0x7E, 0x00, 0x00, 0x00, 0x00, 0x00, 0x0E, 0x1B, 0x1B, 0x18, 0x18, 0x18, 0x18 ; ...~............
000C3B61  db 0x18, 0x18, 0x18, 0x18, 0x18, 0x18, 0x18, 0x18, 0x18, 0x18, 0x18, 0x18, 0x18, 0xD8, 0xD8, 0x70 ; ...............p
000C3B71  db 0x00, 0x00, 0x00, 0x00, 0x00, 0x00, 0x18, 0x18, 0x00, 0x7E, 0x00, 0x18, 0x18, 0x00, 0x00, 0x00 ; .........~......
000C3B81  db 0x00, 0x00, 0x00, 0x00, 0x00, 0x76, 0xDC, 0x00, 0x76, 0xDC, 0x00, 0x00, 0x00, 0x00, 0x00, 0x00 ; .....v..v.......
; string: "8ll8"
000C3B91  db 0x38, 0x6C, 0x6C, 0x38, 0x00, 0x00, 0x00, 0x00, 0x00, 0x00, 0x00, 0x00, 0x00, 0x00, 0x00, 0x00 ; 8ll8............
000C3BA1  db 0x00, 0x00, 0x00, 0x18, 0x18, 0x00, 0x00, 0x00, 0x00, 0x00, 0x00, 0x00, 0x00, 0x00, 0x00, 0x00 ; ................
000C3BB1  db 0x00, 0x00, 0x18, 0x00, 0x00, 0x00, 0x00, 0x00, 0x00, 0x00, 0x0F, 0x0C, 0x0C, 0x0C, 0x0C, 0x0C ; ................
000C3BC1  db 0xEC, 0x6C, 0x3C, 0x1C, 0x00, 0x00, 0x00, 0x00, 0xD8, 0x6C, 0x6C, 0x6C, 0x6C, 0x6C, 0x00, 0x00 ; .l<......lllll..
000C3BD1  db 0x00, 0x00, 0x00, 0x00, 0x00, 0x00, 0x70, 0xD8, 0x30, 0x60, 0xC8, 0xF8, 0x00, 0x00, 0x00, 0x00 ; ......p.0`......
000C3BE1  db 0x00, 0x00, 0x00, 0x00, 0x00, 0x00, 0x00, 0x7C, 0x7C, 0x7C, 0x7C, 0x7C, 0x7C, 0x00, 0x00, 0x00 ; .......||||||...
000C3BF1  db 0x00, 0x00, 0x00, 0x00, 0x00, 0x00, 0x00, 0x00, 0x00, 0x00, 0x00, 0x00, 0x00, 0x00, 0x00, 0x1D ; ................
000C3C01  db 0x00, 0x00, 0x00, 0x00, 0x24, 0x66, 0xFF, 0x66, 0x24, 0x00, 0x00, 0x00, 0x00, 0x00, 0x22, 0x00 ; ....$f.f$.....".
; string: "ccc""
000C3C11  db 0x63, 0x63, 0x63, 0x22, 0x00, 0x00, 0x00, 0x00, 0x00, 0x00, 0x00, 0x00, 0x00, 0x2B, 0x00, 0x00 ; ccc".........+..
000C3C21  db 0x00, 0x18, 0x18, 0x18, 0xFF, 0x18, 0x18, 0x18, 0x00, 0x00, 0x00, 0x00, 0x2D, 0x00, 0x00, 0x00 ; ............-...
000C3C31  db 0x00, 0x00, 0x00, 0xFF, 0x00, 0x00, 0x00, 0x00, 0x00, 0x00, 0x00, 0x4D, 0x00, 0x00, 0xC3, 0xE7 ; ...........M....
000C3C41  db 0xFF, 0xDB, 0xC3, 0xC3, 0xC3, 0xC3, 0xC3, 0x00, 0x00, 0x00, 0x54, 0x00, 0x00, 0xFF, 0xDB, 0x99 ; ..........T.....
000C3C51  db 0x18, 0x18, 0x18, 0x18, 0x18, 0x3C, 0x00, 0x00, 0x00, 0x56, 0x00, 0x00, 0xC3, 0xC3, 0xC3, 0xC3 ; .....<...V......
000C3C61  db 0xC3, 0xC3, 0x66, 0x3C, 0x18, 0x00, 0x00, 0x00, 0x57, 0x00, 0x00, 0xC3, 0xC3, 0xC3, 0xC3, 0xDB ; ..f<....W.......
000C3C71  db 0xDB, 0xFF, 0x66, 0x66, 0x00, 0x00, 0x00, 0x58, 0x00, 0x00, 0xC3, 0xC3, 0x66, 0x3C, 0x18, 0x3C ; ..ff...X....f<.<
000C3C81  db 0x66, 0xC3, 0xC3, 0x00, 0x00, 0x00, 0x59, 0x00, 0x00, 0xC3, 0xC3, 0xC3, 0x66, 0x3C, 0x18, 0x18 ; f.....Y.....f<..
000C3C91  db 0x18, 0x3C, 0x00, 0x00, 0x00, 0x5A, 0x00, 0x00, 0xFF, 0xC3, 0x86, 0x0C, 0x18, 0x30, 0x61, 0xC3 ; .<...Z.......0a.
000C3CA1  db 0xFF, 0x00, 0x00, 0x00, 0x6D, 0x00, 0x00, 0x00, 0x00, 0x00, 0xE6, 0xFF, 0xDB, 0xDB, 0xDB, 0xDB ; ....m...........
000C3CB1  db 0x00, 0x00, 0x00, 0x76, 0x00, 0x00, 0x00, 0x00, 0x00, 0xC3, 0xC3, 0xC3, 0x66, 0x3C, 0x18, 0x00 ; ...v........f<..
000C3CC1  db 0x00, 0x00, 0x77, 0x00, 0x00, 0x00, 0x00, 0x00, 0xC3, 0xC3, 0xDB, 0xDB, 0xFF, 0x66, 0x00, 0x00 ; ..w..........f..
000C3CD1  db 0x00, 0x91, 0x00, 0x00, 0x00, 0x00, 0x6E, 0x3B, 0x1B, 0x7E, 0xD8, 0xDC, 0x77, 0x00, 0x00, 0x00 ; ......n;.~..w...
000C3CE1  db 0x9B, 0x00, 0x18, 0x18, 0x7E, 0xC3, 0xC0, 0xC0, 0xC3, 0x7E, 0x18, 0x18, 0x00, 0x00, 0x00, 0x9D ; ....~....~......
000C3CF1  db 0x00, 0x00, 0xC3, 0x66, 0x3C, 0x18, 0xFF, 0x18, 0xFF, 0x18, 0x18, 0x00, 0x00, 0x00, 0x9E, 0x00 ; ...f<...........
000C3D01  db 0xFC, 0x66, 0x66, 0x7C, 0x62, 0x66, 0x6F, 0x66, 0x66, 0xF3, 0x00, 0x00, 0x00, 0xF1, 0x00, 0x00 ; .ff|bfoff.......
000C3D11  db 0x18, 0x18, 0x18, 0xFF, 0x18, 0x18, 0x18, 0x00, 0xFF, 0x00, 0x00, 0x00, 0xF6, 0x00, 0x00, 0x18 ; ................
000C3D21  db 0x18, 0x00, 0x00, 0xFF, 0x00, 0x00, 0x18, 0x18, 0x00, 0x00, 0x00, 0x00, 0x38, 0x28, 0x2D, 0x0A ; ............8(-.
000C3D31  db 0x1F, 0x06, 0x19, 0x1C, 0x02, 0x07, 0x06, 0x07, 0x00, 0x00, 0x00, 0x00, 0x71, 0x50, 0x5A, 0x0A ; ............qPZ.
000C3D41  db 0x1F, 0x06, 0x19, 0x1C, 0x02, 0x07, 0x06, 0x07, 0x00, 0x00, 0x00, 0x00, 0x38, 0x28, 0x2D, 0x0A ; ............8(-.
000C3D51  db 0x7F, 0x06, 0x64, 0x70, 0x02, 0x01, 0x06, 0x07, 0x00, 0x00, 0x00, 0x00, 0x61, 0x50, 0x52, 0x0F ; ..dp........aPR.
000C3D61  db 0x19, 0x06, 0x19, 0x19, 0x02, 0x0D, 0x0B, 0x0C, 0x00, 0x00, 0x00, 0x00, 0x00, 0x00, 0x00, 0x00 ; ................
000C3D71  db 0x00, 0x00, 0x00, 0x00, 0x00, 0x00, 0x00, 0x00, 0x00, 0x00, 0x00, 0x00, 0x00, 0x00, 0x00, 0x00 ; ................
000C3D81  db 0x00, 0x00, 0x00, 0x00, 0x00, 0x00, 0x00, 0x00, 0x00, 0x00, 0x00, 0x00, 0x00, 0x00, 0x00, 0x00 ; ................
000C3D91  db 0x00, 0x00, 0x00, 0x00, 0x00, 0x00, 0x00, 0x00, 0x00, 0x00, 0x00, 0x00, 0x00, 0x00, 0x00, 0x00 ; ................
000C3DA1  db 0x00, 0x00, 0x00, 0x00, 0x00, 0x00, 0x00, 0x00, 0x00, 0x00, 0x00, 0x00, 0x00, 0x00, 0x00, 0x00 ; ................
000C3DB1  db 0x00, 0x00, 0x00, 0x00, 0x00, 0x00, 0x00, 0x00, 0x00, 0x00, 0x00, 0x00, 0x00, 0x00, 0x00, 0x00 ; ................
000C3DC1  db 0x00, 0x00, 0x00, 0x00, 0x00, 0x00, 0x00, 0x00, 0x00, 0x00, 0x00, 0x00, 0x00, 0x00, 0x00, 0x00 ; ................
000C3DD1  db 0x00, 0x00, 0x00, 0x00, 0x00, 0x00, 0x00, 0x00, 0x00, 0x00, 0x00, 0x00, 0x00, 0x00, 0x00, 0x00 ; ................
000C3DE1  db 0x00, 0x00, 0x00, 0x00, 0x00, 0x00, 0x00, 0x00, 0x00, 0x00, 0x00, 0x00, 0x00, 0x00, 0x00, 0x00 ; ................
000C3DF1  db 0x00, 0x00, 0x00, 0x00, 0x00, 0x00, 0x00, 0x00, 0x00, 0x00, 0x00, 0x00, 0x00, 0x00, 0x00, 0x00 ; ................
000C3E01  db 0x00, 0x00, 0x00, 0x00, 0x00, 0x00, 0x00, 0x00, 0x00, 0x00, 0x00, 0x00, 0x00, 0x00, 0x00, 0x00 ; ................
000C3E11  db 0x00, 0x00, 0x00, 0x00, 0x00, 0x00, 0x00, 0x00, 0x00, 0x00, 0x00, 0x00, 0x00, 0x00, 0x00, 0x00 ; ................
000C3E21  db 0x00, 0x00, 0x00, 0x00, 0x00, 0x00, 0x00, 0x00, 0x00, 0x00, 0x00, 0x00, 0x00, 0x00, 0x00, 0x00 ; ................
000C3E31  db 0x00, 0x00, 0x00, 0x00, 0x00, 0x00, 0x00, 0x00, 0x00, 0x00, 0x00, 0x00, 0x00, 0x00, 0x00, 0x00 ; ................
000C3E41  db 0x00, 0x00, 0x00, 0x00, 0x00, 0x00, 0x00, 0x00, 0x00, 0x00, 0x00, 0x00, 0x00, 0x00, 0x00, 0x00 ; ................
000C3E51  db 0x00, 0x00, 0x00, 0x00, 0x00, 0x00, 0x00, 0x00, 0x00, 0x00, 0x00, 0x00, 0x00, 0x00, 0x00, 0x00 ; ................
000C3E61  db 0x00, 0x00, 0x00, 0x00, 0x00, 0x00, 0x00, 0x00, 0x00, 0x00, 0x00, 0x00, 0x00, 0x00, 0x00, 0x00 ; ................
000C3E71  db 0x00, 0x00, 0x00, 0x00, 0x00, 0x00, 0x00, 0x00, 0x00, 0x00, 0x00, 0x00, 0x00, 0x00, 0x00, 0x00 ; ................
000C3E81  db 0x00, 0x00, 0x00, 0x00, 0x00, 0x00, 0x00, 0x00, 0x00, 0x00, 0x00, 0x00, 0x00, 0x00, 0x00, 0x00 ; ................
000C3E91  db 0x00, 0x00, 0x00, 0x00, 0x00, 0x00, 0x00, 0x00, 0x00, 0x00, 0x00, 0x00, 0x00, 0x00, 0x00, 0x00 ; ................
000C3EA1  db 0x00, 0x00, 0x00, 0x00, 0x00, 0x00, 0x00, 0x00, 0x00, 0x00, 0x00, 0x00, 0x00, 0x00, 0x00, 0x00 ; ................
000C3EB1  db 0x00, 0x00, 0x00, 0x00, 0x00, 0x00, 0x00, 0x00, 0x00, 0x00, 0x00, 0x00, 0x00, 0x00, 0x00, 0x00 ; ................
000C3EC1  db 0x00, 0x00, 0x00, 0x00, 0x00, 0x00, 0x00, 0x00, 0x00, 0x00, 0x00, 0x00, 0x00, 0x00, 0x00, 0x00 ; ................
000C3ED1  db 0x00, 0x00, 0x00, 0x00, 0x00, 0x00, 0x00, 0x00, 0x00, 0x00, 0x00, 0x00, 0x00, 0x00, 0x00, 0x00 ; ................
000C3EE1  db 0x00, 0x00, 0x00, 0x00, 0x00, 0x00, 0x00, 0x00, 0x00, 0x00, 0x00, 0x00, 0x00, 0x00, 0x00, 0x00 ; ................
000C3EF1  db 0x00, 0x00, 0x00, 0x00, 0x00, 0x00, 0x00, 0x00, 0x00, 0x00, 0x00, 0x00, 0x00, 0x00, 0x00, 0x00 ; ................
000C3F01  db 0x00, 0x00, 0x00, 0x00, 0x00, 0x00, 0x00, 0x00, 0x00, 0x00, 0x00, 0x00, 0x00, 0x00, 0x00, 0x00 ; ................
000C3F11  db 0x00, 0x00, 0x00, 0x00, 0x00, 0x00, 0x00, 0x00, 0x00, 0x00, 0x00, 0x00, 0x00, 0x00, 0x00, 0x00 ; ................
000C3F21  db 0x00, 0x00, 0x00, 0x00, 0x00, 0x00, 0x00, 0x00, 0x00, 0x00, 0x00, 0x00, 0x00, 0x00, 0x00, 0x00 ; ................
000C3F31  db 0x00, 0x00, 0x00, 0x00, 0x00, 0x00, 0x00, 0x00, 0x00, 0x00, 0x00, 0x00, 0x00, 0x00, 0x00, 0x00 ; ................
000C3F41  db 0x00, 0x00, 0x00, 0x00, 0x00, 0x00, 0x00, 0x00, 0x00, 0x00, 0x00, 0x00, 0x00, 0x00, 0x00, 0x00 ; ................
000C3F51  db 0x00, 0x00, 0x00, 0x00, 0x00, 0x00, 0x00, 0x00, 0x00, 0x00, 0x00, 0x00, 0x00, 0x00, 0x00, 0x00 ; ................
000C3F61  db 0x00, 0x00, 0x00, 0x00, 0x00, 0x00, 0x00, 0x00, 0x00, 0x00, 0x00, 0x00, 0x00, 0x00, 0x00, 0x00 ; ................
000C3F71  db 0x00, 0x00, 0x00, 0x00, 0x00, 0x00, 0x00, 0x00, 0x00, 0x00, 0x00, 0x00, 0x00, 0x00, 0x00, 0x00 ; ................
000C3F81  db 0x00, 0x00, 0x00, 0x00, 0x00, 0x00, 0x00, 0x00, 0x00, 0x00, 0x00, 0x00, 0x00, 0x00, 0x00, 0x00 ; ................
000C3F91  db 0x00, 0x00, 0x00, 0x00, 0x00, 0x00, 0x00, 0x00, 0x00, 0x00, 0x00, 0x00, 0x00, 0x00, 0x00, 0x00 ; ................
000C3FA1  db 0x00, 0x00, 0x00, 0x00, 0x00, 0x00, 0x00, 0x00, 0x00, 0x00, 0x00, 0x00, 0x00, 0x00, 0x00, 0x35 ; ...............5
000C3FB1  db 0x2D, 0x2D, 0x07, 0x5B, 0x02, 0x57, 0x57, 0x02, 0x03, 0x00, 0x00, 0x00, 0x00, 0x00, 0x00, 0xC1 ; --.[.WW.........
000C3FC1  db 0xC1, 0xC1, 0xC1, 0x40, 0x40, 0x50, 0xA0, 0x00, 0x00, 0x00, 0x00, 0x00, 0x00, 0x00, 0x08, 0x08 ; ...@@P..........
000C3FD1  db 0x00, 0x00, 0x00, 0x00, 0x00, 0x00, 0x00, 0x00, 0x00, 0x00, 0x00, 0x00, 0x00, 0x00, 0x00, 0x00 ; ................
000C3FE1  db 0x2E, 0x00, 0xC0, 0x00, 0x26, 0x00, 0xC0, 0x00, 0x2A, 0x00, 0xC0, 0x00, 0x3C, 0x00, 0xC0, 0x2D ; ....&...*...<..-
000C3FF1  db 0x3D, 0x00, 0xC0, 0x00, 0x00, 0x00, 0x00, 0x00, 0x00, 0x00, 0x00, 0x00, 0x00, 0x00, 0xF4 ; =..............
